session_id,device_id,customer_id,session_start,duration_minutes,avg_bitrate_kbps,packet_loss_pct,uptime_pct,dropped_connection,network_type
1,58,112,2026-01-14 04:06:40.330190,85.3,7498.0,0.53,94.47,1,Cellular Bonded
2,141,13,2025-11-08 06:18:52.562077,55.6,8255.0,0.3,99.7,0,Wired IP
3,72,13,2026-06-21 09:14:33.473511,66.7,10576.0,0.95,99.05,0,Satellite Hybrid
4,280,25,2025-09-28 15:44:57.935852,86.8,13042.0,0.8,99.2,0,WiFi
5,217,19,2026-07-29 22:52:56.612970,109.1,8159.0,0.11,94.89,1,Cellular Bonded
6,48,21,2026-04-11 16:16:47.230169,46.4,5624.0,0.11,99.89,0,Wired IP
7,259,64,2025-10-13 10:39:21.504178,77.7,6426.0,0.08,99.92,0,Wired IP
8,288,119,2026-07-24 16:39:26.147057,63.3,9390.0,0.85,99.15,0,Cellular Bonded
9,280,25,2025-12-02 18:42:30.837968,43.3,9597.0,0.96,99.04,0,Cellular Bonded
10,230,118,2026-05-02 17:48:15.063935,127.7,8858.0,0.12,99.88,0,Cellular Bonded
11,4,33,2026-01-16 21:48:55.389435,55.1,6513.0,0.33,99.67,0,Cellular Bonded
12,82,112,2026-02-10 08:52:50.177481,56.2,8474.0,0.13,99.87,0,Cellular Bonded
13,175,19,2026-02-06 14:49:11.033672,112.5,7409.0,0.2,99.8,0,Cellular Bonded
14,111,100,2026-01-31 23:36:32.858136,95.8,9692.0,0.08,99.92,0,WiFi
15,173,74,2025-10-10 00:55:25.000805,95.1,10442.0,0.26,99.74,0,Cellular Bonded
16,195,113,2025-10-26 19:39:03.407656,145.8,6150.0,0.36,99.64,0,Cellular Bonded
17,177,67,2026-03-25 00:50:39.400793,110.5,6858.0,0.12,99.88,0,Cellular Bonded
18,23,115,2026-05-17 15:57:36.901685,60.5,4938.0,1.16,98.84,0,Cellular Bonded
19,275,6,2025-10-07 01:39:54.927856,68.6,10915.0,0.7,99.3,0,Cellular Bonded
20,194,63,2025-09-12 17:19:27.934097,83.5,9445.0,0.1,99.9,0,Cellular Bonded
21,151,38,2026-05-27 07:05:49.349360,1.0,6583.0,0.15,99.85,0,WiFi
22,186,61,2026-06-26 03:11:37.663989,33.8,9600.0,0.81,99.19,0,WiFi
23,36,105,2025-12-20 07:21:16.275693,18.5,14410.0,0.31,99.69,0,Cellular Bonded
24,117,109,2026-06-01 18:52:54.459537,58.7,5033.0,0.3,99.7,0,Cellular Bonded
25,41,114,2025-11-23 18:24:36.451201,39.0,10343.0,0.97,99.03,0,Wired IP
26,52,73,2025-08-19 04:11:42.884668,58.5,4647.0,0.0,100.0,0,Satellite Hybrid
27,233,87,2026-05-10 06:37:29.019896,8.0,9515.0,0.33,99.67,0,Cellular Bonded
28,187,105,2026-06-19 22:48:51.012105,82.8,5512.0,0.16,99.84,0,Satellite Hybrid
29,182,58,2026-03-17 22:24:24.049362,76.9,7898.0,0.06,99.94,0,Cellular Bonded
30,137,17,2026-04-16 03:26:08.343582,27.5,12047.0,1.47,98.53,0,WiFi
31,37,7,2026-06-30 02:14:04.455082,113.6,9855.0,1.22,98.78,0,Wired IP
32,88,49,2026-01-28 05:54:17.854800,102.6,10115.0,0.06,99.94,0,Cellular Bonded
33,126,87,2026-02-11 01:00:59.818588,52.1,8119.0,0.26,99.74,0,Cellular Bonded
34,195,113,2025-12-17 14:12:51.355781,112.3,6348.0,1.13,98.87,0,Cellular Bonded
35,286,109,2026-05-23 17:13:05.249398,105.9,8229.0,0.03,99.97,0,WiFi
36,167,19,2026-01-02 22:26:35.907636,9.6,5232.0,1.52,98.48,0,Cellular Bonded
37,29,8,2026-07-24 18:24:08.673632,101.8,9381.0,0.02,99.98,0,WiFi
38,17,29,2026-07-01 16:16:00.025887,73.4,10201.0,0.38,99.62,0,Satellite Hybrid
39,206,45,2026-08-11 06:14:54.330831,79.9,7570.0,1.18,98.82,0,Satellite Hybrid
40,109,52,2025-11-13 09:53:12.952787,85.7,11270.0,0.26,99.74,0,WiFi
41,291,118,2026-01-05 00:54:48.239098,151.2,10931.0,0.61,99.39,0,Cellular Bonded
42,162,45,2026-06-26 17:12:59.591583,132.4,6849.0,0.36,99.64,0,WiFi
43,256,101,2026-01-15 04:30:19.051982,159.7,6940.0,0.16,99.84,0,Cellular Bonded
44,235,75,2025-12-12 09:15:04.273032,87.8,8938.0,0.23,99.77,0,Cellular Bonded
45,72,13,2026-02-06 21:26:49.633502,12.6,10996.0,0.31,99.69,0,Cellular Bonded
46,288,119,2026-07-17 16:14:46.587020,58.0,6101.0,0.1,99.9,0,Cellular Bonded
47,300,63,2026-01-04 09:40:18.984969,84.3,6950.0,0.08,99.92,0,Wired IP
48,299,26,2026-08-14 01:10:35.923950,110.3,7313.0,0.4,99.6,0,WiFi
49,113,23,2026-06-03 11:51:00.996324,66.1,11951.0,0.31,99.69,0,Cellular Bonded
50,71,55,2026-04-13 06:02:00.605838,48.6,8192.0,0.2,99.8,0,Satellite Hybrid
51,47,89,2025-10-12 18:18:35.054136,117.7,9098.0,0.43,99.57,0,Wired IP
52,57,99,2026-08-05 10:30:33.921724,29.5,4592.0,0.19,99.81,0,Cellular Bonded
53,82,112,2025-10-03 07:45:34.671817,45.4,9556.0,0.6,99.4,0,Cellular Bonded
54,217,19,2026-08-05 15:08:43.081825,131.4,11189.0,0.19,99.81,0,Cellular Bonded
55,198,33,2025-12-17 10:18:48.356876,36.9,7645.0,0.23,99.77,0,Cellular Bonded
56,240,72,2025-09-23 21:00:40.953936,129.4,3886.0,0.35,99.65,0,WiFi
57,284,30,2026-06-22 17:04:39.703455,75.7,6216.0,0.15,99.85,0,Cellular Bonded
58,6,51,2025-09-23 15:17:28.703619,133.7,11844.0,0.2,99.8,0,Cellular Bonded
59,59,36,2026-07-16 14:03:51.234274,82.3,7251.0,0.23,99.77,0,Cellular Bonded
60,275,6,2025-08-23 20:10:50.889154,143.0,6525.0,0.06,99.94,0,Cellular Bonded
61,175,19,2025-10-09 20:39:39.399051,88.5,8288.0,0.12,99.88,0,Cellular Bonded
62,223,49,2026-07-02 03:55:48.128818,121.2,3986.0,0.18,99.82,0,Cellular Bonded
63,2,35,2026-08-07 07:28:25.627561,93.3,10426.0,0.24,99.76,0,Wired IP
64,135,58,2025-09-14 13:17:18.243040,128.4,13769.0,0.01,99.99,0,Wired IP
65,92,105,2026-05-30 12:37:58.536993,52.1,6872.0,0.02,99.98,0,Satellite Hybrid
66,55,99,2025-11-22 23:34:30.294407,40.0,6658.0,0.04,99.96,0,Cellular Bonded
67,153,8,2026-04-02 18:04:18.439350,133.6,9930.0,0.2,99.8,0,Cellular Bonded
68,260,27,2026-01-10 08:03:23.804429,3.2,9259.0,0.3,99.7,0,Cellular Bonded
69,79,113,2025-09-16 13:21:37.519542,22.4,8230.0,0.06,99.94,0,Cellular Bonded
70,83,89,2025-12-16 04:16:15.936858,67.6,8301.0,0.07,99.93,0,Cellular Bonded
71,272,13,2026-04-21 09:44:24.546680,36.2,9210.0,0.11,99.89,0,Wired IP
72,166,31,2026-03-01 00:45:53.442458,97.2,4953.0,1.54,98.46,0,Cellular Bonded
73,58,112,2026-08-01 12:53:59.699381,72.4,8417.0,0.59,99.41,0,Cellular Bonded
74,158,116,2026-04-04 01:05:01.127159,89.7,8353.0,0.7,99.3,0,WiFi
75,124,5,2026-07-08 04:32:09.292316,1.0,10359.0,0.07,99.93,0,Satellite Hybrid
76,41,114,2026-02-12 08:36:34.245774,97.1,7004.0,2.0,98.0,0,WiFi
77,249,90,2026-03-03 17:32:26.727773,54.5,6731.0,0.05,99.95,0,WiFi
78,273,46,2026-03-31 15:15:31.521003,101.1,7653.0,0.84,99.16,0,Cellular Bonded
79,66,62,2025-11-11 22:32:01.752425,52.2,10370.0,0.14,99.86,0,Satellite Hybrid
80,282,10,2026-04-25 01:43:06.263394,109.4,4345.0,0.38,99.62,0,Satellite Hybrid
81,271,29,2025-12-01 03:26:13.453308,100.0,2608.0,0.36,99.64,0,Cellular Bonded
82,217,19,2025-11-09 06:43:09.540751,52.9,7913.0,0.35,99.65,0,Cellular Bonded
83,277,115,2025-09-20 05:31:50.926097,115.8,9744.0,0.28,99.72,0,Cellular Bonded
84,103,16,2026-08-10 08:53:55.732352,1.0,8427.0,0.26,99.74,0,Cellular Bonded
85,205,32,2026-05-22 19:17:22.475926,130.0,8813.0,0.5,99.5,0,Cellular Bonded
86,192,92,2026-05-02 04:28:49.840427,54.2,11155.0,0.91,99.09,0,Cellular Bonded
87,265,33,2025-09-23 22:15:39.683843,70.2,8950.0,0.19,99.81,0,Cellular Bonded
88,127,93,2025-10-17 23:14:10.870996,9.1,7762.0,0.07,99.93,0,Satellite Hybrid
89,174,90,2025-12-05 13:19:53.261350,147.0,8695.0,1.06,93.94,1,Cellular Bonded
90,284,30,2025-08-28 19:19:36.498696,31.8,8409.0,0.51,99.49,0,Cellular Bonded
91,113,23,2025-12-14 15:33:16.530463,22.7,8158.0,0.78,94.22,1,WiFi
92,31,26,2025-09-07 17:22:45.925572,41.8,5761.0,0.63,99.37,0,Cellular Bonded
93,17,29,2025-12-27 02:12:14.812095,59.2,9991.0,0.04,99.96,0,WiFi
94,37,7,2026-01-22 10:57:02.995347,84.1,2308.0,0.05,99.95,0,Cellular Bonded
95,143,42,2025-11-15 09:07:30.167679,74.9,13626.0,0.36,99.64,0,WiFi
96,110,85,2026-01-15 15:41:24.006538,22.6,9194.0,0.18,99.82,0,Wired IP
97,293,18,2026-04-24 02:56:48.813063,77.7,11774.0,0.12,99.88,0,Cellular Bonded
98,125,35,2025-10-22 23:11:32.238266,92.7,9144.0,0.45,99.55,0,WiFi
99,209,21,2025-10-21 03:29:48.220955,42.3,9080.0,0.22,99.78,0,Cellular Bonded
100,50,10,2026-03-28 17:27:15.394932,85.1,7099.0,0.26,99.74,0,Cellular Bonded
101,182,58,2026-01-04 21:10:35.074278,43.1,5656.0,0.1,99.9,0,Cellular Bonded
102,240,72,2026-04-24 14:38:09.026813,11.9,9882.0,0.4,99.6,0,Cellular Bonded
103,28,90,2026-02-15 21:45:50.408700,47.6,6273.0,0.36,99.64,0,WiFi
104,51,101,2026-03-19 02:44:14.663287,1.0,3065.0,0.52,99.48,0,Cellular Bonded
105,174,90,2025-11-10 23:54:53.222555,106.7,6700.0,0.37,99.63,0,Cellular Bonded
106,56,49,2026-04-08 02:22:41.041733,71.8,8629.0,0.12,99.88,0,Satellite Hybrid
107,98,78,2026-02-01 23:59:59.537683,1.0,11952.0,0.18,99.82,0,Cellular Bonded
108,72,13,2026-04-18 15:53:09.461235,24.1,13200.0,0.71,99.29,0,WiFi
109,143,42,2026-07-12 09:01:22.083587,72.8,6495.0,0.13,99.87,0,Satellite Hybrid
110,39,58,2026-02-04 01:47:10.581497,21.2,9832.0,0.24,99.76,0,Cellular Bonded
111,282,10,2025-12-01 05:39:02.266080,59.3,6678.0,0.18,99.82,0,Wired IP
112,277,115,2026-03-05 18:26:43.910581,1.0,6428.0,0.35,99.65,0,Cellular Bonded
113,48,21,2025-09-14 04:49:20.154048,69.4,8945.0,0.56,99.44,0,Cellular Bonded
114,122,14,2026-07-29 06:53:33.717653,2.8,3445.0,0.69,99.31,0,Cellular Bonded
115,249,90,2026-08-13 18:29:53.184668,1.0,6752.0,0.05,99.95,0,Wired IP
116,206,45,2025-12-05 10:35:58.277452,34.9,9973.0,0.45,99.55,0,Cellular Bonded
117,85,13,2026-08-04 10:01:09.613036,97.5,6284.0,0.8,99.2,0,Satellite Hybrid
118,200,117,2026-04-27 05:31:48.652442,15.5,8062.0,0.03,99.97,0,Cellular Bonded
119,233,87,2026-02-01 00:02:29.012860,37.7,5064.0,0.19,99.81,0,Cellular Bonded
120,285,114,2025-12-06 12:35:49.134590,67.4,3973.0,0.7,99.3,0,Cellular Bonded
121,250,8,2026-08-18 01:11:34.596656,83.0,6674.0,0.34,99.66,0,Satellite Hybrid
122,152,83,2026-06-25 17:45:32.151653,66.0,1829.0,0.2,99.8,0,Cellular Bonded
123,30,93,2025-09-26 04:06:22.035124,124.0,10709.0,0.3,99.7,0,WiFi
124,278,69,2026-01-04 10:50:18.485944,50.5,6875.0,0.68,99.32,0,Cellular Bonded
125,161,89,2025-12-27 06:32:52.556205,93.5,8301.0,0.34,99.66,0,Cellular Bonded
126,300,63,2025-12-04 05:50:50.232826,101.5,4006.0,0.06,99.94,0,Wired IP
127,272,13,2026-04-30 12:04:37.761211,44.3,10329.0,1.22,98.78,0,WiFi
128,261,118,2025-08-26 05:55:58.981349,33.0,8879.0,0.26,99.74,0,Cellular Bonded
129,96,71,2026-06-17 05:38:49.149051,60.7,7828.0,0.6,99.4,0,Cellular Bonded
130,35,115,2026-01-09 17:21:33.750021,91.3,8355.0,0.84,99.16,0,Cellular Bonded
131,121,39,2025-08-21 04:40:01.434824,67.0,7423.0,0.18,99.82,0,Cellular Bonded
132,292,65,2026-06-30 00:32:31.126707,11.8,8696.0,0.1,99.9,0,Cellular Bonded
133,21,46,2026-05-29 08:28:40.959869,90.8,11436.0,0.14,99.86,0,Cellular Bonded
134,215,36,2026-08-08 15:24:59.202820,36.6,10136.0,0.08,99.92,0,WiFi
135,290,33,2026-07-16 15:35:59.344665,125.8,11371.0,0.1,99.9,0,Cellular Bonded
136,134,74,2026-05-17 06:08:40.367733,41.3,6732.0,0.43,99.57,0,WiFi
137,161,89,2026-06-18 06:11:21.831331,100.1,9684.0,0.21,99.79,0,WiFi
138,203,44,2026-07-13 20:17:52.131310,80.2,2565.0,0.26,99.74,0,Cellular Bonded
139,154,112,2026-05-28 09:57:24.493598,81.7,7745.0,0.11,99.89,0,Cellular Bonded
140,38,68,2025-11-10 05:46:44.866802,119.8,7040.0,0.35,94.65,1,WiFi
141,289,120,2026-06-06 23:24:53.689993,83.3,5016.0,0.16,99.84,0,WiFi
142,38,68,2025-11-06 04:24:40.019323,17.2,9282.0,0.03,99.97,0,Cellular Bonded
143,260,27,2025-10-26 15:27:35.509997,9.5,6094.0,0.42,99.58,0,Cellular Bonded
144,179,13,2025-11-17 17:27:08.932396,37.5,6854.0,0.05,99.95,0,Wired IP
145,126,87,2026-05-21 01:18:13.756748,94.3,4904.0,0.67,99.33,0,Satellite Hybrid
146,81,84,2026-05-25 09:30:06.723486,52.7,10565.0,1.25,98.75,0,Cellular Bonded
147,279,47,2026-04-23 18:39:55.285330,76.7,6173.0,1.14,98.86,0,WiFi
148,271,29,2025-10-07 04:02:18.774198,57.1,7051.0,1.07,93.93,1,Cellular Bonded
149,284,30,2025-09-22 16:58:13.489207,88.5,9272.0,0.27,99.73,0,Cellular Bonded
150,54,64,2026-04-04 06:51:23.383329,4.6,7311.0,0.88,99.12,0,Cellular Bonded
151,69,12,2025-09-01 15:06:02.536844,63.8,8648.0,0.02,99.98,0,Cellular Bonded
152,55,99,2026-06-02 02:42:21.661577,96.7,11069.0,0.65,99.35,0,Cellular Bonded
153,80,62,2025-08-30 10:01:35.165182,65.4,6644.0,0.2,99.8,0,Cellular Bonded
154,108,25,2025-12-29 10:15:20.805207,21.9,3553.0,0.32,99.68,0,WiFi
155,105,69,2025-10-05 05:00:52.886479,60.0,6206.0,0.03,99.97,0,Cellular Bonded
156,136,108,2026-07-16 06:56:02.363022,72.0,8614.0,0.1,99.9,0,Wired IP
157,129,75,2025-12-15 12:05:39.489815,30.5,5799.0,0.03,99.97,0,Wired IP
158,27,81,2026-01-16 21:55:37.532745,103.5,7868.0,0.16,99.84,0,Cellular Bonded
159,217,19,2025-10-30 12:52:34.590895,24.6,7832.0,0.27,99.73,0,Wired IP
160,23,115,2026-06-01 08:19:42.196933,159.5,9053.0,0.07,94.93,1,Cellular Bonded
161,67,96,2026-07-04 04:21:26.425563,74.2,5729.0,0.04,99.96,0,Cellular Bonded
162,135,58,2025-12-29 18:59:03.489104,1.0,10436.0,0.07,99.93,0,Cellular Bonded
163,227,1,2026-02-17 09:55:29.825482,73.4,9281.0,0.27,99.73,0,Cellular Bonded
164,219,57,2025-11-25 17:19:20.386589,94.8,7100.0,0.12,99.88,0,Cellular Bonded
165,58,112,2025-10-17 07:17:17.506266,15.3,9514.0,1.53,98.47,0,WiFi
166,77,30,2026-07-17 21:40:02.751968,13.3,8585.0,0.02,99.98,0,Cellular Bonded
167,190,3,2026-07-28 21:42:46.081534,31.9,10273.0,0.31,99.69,0,WiFi
168,76,105,2026-08-06 08:56:03.505364,77.9,6294.0,0.04,99.96,0,Wired IP
169,22,2,2025-12-03 23:26:36.749952,17.2,7901.0,0.17,99.83,0,Cellular Bonded
170,21,46,2026-07-01 23:14:02.601166,97.1,10130.0,0.38,99.62,0,Cellular Bonded
171,108,25,2026-06-07 19:34:12.765085,105.1,8513.0,0.23,99.77,0,Cellular Bonded
172,53,24,2026-02-05 04:45:13.232138,118.1,8618.0,0.54,99.46,0,Wired IP
173,287,5,2025-09-14 17:24:56.880147,30.8,6448.0,0.85,99.15,0,WiFi
174,209,21,2026-05-20 12:48:43.832742,109.0,5855.0,0.68,99.32,0,Satellite Hybrid
175,80,62,2025-11-08 14:19:20.767954,25.5,11717.0,0.31,99.69,0,Cellular Bonded
176,122,14,2026-04-22 02:57:58.357516,74.2,8591.0,0.72,99.28,0,Cellular Bonded
177,91,61,2026-04-21 10:10:01.626680,98.1,9995.0,0.45,99.55,0,WiFi
178,13,40,2026-01-10 07:25:38.366859,60.8,11055.0,0.28,99.72,0,Cellular Bonded
179,171,39,2026-06-22 23:15:16.868355,127.5,4874.0,0.61,99.39,0,Cellular Bonded
180,211,118,2026-03-09 16:18:52.791795,80.8,5812.0,0.0,100.0,0,Cellular Bonded
181,128,107,2025-09-20 04:51:39.570669,48.4,5048.0,0.21,99.79,0,Wired IP
182,56,49,2026-01-09 06:34:22.984207,136.7,8203.0,0.04,99.96,0,Cellular Bonded
183,20,95,2025-11-22 18:37:55.695769,55.2,8277.0,0.27,99.73,0,Satellite Hybrid
184,114,16,2025-10-02 08:28:37.525248,52.7,8164.0,0.16,99.84,0,Satellite Hybrid
185,236,12,2025-12-30 18:53:07.162152,83.2,5956.0,0.55,99.45,0,Wired IP
186,117,109,2026-05-18 15:46:54.513237,87.1,6766.0,0.29,99.71,0,Cellular Bonded
187,99,95,2025-11-21 22:30:24.200391,79.4,6552.0,0.11,99.89,0,Cellular Bonded
188,143,42,2026-01-04 07:52:12.969182,95.9,10206.0,0.14,99.86,0,Cellular Bonded
189,143,42,2026-04-08 08:01:32.535637,62.5,13677.0,0.08,99.92,0,WiFi
190,261,118,2025-12-31 20:11:12.555817,77.2,4558.0,1.56,98.44,0,Cellular Bonded
191,275,6,2026-04-21 13:56:13.845452,93.7,12189.0,0.35,99.65,0,WiFi
192,15,43,2026-02-06 08:18:39.932718,41.7,4748.0,0.25,99.75,0,Cellular Bonded
193,134,74,2026-04-01 09:32:47.153089,92.8,7743.0,0.49,99.51,0,Satellite Hybrid
194,136,108,2026-07-28 12:47:17.467255,69.0,8365.0,0.0,95.0,1,Cellular Bonded
195,223,49,2025-12-15 23:22:15.693103,46.4,7135.0,0.2,99.8,0,Wired IP
196,161,89,2026-03-28 22:37:36.572660,52.2,7954.0,0.13,99.87,0,Cellular Bonded
197,262,63,2026-04-11 15:46:39.762473,100.5,6268.0,1.47,98.53,0,Cellular Bonded
198,296,49,2026-04-07 04:28:10.052066,111.4,7402.0,0.12,99.88,0,Cellular Bonded
199,23,115,2026-02-03 17:09:01.534078,107.1,13083.0,0.17,99.83,0,Cellular Bonded
200,1,50,2026-05-01 03:49:48.412976,58.2,8277.0,0.11,99.89,0,WiFi
201,276,82,2026-04-12 05:40:54.949557,22.5,8345.0,0.86,99.14,0,Cellular Bonded
202,101,83,2025-09-29 19:54:51.572662,84.5,9388.0,0.39,99.61,0,Cellular Bonded
203,36,105,2025-09-03 19:00:09.750697,31.5,9527.0,0.17,99.83,0,Cellular Bonded
204,170,54,2025-08-31 19:44:06.280809,40.7,12073.0,0.04,99.96,0,WiFi
205,64,24,2026-08-16 19:00:03.615282,80.0,8088.0,0.1,99.9,0,Cellular Bonded
206,154,112,2025-09-29 15:02:52.792528,122.5,8525.0,0.32,99.68,0,Satellite Hybrid
207,210,80,2025-11-11 22:47:41.291667,87.1,6912.0,0.22,99.78,0,Cellular Bonded
208,152,83,2026-03-02 11:08:43.524181,20.0,9625.0,0.04,99.96,0,Wired IP
209,99,95,2026-01-07 02:37:54.091143,130.3,7348.0,0.14,99.86,0,WiFi
210,195,113,2025-12-31 16:08:17.368192,52.9,5963.0,1.53,98.47,0,WiFi
211,90,12,2026-07-30 19:12:28.972574,1.0,7909.0,0.82,99.18,0,Cellular Bonded
212,155,109,2026-04-29 11:35:22.208960,96.8,10022.0,0.01,99.99,0,Cellular Bonded
213,1,50,2026-03-03 10:19:33.441112,26.0,9149.0,0.12,99.88,0,Wired IP
214,108,25,2026-03-20 15:23:10.985455,128.3,8950.0,0.33,99.67,0,Satellite Hybrid
215,297,11,2026-05-10 11:25:37.938637,54.3,6258.0,0.13,99.87,0,Cellular Bonded
216,165,70,2026-07-07 10:47:45.079094,44.3,11019.0,0.24,99.76,0,Cellular Bonded
217,227,1,2026-04-14 07:27:56.369432,59.9,5807.0,0.09,99.91,0,Cellular Bonded
218,262,63,2026-06-18 13:40:22.318129,54.7,6176.0,0.57,99.43,0,Cellular Bonded
219,87,19,2026-03-30 23:25:31.916369,107.0,4549.0,0.09,99.91,0,Wired IP
220,146,27,2026-07-27 00:43:38.847741,1.0,10658.0,0.33,99.67,0,Cellular Bonded
221,172,91,2025-11-28 08:30:47.839669,2.4,11244.0,0.91,99.09,0,Cellular Bonded
222,121,39,2026-04-27 05:14:32.621917,166.7,8457.0,0.01,99.99,0,Cellular Bonded
223,116,39,2025-11-05 13:12:43.660653,96.3,9419.0,0.15,99.85,0,WiFi
224,76,105,2026-01-27 13:41:01.502885,78.6,6644.0,0.15,94.85,1,Wired IP
225,126,87,2025-11-12 10:17:40.164531,22.7,7897.0,0.52,99.48,0,Cellular Bonded
226,38,68,2025-12-28 15:11:56.361207,30.5,8909.0,0.46,99.54,0,Cellular Bonded
227,295,111,2026-08-11 07:35:22.611262,44.0,4857.0,1.45,98.55,0,Cellular Bonded
228,197,56,2025-12-30 07:55:40.760784,84.4,7411.0,0.05,99.95,0,WiFi
229,125,35,2026-07-13 09:26:44.017134,11.9,10708.0,0.12,99.88,0,WiFi
230,3,33,2026-04-10 15:01:22.793858,67.8,10605.0,0.11,99.89,0,Cellular Bonded
231,55,99,2025-09-09 08:11:52.873066,74.7,6852.0,0.22,99.78,0,Wired IP
232,113,23,2025-11-26 22:42:26.565271,33.6,9522.0,0.38,99.62,0,Cellular Bonded
233,266,117,2026-08-06 16:08:34.162493,128.3,9284.0,0.66,99.34,0,WiFi
234,286,109,2026-07-30 15:57:59.999919,45.4,8743.0,0.15,99.85,0,Cellular Bonded
235,63,96,2026-06-15 02:25:34.364173,28.1,9260.0,0.43,99.57,0,Wired IP
236,238,96,2025-09-20 16:52:05.916862,99.7,7055.0,0.1,99.9,0,Cellular Bonded
237,287,5,2025-11-03 15:58:18.032888,123.3,6711.0,0.94,99.06,0,Cellular Bonded
238,227,1,2026-04-08 16:17:34.766279,76.3,9866.0,0.83,99.17,0,Cellular Bonded
239,259,64,2026-08-07 17:25:50.787768,49.8,5153.0,0.19,99.81,0,Cellular Bonded
240,281,66,2025-09-05 16:50:14.711597,26.9,7241.0,0.21,99.79,0,WiFi
241,82,112,2025-12-17 23:34:53.364900,49.9,7959.0,0.22,99.78,0,Cellular Bonded
242,244,28,2026-08-14 04:44:29.391741,86.6,10212.0,0.73,99.27,0,Wired IP
243,127,93,2026-06-01 12:24:17.157167,105.1,13142.0,0.4,99.6,0,Cellular Bonded
244,142,40,2025-11-01 03:31:08.208174,33.9,13228.0,0.1,99.9,0,Cellular Bonded
245,267,84,2026-06-17 03:43:19.164925,60.2,7453.0,0.02,99.98,0,Satellite Hybrid
246,123,95,2026-03-08 13:06:48.159027,98.2,6618.0,0.03,99.97,0,Cellular Bonded
247,40,117,2026-03-20 06:59:59.463765,91.2,11819.0,0.03,99.97,0,Wired IP
248,121,39,2026-06-11 00:50:44.723737,50.7,9986.0,0.17,99.83,0,Wired IP
249,164,36,2025-11-11 07:00:47.585830,87.4,13632.0,0.73,99.27,0,Cellular Bonded
250,42,109,2026-05-27 21:55:59.687458,1.0,6760.0,0.62,99.38,0,Satellite Hybrid
251,119,42,2026-06-02 02:59:50.987714,16.0,9965.0,0.1,99.9,0,Cellular Bonded
252,79,113,2026-03-23 19:05:32.559392,72.3,12273.0,0.01,99.99,0,Wired IP
253,33,90,2025-11-27 10:54:53.804557,20.2,7725.0,0.17,99.83,0,Cellular Bonded
254,170,54,2026-08-12 10:45:07.967174,122.3,7321.0,0.41,99.59,0,WiFi
255,213,75,2026-08-13 17:24:29.964855,50.5,6744.0,0.62,99.38,0,Wired IP
256,216,99,2026-03-03 10:31:37.632255,29.2,5673.0,0.26,99.74,0,Wired IP
257,300,63,2026-06-05 17:28:07.603487,40.1,4128.0,0.89,99.11,0,Cellular Bonded
258,11,65,2025-09-27 08:46:53.212500,69.2,6826.0,0.95,99.05,0,Cellular Bonded
259,295,111,2026-06-30 12:38:11.055853,1.0,4167.0,0.26,99.74,0,Satellite Hybrid
260,4,33,2025-10-05 08:26:38.159425,1.0,4375.0,0.26,99.74,0,Satellite Hybrid
261,153,8,2025-12-27 00:16:02.602690,111.4,8303.0,0.02,99.98,0,WiFi
262,215,36,2026-06-02 01:08:17.689915,45.6,9939.0,0.25,99.75,0,Cellular Bonded
263,280,25,2026-03-21 04:38:16.825481,45.3,4643.0,0.02,99.98,0,Cellular Bonded
264,113,23,2025-08-23 23:58:42.789032,41.8,10134.0,0.68,99.32,0,Cellular Bonded
265,140,46,2025-11-23 02:35:42.852645,72.8,10481.0,0.01,99.99,0,WiFi
266,15,43,2025-10-03 12:14:51.512053,62.4,6524.0,1.06,98.94,0,Cellular Bonded
267,208,47,2026-01-18 21:44:22.962401,124.2,6227.0,0.86,99.14,0,WiFi
268,240,72,2025-09-28 17:23:53.310825,98.7,5086.0,0.14,99.86,0,WiFi
269,274,35,2025-09-10 10:33:01.947588,97.4,9338.0,0.02,94.98,1,Wired IP
270,202,58,2026-01-28 21:02:32.396356,97.7,4987.0,0.64,99.36,0,WiFi
271,14,74,2025-12-28 09:31:48.285002,72.7,5953.0,0.32,99.68,0,Wired IP
272,220,18,2026-03-22 22:48:19.249244,1.0,5760.0,0.55,99.45,0,Cellular Bonded
273,237,74,2026-01-30 05:43:21.052974,118.2,11317.0,0.88,99.12,0,Satellite Hybrid
274,134,74,2025-11-07 02:42:34.794365,19.4,8017.0,0.05,99.95,0,Cellular Bonded
275,109,52,2026-03-30 18:38:50.998292,83.1,5313.0,0.54,99.46,0,Cellular Bonded
276,173,74,2026-05-10 17:04:04.510354,87.4,10294.0,0.3,99.7,0,Cellular Bonded
277,195,113,2026-07-15 23:15:29.875654,57.6,6078.0,0.96,99.04,0,WiFi
278,216,99,2026-04-15 18:20:40.500573,58.0,4287.0,0.68,99.32,0,Cellular Bonded
279,42,109,2025-12-06 08:17:32.490647,106.9,7162.0,0.21,99.79,0,Cellular Bonded
280,277,115,2026-04-10 02:00:11.202509,109.7,8329.0,0.36,99.64,0,Cellular Bonded
281,180,114,2025-08-29 14:37:50.224208,27.8,2610.0,0.35,99.65,0,WiFi
282,36,105,2026-08-17 18:17:59.024323,61.9,7136.0,0.3,99.7,0,Cellular Bonded
283,21,46,2026-06-23 12:52:11.121087,83.0,5426.0,0.02,99.98,0,WiFi
284,127,93,2026-01-20 20:17:14.059242,58.8,9076.0,0.29,99.71,0,Cellular Bonded
285,11,65,2025-09-26 15:34:13.376848,82.5,11316.0,0.04,99.96,0,WiFi
286,123,95,2026-05-05 07:02:25.925539,113.9,8278.0,0.35,99.65,0,Satellite Hybrid
287,59,36,2026-01-27 03:45:10.570202,66.1,9045.0,0.06,99.94,0,Cellular Bonded
288,112,53,2026-07-12 12:09:40.570876,1.0,4373.0,0.15,99.85,0,Cellular Bonded
289,132,76,2025-12-13 19:43:47.565969,21.2,7910.0,0.72,99.28,0,Cellular Bonded
290,86,59,2025-10-11 09:16:04.167727,46.0,2283.0,0.23,99.77,0,Wired IP
291,59,36,2025-10-03 07:16:50.046917,30.5,8237.0,0.37,99.63,0,Cellular Bonded
292,84,86,2026-04-03 03:20:30.140912,170.3,3486.0,0.07,99.93,0,Cellular Bonded
293,56,49,2026-03-19 22:04:39.838417,47.7,10550.0,0.7,99.3,0,WiFi
294,160,71,2026-05-05 04:51:47.788164,66.2,4695.0,0.45,99.55,0,Cellular Bonded
295,193,62,2026-01-04 06:48:33.526743,71.8,11151.0,0.07,99.93,0,Satellite Hybrid
296,102,111,2026-03-24 07:26:50.131817,44.1,9412.0,0.61,99.39,0,WiFi
297,125,35,2025-12-03 21:18:30.482886,23.1,4997.0,0.63,99.37,0,Cellular Bonded
298,155,109,2026-02-18 18:50:01.869494,37.2,9137.0,0.77,99.23,0,WiFi
299,62,103,2026-01-22 06:40:48.708044,131.6,11905.0,0.17,99.83,0,Cellular Bonded
300,290,33,2026-06-03 18:00:15.332151,37.9,8189.0,0.46,99.54,0,Cellular Bonded
301,178,45,2025-09-29 00:05:53.603189,65.8,9634.0,0.04,99.96,0,WiFi
302,190,3,2026-04-14 05:38:06.516431,1.0,7803.0,0.27,99.73,0,Cellular Bonded
303,175,19,2026-07-04 15:16:12.487865,1.0,12841.0,0.37,94.63,1,Wired IP
304,216,99,2026-03-07 11:56:49.177050,119.5,5921.0,0.9,99.1,0,Cellular Bonded
305,55,99,2026-06-30 04:15:52.809431,149.4,5079.0,0.36,99.64,0,WiFi
306,186,61,2026-01-22 05:32:48.002110,71.5,7981.0,0.02,99.98,0,Cellular Bonded
307,236,12,2026-07-08 10:15:03.712001,9.6,10408.0,0.11,99.89,0,Cellular Bonded
308,223,49,2026-01-16 07:07:30.920337,100.4,9973.0,1.06,98.94,0,Cellular Bonded
309,268,77,2026-06-16 06:42:28.233504,68.2,10699.0,0.4,99.6,0,Satellite Hybrid
310,139,7,2026-01-10 18:58:49.102244,43.9,10535.0,0.53,99.47,0,Cellular Bonded
311,276,82,2026-05-11 13:49:37.581588,60.1,7109.0,0.4,99.6,0,Cellular Bonded
312,239,16,2025-12-10 07:56:40.932607,83.7,9215.0,0.86,99.14,0,WiFi
313,138,102,2025-12-10 07:43:39.420992,56.1,5819.0,0.51,99.49,0,Cellular Bonded
314,126,87,2025-11-19 06:48:01.521018,83.8,3360.0,0.4,99.6,0,Satellite Hybrid
315,45,120,2026-08-01 08:06:25.251378,36.4,8840.0,0.74,99.26,0,Cellular Bonded
316,231,3,2026-04-25 22:55:57.827985,18.4,7821.0,0.5,99.5,0,WiFi
317,238,96,2026-02-07 08:45:47.109751,82.1,7152.0,0.21,99.79,0,Cellular Bonded
318,195,113,2025-09-20 12:56:16.198780,46.2,6256.0,0.01,99.99,0,Satellite Hybrid
319,254,28,2025-09-18 09:35:41.392029,71.9,11007.0,0.1,99.9,0,Cellular Bonded
320,94,76,2026-01-22 21:22:26.454296,48.7,4543.0,0.57,99.43,0,Cellular Bonded
321,182,58,2026-05-17 01:02:07.031913,92.1,9015.0,0.24,99.76,0,WiFi
322,175,19,2026-01-01 06:27:55.224824,147.1,10045.0,0.3,99.7,0,Cellular Bonded
323,142,40,2025-10-04 17:39:26.622912,34.3,5415.0,0.14,99.86,0,Satellite Hybrid
324,265,33,2025-09-09 03:12:43.415549,37.2,11893.0,0.07,99.93,0,Wired IP
325,44,29,2026-08-02 10:40:16.232336,87.2,10031.0,0.13,99.87,0,Cellular Bonded
326,209,21,2026-03-11 06:36:24.298950,93.3,10326.0,0.36,99.64,0,Wired IP
327,124,5,2026-04-19 19:40:49.882441,26.3,14094.0,0.17,99.83,0,Wired IP
328,252,60,2026-01-15 04:47:56.802469,58.2,8374.0,0.33,99.67,0,Wired IP
329,9,12,2026-07-03 03:21:37.277860,99.3,8378.0,1.15,98.85,0,Cellular Bonded
330,114,16,2026-07-27 18:55:20.088951,89.1,7576.0,0.45,99.55,0,Cellular Bonded
331,125,35,2026-01-19 15:03:14.353143,68.1,6613.0,1.06,98.94,0,WiFi
332,298,85,2026-07-18 13:23:27.163504,31.3,9026.0,0.12,99.88,0,Wired IP
333,284,30,2025-09-06 00:26:17.375661,41.8,5924.0,0.06,99.94,0,WiFi
334,218,20,2025-12-01 05:37:51.046799,154.6,6974.0,3.01,96.99,0,Cellular Bonded
335,282,10,2025-12-10 07:04:24.305023,1.0,7925.0,0.8,99.2,0,Cellular Bonded
336,233,87,2025-09-25 01:21:41.490555,76.5,5915.0,0.59,99.41,0,Cellular Bonded
337,129,75,2026-02-19 11:08:31.698945,53.5,8819.0,0.32,99.68,0,Cellular Bonded
338,99,95,2025-10-13 17:18:21.573354,31.8,11543.0,0.82,99.18,0,WiFi
339,275,6,2026-02-10 06:09:47.245255,111.0,9433.0,0.56,99.44,0,Cellular Bonded
340,95,9,2026-06-23 12:39:43.792659,91.9,7589.0,0.05,99.95,0,WiFi
341,248,36,2025-12-24 01:03:20.915724,51.3,12912.0,0.35,99.65,0,Cellular Bonded
342,269,92,2026-03-09 07:08:26.507911,69.5,7223.0,0.69,99.31,0,WiFi
343,52,73,2025-09-29 04:13:36.291135,28.0,8253.0,0.47,99.53,0,Cellular Bonded
344,152,83,2025-11-27 22:14:45.880985,72.1,8206.0,0.01,99.99,0,WiFi
345,92,105,2025-11-08 19:05:30.804553,91.4,7311.0,0.12,99.88,0,WiFi
346,274,35,2026-01-21 21:09:28.002060,121.5,6623.0,0.24,99.76,0,Cellular Bonded
347,24,114,2026-03-11 00:19:09.067791,47.3,7160.0,0.78,99.22,0,Satellite Hybrid
348,284,30,2026-05-25 09:10:00.571306,57.3,6271.0,0.18,99.82,0,Cellular Bonded
349,65,23,2026-04-02 04:37:06.606745,1.0,6187.0,0.17,99.83,0,WiFi
350,252,60,2026-04-21 15:09:54.286860,90.1,4934.0,0.34,99.66,0,Satellite Hybrid
351,7,43,2026-03-09 11:17:45.011649,88.6,12978.0,0.85,99.15,0,WiFi
352,241,102,2026-03-28 13:06:04.343310,115.5,8449.0,0.37,99.63,0,Cellular Bonded
353,175,19,2026-04-15 08:57:15.070897,46.1,7006.0,0.92,99.08,0,WiFi
354,27,81,2026-04-28 09:11:40.016641,71.0,9589.0,0.26,99.74,0,Cellular Bonded
355,245,117,2025-08-28 19:22:43.580142,99.0,12432.0,1.85,98.15,0,Cellular Bonded
356,34,34,2025-11-25 23:49:55.400908,150.1,9082.0,0.41,99.59,0,Satellite Hybrid
357,38,68,2026-05-23 13:09:37.446343,38.2,9574.0,0.52,99.48,0,Satellite Hybrid
358,28,90,2026-07-20 15:16:28.096975,19.5,5651.0,1.6,98.4,0,Cellular Bonded
359,289,120,2025-12-24 09:01:23.733304,109.9,9294.0,1.18,98.82,0,Cellular Bonded
360,44,29,2025-10-23 11:00:28.621401,77.0,12363.0,0.03,99.97,0,WiFi
361,61,113,2025-10-09 12:44:30.076577,83.0,8496.0,0.28,99.72,0,Cellular Bonded
362,214,101,2026-04-15 04:41:28.187271,61.0,6640.0,0.14,99.86,0,WiFi
363,116,39,2025-09-12 15:21:22.331703,83.2,7630.0,1.31,98.69,0,Satellite Hybrid
364,195,113,2026-05-15 17:19:17.037427,12.7,8479.0,0.25,99.75,0,Satellite Hybrid
365,227,1,2026-08-07 23:42:44.788815,62.7,10808.0,0.91,99.09,0,WiFi
366,220,18,2025-09-20 17:36:23.407358,1.0,9496.0,0.43,99.57,0,Cellular Bonded
367,31,26,2026-02-27 21:15:31.417720,63.8,13696.0,0.21,99.79,0,Wired IP
368,51,101,2026-01-02 13:32:42.906131,4.6,8303.0,0.25,99.75,0,Wired IP
369,107,12,2026-01-30 20:05:37.454517,44.8,6569.0,0.01,99.99,0,Cellular Bonded
370,136,108,2025-10-14 16:46:38.929508,86.4,9898.0,0.18,99.82,0,WiFi
371,81,84,2025-12-09 23:57:49.109742,86.0,7696.0,1.37,98.63,0,Cellular Bonded
372,283,56,2025-12-14 15:37:35.951860,81.3,9322.0,0.15,99.85,0,Cellular Bonded
373,2,35,2026-07-27 21:21:14.026377,124.4,7449.0,1.29,98.71,0,WiFi
374,241,102,2026-03-23 21:12:49.429616,77.2,10637.0,0.72,99.28,0,WiFi
375,119,42,2026-07-06 16:38:47.961560,100.8,2708.0,0.65,99.35,0,Cellular Bonded
376,145,50,2025-10-14 00:45:01.517910,45.4,9172.0,0.29,99.71,0,WiFi
377,233,87,2026-05-20 15:18:13.214484,31.2,5955.0,0.21,99.79,0,Wired IP
378,120,58,2025-09-05 09:41:17.940540,64.7,9538.0,0.29,99.71,0,Cellular Bonded
379,102,111,2025-09-17 00:27:12.998006,35.8,8605.0,0.01,99.99,0,Cellular Bonded
380,279,47,2026-01-26 23:48:58.156920,1.0,6944.0,0.39,99.61,0,Wired IP
381,77,30,2026-01-20 00:29:51.279947,114.8,3210.0,0.21,99.79,0,WiFi
382,73,23,2026-03-27 20:17:23.025342,84.5,9644.0,0.1,99.9,0,Wired IP
383,85,13,2026-01-16 10:22:05.776868,82.7,5838.0,0.1,99.9,0,Cellular Bonded
384,292,65,2025-11-04 22:18:43.897235,84.7,12255.0,0.22,99.78,0,Cellular Bonded
385,225,15,2026-02-21 06:21:59.768576,57.7,8433.0,0.22,99.78,0,Wired IP
386,156,65,2025-12-22 05:46:00.087833,52.4,10758.0,0.58,99.42,0,WiFi
387,140,46,2025-09-27 17:13:19.091181,69.5,10458.0,0.09,99.91,0,Cellular Bonded
388,253,50,2026-04-22 19:33:39.392590,94.8,3937.0,0.01,99.99,0,Satellite Hybrid
389,21,46,2026-03-22 18:08:47.592340,8.8,5672.0,0.85,99.15,0,Cellular Bonded
390,166,31,2026-02-26 14:10:11.087298,38.9,11033.0,0.7,99.3,0,Cellular Bonded
391,14,74,2025-12-08 19:46:15.838840,40.8,7878.0,0.14,99.86,0,Wired IP
392,295,111,2025-11-06 17:40:27.493721,103.1,2481.0,0.3,99.7,0,Satellite Hybrid
393,11,65,2026-08-12 14:24:36.525010,58.1,6619.0,0.51,99.49,0,Cellular Bonded
394,138,102,2025-09-07 05:39:49.170275,104.8,7594.0,0.02,99.98,0,Cellular Bonded
395,90,12,2025-10-31 20:39:50.135937,109.3,5732.0,0.41,99.59,0,Cellular Bonded
396,227,1,2026-07-29 07:40:03.454825,88.6,11492.0,0.91,99.09,0,WiFi
397,93,19,2026-05-25 08:26:22.653171,30.8,5691.0,0.05,99.95,0,Cellular Bonded
398,224,14,2026-05-24 04:30:14.948782,93.2,6122.0,0.31,99.69,0,Cellular Bonded
399,252,60,2025-12-01 21:33:21.059359,13.4,3501.0,0.56,99.44,0,Cellular Bonded
400,241,102,2025-10-01 00:53:56.928990,70.3,3627.0,0.13,99.87,0,Satellite Hybrid
401,171,39,2026-02-15 19:17:38.686846,1.0,7266.0,1.19,98.81,0,Satellite Hybrid
402,54,64,2026-01-22 10:40:20.781766,71.9,5352.0,0.61,99.39,0,WiFi
403,169,108,2025-10-04 09:30:42.756464,16.8,7547.0,0.08,99.92,0,Cellular Bonded
404,254,28,2026-02-28 15:39:13.526941,54.0,8551.0,0.05,99.95,0,Wired IP
405,206,45,2025-11-10 05:42:42.804828,56.8,7830.0,0.02,99.98,0,Cellular Bonded
406,282,10,2026-03-10 04:40:33.378840,90.7,5215.0,0.07,94.93,1,Cellular Bonded
407,46,36,2026-04-19 02:27:51.918639,94.5,10853.0,0.23,99.77,0,Cellular Bonded
408,166,31,2025-12-25 12:33:55.917741,57.7,3087.0,0.28,99.72,0,Cellular Bonded
409,207,61,2026-01-10 04:26:44.829041,49.0,8750.0,0.64,99.36,0,Satellite Hybrid
410,1,50,2026-05-16 02:42:55.794908,67.2,15308.0,0.49,99.51,0,Cellular Bonded
411,278,69,2026-01-24 11:25:24.738998,1.0,11374.0,0.15,99.85,0,Cellular Bonded
412,28,90,2026-02-02 01:36:34.949925,81.8,7243.0,0.66,99.34,0,WiFi
413,186,61,2025-09-15 15:52:20.421301,5.4,10537.0,0.68,99.32,0,Cellular Bonded
414,256,101,2025-12-10 12:25:57.986580,56.8,6824.0,1.1,98.9,0,Wired IP
415,27,81,2026-01-21 22:39:48.859277,66.1,8255.0,0.11,99.89,0,Cellular Bonded
416,282,10,2026-01-12 20:51:13.771246,15.9,6913.0,0.21,99.79,0,Wired IP
417,148,5,2026-04-08 21:58:36.004693,105.4,7536.0,0.37,99.63,0,Cellular Bonded
418,249,90,2025-12-01 22:09:08.087903,38.1,7417.0,0.16,99.84,0,WiFi
419,123,95,2026-01-13 02:11:34.627254,71.6,7899.0,0.61,99.39,0,WiFi
420,160,71,2026-08-05 22:33:28.642553,75.6,7099.0,0.62,99.38,0,Satellite Hybrid
421,283,56,2025-10-19 23:29:42.616422,63.9,7332.0,1.51,98.49,0,Cellular Bonded
422,116,39,2026-07-30 03:43:55.813981,80.5,8097.0,0.32,99.68,0,Cellular Bonded
423,59,36,2026-02-02 04:36:41.993016,11.1,8936.0,0.29,99.71,0,Cellular Bonded
424,61,113,2026-04-26 23:22:01.547807,80.6,14135.0,0.54,99.46,0,Satellite Hybrid
425,79,113,2025-12-28 07:53:53.033660,139.9,9223.0,0.06,99.94,0,Satellite Hybrid
426,150,37,2026-01-24 15:44:07.956374,60.3,6192.0,0.48,99.52,0,Cellular Bonded
427,140,46,2025-09-25 21:11:01.637752,69.6,5810.0,0.41,99.59,0,WiFi
428,248,36,2026-01-24 06:39:56.651670,105.3,2985.0,0.24,99.76,0,WiFi
429,125,35,2026-01-11 10:02:45.361909,96.1,14309.0,0.11,99.89,0,Cellular Bonded
430,75,99,2025-09-15 22:44:42.355194,151.2,5556.0,0.1,99.9,0,Wired IP
431,261,118,2026-07-02 00:21:02.521521,7.2,11576.0,0.02,99.98,0,Satellite Hybrid
432,70,113,2026-05-17 11:41:14.508868,89.8,7593.0,0.31,99.69,0,Wired IP
433,142,40,2025-11-07 02:54:18.202325,93.9,5764.0,0.38,99.62,0,WiFi
434,213,75,2026-05-29 15:32:29.735626,90.9,5206.0,0.28,99.72,0,WiFi
435,260,27,2025-09-15 02:52:40.015118,94.1,7193.0,0.04,99.96,0,WiFi
436,2,35,2026-04-06 09:22:37.521958,75.4,8743.0,0.29,99.71,0,Cellular Bonded
437,153,8,2026-02-27 22:19:43.398147,143.6,9349.0,0.48,99.52,0,Cellular Bonded
438,297,11,2025-10-28 00:30:13.412042,107.4,9281.0,0.02,99.98,0,Wired IP
439,251,58,2026-05-28 14:13:32.084733,62.0,7395.0,0.01,99.99,0,Cellular Bonded
440,229,54,2025-12-24 09:41:30.642299,55.1,9744.0,0.22,99.78,0,Cellular Bonded
441,177,67,2026-08-03 00:40:39.153868,128.8,12085.0,0.19,99.81,0,Cellular Bonded
442,279,47,2026-04-10 20:25:16.347409,54.2,10231.0,0.27,99.73,0,Cellular Bonded
443,165,70,2025-10-11 03:37:33.084088,46.0,11315.0,0.29,99.71,0,Cellular Bonded
444,123,95,2025-09-24 18:23:14.880448,49.3,11674.0,0.09,99.91,0,WiFi
445,120,58,2025-11-19 16:14:54.475222,99.1,7028.0,0.99,99.01,0,Wired IP
446,211,118,2025-10-20 13:44:20.784355,105.0,7407.0,0.41,99.59,0,WiFi
447,243,24,2025-10-13 01:00:25.984082,195.4,7868.0,0.06,99.94,0,WiFi
448,196,25,2026-05-22 08:37:29.087743,65.1,1245.0,0.62,99.38,0,Satellite Hybrid
449,78,17,2025-09-14 17:53:17.256503,80.9,4715.0,0.21,99.79,0,Cellular Bonded
450,19,12,2026-07-31 11:57:12.610955,104.2,5484.0,0.0,100.0,0,Cellular Bonded
451,170,54,2026-04-04 11:09:18.668481,124.5,8213.0,1.14,98.86,0,WiFi
452,226,31,2026-02-03 14:23:43.390431,97.4,9366.0,0.24,99.76,0,WiFi
453,234,57,2026-03-12 00:35:06.470796,139.8,3036.0,0.12,94.88,1,WiFi
454,74,89,2026-03-17 18:25:04.318702,45.3,9424.0,0.66,99.34,0,WiFi
455,80,62,2026-04-23 21:06:15.369438,9.6,11623.0,0.13,99.87,0,Cellular Bonded
456,136,108,2026-07-06 05:18:35.024744,90.5,7283.0,0.03,99.97,0,WiFi
457,204,45,2026-04-09 22:56:48.551825,77.3,2608.0,0.63,99.37,0,Wired IP
458,169,108,2026-08-13 08:41:16.958210,44.6,2815.0,0.21,99.79,0,Cellular Bonded
459,274,35,2025-12-14 05:20:08.116148,50.3,3410.0,0.21,99.79,0,WiFi
460,163,4,2026-08-07 16:22:38.235778,56.1,1976.0,0.22,99.78,0,WiFi
461,250,8,2025-12-11 15:24:04.752674,68.9,10802.0,0.62,99.38,0,Cellular Bonded
462,19,12,2026-01-25 18:27:55.996450,1.0,9377.0,0.21,99.79,0,WiFi
463,121,39,2026-02-05 09:55:11.881352,109.8,12585.0,0.05,99.95,0,Cellular Bonded
464,148,5,2026-04-05 17:15:39.212097,29.1,6726.0,0.11,99.89,0,Cellular Bonded
465,47,89,2026-06-04 22:20:00.877091,113.0,6025.0,0.34,99.66,0,Wired IP
466,51,101,2026-03-22 03:07:33.398103,124.9,6742.0,0.82,99.18,0,WiFi
467,52,73,2025-12-24 17:04:22.244868,124.6,6706.0,0.09,99.91,0,Cellular Bonded
468,154,112,2025-09-14 07:42:08.935988,154.5,11461.0,0.01,99.99,0,Wired IP
469,24,114,2026-02-02 19:01:42.834609,63.3,12829.0,1.08,98.92,0,Cellular Bonded
470,29,8,2025-08-31 23:11:48.066971,65.4,8995.0,0.05,99.95,0,WiFi
471,192,92,2025-12-30 20:12:59.294655,108.7,9790.0,1.21,98.79,0,WiFi
472,126,87,2025-12-01 00:47:29.438340,106.1,8801.0,0.45,99.55,0,Cellular Bonded
473,290,33,2026-04-10 13:37:05.751863,54.5,8910.0,0.5,99.5,0,Wired IP
474,93,19,2026-08-10 00:24:27.827614,101.6,10683.0,0.56,99.44,0,Cellular Bonded
475,41,114,2025-09-20 04:48:18.615281,54.3,8842.0,0.05,99.95,0,Cellular Bonded
476,196,25,2026-03-23 02:25:50.300145,106.8,15805.0,0.69,99.31,0,Cellular Bonded
477,124,5,2026-01-05 14:09:24.152944,52.0,7974.0,0.21,99.79,0,Satellite Hybrid
478,299,26,2026-03-18 01:57:49.810551,11.5,7782.0,0.54,99.46,0,WiFi
479,237,74,2026-08-01 13:42:17.673913,79.4,8085.0,0.24,99.76,0,Cellular Bonded
480,236,12,2026-05-14 23:22:43.801430,35.0,7766.0,0.52,99.48,0,Satellite Hybrid
481,5,61,2025-09-02 05:07:10.078565,29.6,11643.0,0.18,99.82,0,Cellular Bonded
482,239,16,2026-07-16 01:52:17.107157,88.3,7492.0,0.19,99.81,0,WiFi
483,280,25,2026-03-14 21:58:56.909515,49.4,10630.0,0.4,99.6,0,Cellular Bonded
484,227,1,2025-10-25 22:52:46.326014,1.0,12549.0,0.32,99.68,0,Cellular Bonded
485,154,112,2026-03-27 02:09:10.883396,118.5,5176.0,0.57,99.43,0,Cellular Bonded
486,218,20,2026-02-17 06:10:47.957257,91.7,5705.0,0.2,99.8,0,WiFi
487,234,57,2026-08-02 20:17:18.197689,19.0,3975.0,0.07,99.93,0,Cellular Bonded
488,102,111,2026-01-29 16:44:09.773765,14.5,12975.0,0.6,99.4,0,Wired IP
489,248,36,2026-06-10 06:34:08.063170,128.6,8641.0,0.15,99.85,0,Cellular Bonded
490,196,25,2026-06-19 21:56:56.668743,32.8,11764.0,0.36,99.64,0,Cellular Bonded
491,295,111,2026-08-11 20:21:42.809930,106.4,8713.0,0.81,99.19,0,WiFi
492,152,83,2025-09-18 00:31:30.949007,80.2,12023.0,0.35,94.65,1,Cellular Bonded
493,203,44,2026-04-11 02:24:52.961535,1.0,2816.0,1.27,98.73,0,Cellular Bonded
494,290,33,2025-09-01 12:38:37.367053,130.2,14049.0,0.41,99.59,0,WiFi
495,26,87,2026-05-03 13:09:59.608149,71.4,4172.0,0.7,99.3,0,Cellular Bonded
496,255,92,2026-08-14 23:42:36.057887,100.9,4784.0,0.69,99.31,0,Cellular Bonded
497,147,66,2026-02-25 13:03:53.073694,89.6,9321.0,0.25,99.75,0,Wired IP
498,118,53,2026-03-28 20:12:06.781276,91.6,9743.0,0.55,99.45,0,Cellular Bonded
499,181,92,2025-12-29 01:48:59.687997,57.4,4282.0,0.12,99.88,0,Cellular Bonded
500,98,78,2026-07-19 07:43:42.971136,104.2,8890.0,0.61,99.39,0,Cellular Bonded
501,71,55,2026-01-06 15:51:43.532751,67.7,4422.0,0.53,99.47,0,Cellular Bonded
502,21,46,2026-05-27 22:46:34.122771,38.2,8688.0,0.55,99.45,0,WiFi
503,226,31,2026-04-23 01:31:00.786089,163.0,5059.0,0.14,94.86,1,Cellular Bonded
504,187,105,2025-09-06 08:29:35.936244,53.2,10748.0,0.01,99.99,0,Cellular Bonded
505,47,89,2026-04-05 12:53:35.355603,23.7,10783.0,0.06,99.94,0,Cellular Bonded
506,168,61,2025-12-18 09:34:14.363333,1.0,4181.0,0.2,99.8,0,Cellular Bonded
507,90,12,2025-12-16 14:07:43.064642,118.8,9998.0,0.45,99.55,0,Cellular Bonded
508,277,115,2026-03-09 22:00:52.187689,131.1,12685.0,0.81,99.19,0,Cellular Bonded
509,188,39,2026-01-06 08:23:40.726059,120.6,4232.0,0.4,99.6,0,Cellular Bonded
510,140,46,2025-11-18 05:26:45.972126,53.0,678.0,0.79,99.21,0,Cellular Bonded
511,132,76,2026-06-25 02:15:32.587863,65.3,9788.0,1.19,98.81,0,WiFi
512,247,92,2026-08-05 06:52:43.664689,102.5,7113.0,0.05,99.95,0,Wired IP
513,152,83,2026-03-26 05:57:31.793613,44.2,8384.0,0.41,99.59,0,Wired IP
514,174,90,2025-10-12 03:08:08.937921,68.8,6129.0,0.55,99.45,0,WiFi
515,240,72,2025-09-16 23:45:24.347025,11.6,7027.0,0.02,99.98,0,Satellite Hybrid
516,73,23,2026-04-17 11:36:00.818445,90.5,7833.0,0.03,99.97,0,WiFi
517,116,39,2026-07-18 21:18:00.482430,1.0,2874.0,0.46,99.54,0,Wired IP
518,204,45,2025-12-09 11:38:56.236319,82.5,8336.0,0.85,99.15,0,Satellite Hybrid
519,286,109,2026-04-14 17:23:24.913090,82.8,10602.0,0.03,99.97,0,WiFi
520,203,44,2026-04-16 22:39:38.648021,72.8,5910.0,0.49,94.51,1,Cellular Bonded
521,275,6,2025-10-04 07:27:41.152183,71.6,7734.0,0.38,99.62,0,Cellular Bonded
522,189,1,2026-05-03 23:47:15.207559,98.4,12109.0,0.28,99.72,0,Wired IP
523,135,58,2025-09-18 03:56:27.551464,24.5,11730.0,0.64,99.36,0,Wired IP
524,191,77,2026-03-10 06:24:54.037066,54.8,7205.0,0.1,99.9,0,WiFi
525,120,58,2026-04-10 03:20:23.466081,130.0,11519.0,1.13,98.87,0,WiFi
526,288,119,2025-12-16 03:29:27.829912,50.8,5840.0,0.23,99.77,0,Cellular Bonded
527,114,16,2025-10-03 21:19:01.799917,94.2,8788.0,0.15,99.85,0,Satellite Hybrid
528,238,96,2026-05-01 19:11:39.367788,49.2,11418.0,0.07,99.93,0,Cellular Bonded
529,155,109,2026-07-29 23:18:06.787096,60.5,6072.0,0.3,99.7,0,Wired IP
530,60,82,2026-08-17 05:50:09.665666,86.7,4955.0,0.1,99.9,0,Cellular Bonded
531,20,95,2026-07-17 07:38:29.089651,47.1,10726.0,0.17,99.83,0,Cellular Bonded
532,253,50,2025-09-21 08:27:31.679769,73.0,8717.0,0.03,99.97,0,Wired IP
533,121,39,2026-04-19 23:33:34.776036,45.4,7304.0,0.71,99.29,0,WiFi
534,70,113,2026-02-19 20:34:06.244039,22.2,8911.0,0.26,99.74,0,WiFi
535,190,3,2025-08-24 21:26:17.244532,21.8,5185.0,0.0,100.0,0,Cellular Bonded
536,277,115,2025-12-08 23:41:03.826673,58.6,10590.0,1.66,98.34,0,Cellular Bonded
537,80,62,2026-07-31 10:52:38.714715,25.1,10458.0,0.18,99.82,0,Cellular Bonded
538,51,101,2025-12-20 23:37:28.263053,90.2,2901.0,1.92,98.08,0,WiFi
539,209,21,2026-05-24 21:59:06.000866,72.0,5402.0,0.58,99.42,0,Wired IP
540,144,9,2025-10-27 07:52:16.618928,65.7,7120.0,0.25,94.75,1,WiFi
541,190,3,2026-08-18 06:28:34.642308,138.7,9467.0,0.43,99.57,0,Cellular Bonded
542,228,117,2025-10-13 19:11:22.464493,52.8,8605.0,0.48,99.52,0,Cellular Bonded
543,186,61,2025-12-04 05:08:37.975283,102.0,8079.0,0.88,99.12,0,WiFi
544,189,1,2026-06-01 22:24:37.540221,134.2,8186.0,0.29,99.71,0,Wired IP
545,184,92,2026-02-19 13:34:13.356132,80.8,7796.0,1.08,98.92,0,WiFi
546,142,40,2026-03-03 06:37:52.085075,38.2,6997.0,0.77,99.23,0,Cellular Bonded
547,63,96,2026-05-14 20:57:06.032329,63.8,10933.0,0.21,99.79,0,Wired IP
548,233,87,2026-02-26 10:38:37.162662,120.3,12683.0,0.33,99.67,0,Cellular Bonded
549,109,52,2026-04-16 20:51:24.057189,37.3,10002.0,1.12,98.88,0,Wired IP
550,11,65,2026-07-04 03:45:47.288330,114.5,5808.0,0.34,99.66,0,Cellular Bonded
551,171,39,2026-03-31 20:16:12.212548,70.4,3829.0,0.3,99.7,0,Satellite Hybrid
552,65,23,2026-03-24 06:10:23.849335,91.8,11415.0,0.37,99.63,0,Cellular Bonded
553,106,99,2025-10-13 13:07:24.178566,12.2,6480.0,0.12,99.88,0,Satellite Hybrid
554,284,30,2025-10-23 06:06:19.424294,39.5,5680.0,0.11,99.89,0,Wired IP
555,111,100,2026-04-28 03:42:50.604734,70.7,9437.0,1.03,98.97,0,WiFi
556,120,58,2026-04-03 07:02:50.878925,94.7,10497.0,0.38,99.62,0,WiFi
557,76,105,2026-07-13 17:51:14.649959,140.5,8299.0,1.09,98.91,0,Cellular Bonded
558,2,35,2026-05-08 11:58:35.427232,56.3,12631.0,0.45,99.55,0,WiFi
559,75,99,2025-09-03 04:30:31.409005,70.3,6981.0,0.1,99.9,0,WiFi
560,277,115,2025-12-29 05:20:01.342803,126.4,7556.0,0.05,99.95,0,Satellite Hybrid
561,90,12,2026-05-07 21:58:56.696751,93.9,6866.0,1.05,98.95,0,Wired IP
562,14,74,2026-08-07 04:14:53.095308,91.0,9893.0,0.1,99.9,0,Cellular Bonded
563,184,92,2026-03-29 03:07:23.449939,126.3,7519.0,0.99,99.01,0,Cellular Bonded
564,122,14,2026-05-19 21:23:24.046823,74.0,9214.0,0.38,99.62,0,Cellular Bonded
565,9,12,2026-05-31 08:33:52.949179,69.0,6391.0,0.42,99.58,0,Cellular Bonded
566,27,81,2025-11-11 15:48:41.566738,110.1,8446.0,0.72,99.28,0,Wired IP
567,216,99,2025-11-13 13:04:00.295461,7.6,5357.0,0.55,99.45,0,Cellular Bonded
568,33,90,2026-08-05 17:16:28.652529,55.1,6829.0,0.22,99.78,0,Cellular Bonded
569,186,61,2026-05-31 13:33:26.659359,15.7,5492.0,0.02,99.98,0,Satellite Hybrid
570,56,49,2026-07-14 05:24:14.862815,133.0,10695.0,0.09,99.91,0,Cellular Bonded
571,114,16,2025-10-28 01:29:20.653260,120.3,12150.0,0.28,99.72,0,Cellular Bonded
572,23,115,2026-04-22 20:20:24.263640,54.9,9623.0,0.24,99.76,0,WiFi
573,267,84,2026-03-14 11:08:33.358547,1.0,9448.0,0.23,99.77,0,WiFi
574,16,44,2026-01-26 01:46:38.421687,36.8,6907.0,0.15,99.85,0,WiFi
575,246,8,2026-05-26 02:44:29.354737,78.2,8070.0,1.12,98.88,0,Cellular Bonded
576,219,57,2026-05-29 06:50:04.835387,45.9,6924.0,0.11,99.89,0,WiFi
577,252,60,2026-02-17 19:39:59.468278,29.8,4849.0,0.24,99.76,0,Wired IP
578,228,117,2026-01-18 01:35:30.723567,12.5,10135.0,0.08,99.92,0,Cellular Bonded
579,42,109,2025-10-16 09:30:22.624529,57.2,11697.0,0.8,99.2,0,Cellular Bonded
580,76,105,2025-10-30 03:15:53.814199,94.1,9108.0,0.18,99.82,0,WiFi
581,141,13,2026-03-26 23:09:12.199655,23.3,5343.0,0.05,99.95,0,Cellular Bonded
582,300,63,2026-07-02 22:03:21.645627,70.9,8192.0,0.37,99.63,0,Wired IP
583,167,19,2025-09-06 06:51:58.609039,48.4,9027.0,0.27,99.73,0,Cellular Bonded
584,272,13,2026-02-09 16:09:23.831949,77.8,8323.0,0.06,99.94,0,WiFi
585,259,64,2025-12-31 17:53:43.902918,111.1,12555.0,0.2,99.8,0,Cellular Bonded
586,51,101,2026-07-25 07:01:46.437388,66.7,7359.0,0.04,99.96,0,Wired IP
587,59,36,2026-05-04 22:16:35.816202,140.9,8549.0,0.21,99.79,0,Satellite Hybrid
588,283,56,2026-02-22 13:34:57.428699,97.6,6211.0,0.04,99.96,0,Cellular Bonded
589,111,100,2025-10-02 18:01:05.103025,35.7,7379.0,0.35,99.65,0,Cellular Bonded
590,117,109,2025-09-17 20:32:51.826158,72.6,8665.0,0.48,99.52,0,Satellite Hybrid
591,233,87,2025-10-15 18:12:39.812189,50.5,9193.0,0.83,99.17,0,WiFi
592,49,36,2026-01-29 06:11:19.780935,80.7,11976.0,0.11,99.89,0,Cellular Bonded
593,161,89,2026-02-21 15:11:02.090377,37.1,9893.0,0.06,99.94,0,Cellular Bonded
594,192,92,2026-06-17 14:29:17.416433,65.9,6831.0,0.1,99.9,0,Wired IP
595,243,24,2025-09-20 17:13:12.094866,21.9,8553.0,0.47,99.53,0,Wired IP
596,44,29,2026-07-16 14:37:06.925868,54.9,8367.0,0.9,99.1,0,WiFi
597,50,10,2026-06-12 08:49:32.403111,17.6,8493.0,0.72,99.28,0,Cellular Bonded
598,191,77,2026-07-07 03:55:37.824469,70.3,10089.0,0.08,99.92,0,Cellular Bonded
599,285,114,2026-07-23 21:32:54.404834,124.8,9091.0,0.61,99.39,0,Cellular Bonded
600,288,119,2026-01-16 16:36:58.705615,43.7,8564.0,0.22,99.78,0,Satellite Hybrid
601,63,96,2026-01-09 23:02:18.399974,58.0,9021.0,0.11,99.89,0,WiFi
602,217,19,2026-01-01 17:58:57.886347,3.6,10727.0,1.05,98.95,0,WiFi
603,27,81,2026-01-06 04:54:25.288758,36.2,6094.0,0.29,99.71,0,WiFi
604,160,71,2025-09-17 00:39:47.096278,68.0,7551.0,0.42,99.58,0,Cellular Bonded
605,296,49,2025-11-08 04:53:46.297384,81.4,8422.0,0.02,99.98,0,Cellular Bonded
606,80,62,2025-12-12 13:42:23.607112,101.5,7647.0,1.31,98.69,0,Cellular Bonded
607,115,57,2025-09-23 09:47:03.842137,73.3,12106.0,0.31,99.69,0,Cellular Bonded
608,180,114,2026-05-06 03:12:59.956258,36.8,5645.0,0.33,99.67,0,Cellular Bonded
609,189,1,2025-12-18 15:11:11.427643,69.0,4207.0,0.5,99.5,0,Cellular Bonded
610,143,42,2025-10-10 13:15:11.686337,29.9,5213.0,0.72,99.28,0,Cellular Bonded
611,220,18,2025-09-01 05:17:37.810896,1.0,6342.0,0.15,99.85,0,Cellular Bonded
612,286,109,2026-07-19 02:59:32.189149,54.1,6500.0,0.02,94.98,1,WiFi
613,137,17,2026-02-06 16:52:47.572845,18.4,2710.0,0.9,94.1,1,WiFi
614,140,46,2026-06-17 15:02:48.602196,49.1,7336.0,0.58,99.42,0,Cellular Bonded
615,159,17,2026-05-22 05:53:53.211719,2.3,6964.0,0.32,99.68,0,Cellular Bonded
616,180,114,2026-02-05 11:34:34.214575,59.2,8507.0,0.86,94.14,1,Satellite Hybrid
617,74,89,2026-03-30 20:45:45.281487,86.5,10076.0,0.48,99.52,0,Cellular Bonded
618,206,45,2026-07-14 21:54:08.419843,36.1,6338.0,0.78,99.22,0,WiFi
619,16,44,2025-08-25 04:12:48.191979,22.1,7567.0,0.19,99.81,0,Satellite Hybrid
620,272,13,2025-11-04 23:03:49.324351,124.4,7396.0,2.42,97.58,0,Cellular Bonded
621,215,36,2025-10-11 19:39:23.443459,1.0,4583.0,0.15,99.85,0,Cellular Bonded
622,81,84,2026-07-27 11:00:10.959309,60.8,1241.0,1.0,99.0,0,WiFi
623,167,19,2026-03-28 12:05:43.095346,72.5,5362.0,0.23,99.77,0,WiFi
624,291,118,2026-01-19 17:50:20.846631,102.7,10776.0,0.17,99.83,0,WiFi
625,27,81,2026-05-28 13:44:18.595408,41.8,7438.0,0.11,99.89,0,WiFi
626,26,87,2025-11-12 23:40:39.471972,60.2,8684.0,0.12,99.88,0,Cellular Bonded
627,140,46,2025-10-01 17:13:46.520803,58.7,7935.0,0.78,99.22,0,WiFi
628,218,20,2025-11-13 06:40:48.228033,21.0,5970.0,0.48,99.52,0,Cellular Bonded
629,227,1,2026-04-08 11:33:06.042988,60.2,8040.0,0.03,99.97,0,Cellular Bonded
630,111,100,2026-04-02 14:08:22.516525,127.6,9028.0,0.06,99.94,0,Cellular Bonded
631,59,36,2025-09-10 03:58:19.375799,18.5,7228.0,0.1,99.9,0,Cellular Bonded
632,57,99,2026-06-19 15:54:31.549772,50.2,7459.0,0.04,99.96,0,Cellular Bonded
633,250,8,2026-02-16 16:42:17.762277,70.7,6740.0,0.14,99.86,0,Cellular Bonded
634,158,116,2026-03-01 22:04:00.744007,113.5,4871.0,0.82,99.18,0,WiFi
635,203,44,2026-04-05 22:15:11.087606,60.1,12420.0,0.47,99.53,0,Satellite Hybrid
636,29,8,2026-03-16 03:41:19.984699,39.0,6415.0,0.14,94.86,1,Wired IP
637,155,109,2026-05-07 12:51:33.210456,132.4,8854.0,0.17,99.83,0,Cellular Bonded
638,71,55,2025-12-02 13:32:36.042470,61.9,7777.0,0.7,99.3,0,Satellite Hybrid
639,149,29,2025-08-18 19:25:34.304341,108.2,6553.0,0.11,99.89,0,Wired IP
640,4,33,2025-12-25 00:43:41.957880,13.2,4915.0,0.15,99.85,0,Cellular Bonded
641,221,47,2026-03-14 13:16:59.162286,77.2,5998.0,0.83,99.17,0,WiFi
642,195,113,2025-10-25 14:46:14.879353,70.7,5178.0,0.04,99.96,0,Cellular Bonded
643,118,53,2026-04-19 03:55:30.529178,83.7,13203.0,0.03,99.97,0,Cellular Bonded
644,182,58,2026-02-25 07:56:54.173571,74.8,617.0,0.05,99.95,0,Cellular Bonded
645,22,2,2025-12-27 20:57:22.349631,114.6,6243.0,0.28,99.72,0,Satellite Hybrid
646,236,12,2026-08-01 06:27:09.352062,1.0,2838.0,0.39,99.61,0,WiFi
647,161,89,2026-03-04 20:24:05.035544,154.0,8027.0,0.01,99.99,0,Cellular Bonded
648,294,96,2026-06-01 07:26:53.264251,38.7,7019.0,0.04,99.96,0,Satellite Hybrid
649,214,101,2026-02-19 12:58:56.304989,1.0,8400.0,0.25,99.75,0,Cellular Bonded
650,208,47,2025-08-25 15:52:08.958466,87.1,5230.0,0.61,94.39,1,WiFi
651,167,19,2026-07-03 00:56:34.478855,76.3,14242.0,0.03,99.97,0,Cellular Bonded
652,236,12,2025-09-03 03:07:28.087033,92.3,7861.0,0.16,99.84,0,WiFi
653,186,61,2026-01-06 11:10:22.417534,14.9,9915.0,0.42,99.58,0,Cellular Bonded
654,55,99,2026-01-01 12:12:30.212662,79.8,6264.0,0.05,99.95,0,Wired IP
655,206,45,2026-05-18 00:55:54.757660,79.7,4914.0,0.21,99.79,0,Cellular Bonded
656,203,44,2025-12-26 14:12:22.606206,68.2,7241.0,0.66,99.34,0,WiFi
657,174,90,2025-09-11 21:36:27.698780,126.2,7762.0,0.45,99.55,0,WiFi
658,87,19,2025-11-14 06:12:56.482620,156.8,7682.0,0.65,99.35,0,Cellular Bonded
659,59,36,2026-04-15 02:35:11.311548,80.4,11204.0,0.07,99.93,0,Cellular Bonded
660,100,52,2025-09-25 01:54:57.987796,93.7,2733.0,0.73,99.27,0,Cellular Bonded
661,179,13,2026-03-18 15:45:10.206537,80.1,8778.0,0.07,99.93,0,Wired IP
662,76,105,2026-05-21 10:57:17.706643,1.3,10185.0,0.73,99.27,0,Satellite Hybrid
663,75,99,2025-10-05 22:31:01.889348,3.4,9268.0,0.56,99.44,0,Cellular Bonded
664,89,100,2025-12-24 20:11:56.263761,56.1,9359.0,0.05,99.95,0,Cellular Bonded
665,39,58,2025-12-19 19:43:12.353279,68.5,7465.0,0.93,99.07,0,WiFi
666,253,50,2026-04-09 21:13:40.054219,61.7,500.0,0.15,99.85,0,Wired IP
667,289,120,2026-06-17 08:40:44.805615,11.1,10306.0,0.14,99.86,0,Wired IP
668,230,118,2026-04-25 04:11:51.677223,18.9,8445.0,0.04,99.96,0,WiFi
669,290,33,2026-08-11 06:38:19.554143,69.9,10311.0,0.67,99.33,0,Cellular Bonded
670,166,31,2026-02-08 22:06:48.831872,43.4,4635.0,0.26,99.74,0,Cellular Bonded
671,162,45,2025-10-23 18:39:04.910743,62.4,8820.0,0.04,99.96,0,Cellular Bonded
672,35,115,2025-10-06 11:09:33.051126,61.4,10443.0,0.15,99.85,0,Cellular Bonded
673,156,65,2026-05-06 14:57:47.588073,60.2,2983.0,0.79,99.21,0,Satellite Hybrid
674,29,8,2026-07-28 16:36:29.132259,25.6,11546.0,0.54,99.46,0,WiFi
675,38,68,2025-08-31 17:44:04.623719,72.6,5518.0,0.12,99.88,0,WiFi
676,232,16,2025-10-30 19:51:06.248569,69.7,7572.0,0.45,94.55,1,WiFi
677,189,1,2026-06-03 00:35:50.221832,61.8,3121.0,0.64,99.36,0,Cellular Bonded
678,40,117,2026-07-07 14:05:42.892425,76.2,4242.0,0.3,99.7,0,Cellular Bonded
679,47,89,2025-12-11 10:38:36.480242,22.7,5598.0,0.59,99.41,0,WiFi
680,260,27,2025-12-09 10:17:00.666549,35.0,7888.0,0.02,99.98,0,Cellular Bonded
681,298,85,2026-01-10 14:32:46.082451,66.6,9891.0,0.13,99.87,0,Cellular Bonded
682,22,2,2026-06-11 21:27:40.202982,132.6,10724.0,0.07,99.93,0,Wired IP
683,293,18,2026-02-07 01:09:27.143054,20.9,8339.0,0.9,99.1,0,Cellular Bonded
684,165,70,2025-08-31 14:33:15.212574,105.4,9873.0,0.16,99.84,0,Wired IP
685,257,41,2026-04-11 09:11:25.818304,134.1,8552.0,1.03,98.97,0,Wired IP
686,32,74,2025-11-30 16:19:38.001369,44.4,10178.0,1.36,98.64,0,Satellite Hybrid
687,176,39,2026-06-28 22:52:56.247640,73.1,9242.0,0.15,99.85,0,Cellular Bonded
688,44,29,2025-09-04 16:31:49.234740,122.4,8624.0,0.15,99.85,0,Satellite Hybrid
689,89,100,2026-04-14 14:33:26.614905,107.7,6696.0,0.25,94.75,1,Cellular Bonded
690,225,15,2025-11-25 23:21:39.126998,25.9,7996.0,0.05,99.95,0,Wired IP
691,269,92,2026-06-06 00:43:40.817014,59.5,10651.0,1.7,98.3,0,Cellular Bonded
692,82,112,2026-01-24 17:50:04.922208,125.5,11704.0,0.24,99.76,0,Cellular Bonded
693,145,50,2026-01-11 06:17:45.160441,1.0,5016.0,0.52,99.48,0,Cellular Bonded
694,174,90,2026-01-25 18:14:10.210417,44.2,6770.0,0.12,99.88,0,Cellular Bonded
695,27,81,2026-08-02 09:23:34.435736,31.5,6741.0,0.45,99.55,0,Cellular Bonded
696,172,91,2025-12-20 00:00:26.824068,125.0,10271.0,0.1,99.9,0,Cellular Bonded
697,49,36,2025-10-25 10:25:09.414220,34.2,7347.0,0.05,99.95,0,Cellular Bonded
698,198,33,2026-04-27 20:54:19.724433,75.9,3351.0,0.45,99.55,0,Satellite Hybrid
699,77,30,2025-12-30 08:01:58.239580,54.2,7277.0,0.84,99.16,0,Satellite Hybrid
700,299,26,2026-06-05 06:45:16.640841,52.0,10335.0,0.38,99.62,0,Cellular Bonded
701,180,114,2025-11-23 14:27:01.649542,51.9,3060.0,0.28,99.72,0,Cellular Bonded
702,201,6,2025-09-17 09:28:37.978579,106.1,6369.0,0.99,99.01,0,Cellular Bonded
703,44,29,2026-01-20 04:44:44.390167,26.4,6472.0,0.45,99.55,0,Cellular Bonded
704,193,62,2026-01-22 10:15:11.323898,126.7,4051.0,0.65,99.35,0,Cellular Bonded
705,169,108,2026-08-16 11:44:10.785780,80.9,6777.0,0.38,99.62,0,Cellular Bonded
706,270,112,2025-10-23 02:41:35.398159,79.4,4318.0,0.17,99.83,0,Satellite Hybrid
707,217,19,2025-12-03 11:23:49.046407,56.2,7338.0,0.25,99.75,0,WiFi
708,10,67,2025-09-24 16:34:38.198186,54.4,4592.0,0.09,99.91,0,Cellular Bonded
709,93,19,2025-12-15 22:36:51.426044,34.4,8016.0,0.1,99.9,0,Wired IP
710,175,19,2025-12-04 03:48:39.174062,1.0,4224.0,0.01,99.99,0,Cellular Bonded
711,249,90,2026-01-28 00:22:16.589988,60.6,8303.0,0.21,99.79,0,Cellular Bonded
712,71,55,2026-05-07 05:08:13.814146,48.6,7954.0,0.69,99.31,0,WiFi
713,152,83,2025-10-18 01:41:21.456203,37.4,10288.0,0.73,99.27,0,Cellular Bonded
714,52,73,2026-01-27 06:47:04.853769,122.3,4393.0,0.0,100.0,0,Cellular Bonded
715,277,115,2026-01-28 11:00:22.227465,30.6,10034.0,0.36,99.64,0,Cellular Bonded
716,270,112,2026-05-10 13:18:46.653697,51.2,9438.0,0.09,94.91,1,Cellular Bonded
717,173,74,2026-07-17 00:16:32.146558,107.2,14877.0,2.09,97.91,0,Cellular Bonded
718,68,37,2026-03-30 16:24:37.269343,44.4,7194.0,1.0,99.0,0,WiFi
719,79,113,2026-01-24 00:13:02.891463,1.0,11379.0,0.16,99.84,0,Satellite Hybrid
720,85,13,2026-04-08 16:05:10.181628,1.0,3127.0,1.11,98.89,0,Wired IP
721,23,115,2026-06-03 03:49:36.157352,90.8,9862.0,0.46,99.54,0,Cellular Bonded
722,122,14,2025-09-08 04:13:58.145756,71.4,7082.0,0.52,99.48,0,Cellular Bonded
723,146,27,2026-04-20 05:56:10.731671,103.8,4988.0,0.07,99.93,0,Cellular Bonded
724,230,118,2026-01-13 12:30:45.723385,110.9,6179.0,0.21,99.79,0,WiFi
725,123,95,2026-02-21 12:50:49.935117,50.9,8146.0,1.79,98.21,0,Cellular Bonded
726,241,102,2026-05-18 23:32:50.479117,67.1,9227.0,1.32,98.68,0,Cellular Bonded
727,100,52,2025-10-15 15:21:30.323804,13.6,7907.0,0.02,99.98,0,Satellite Hybrid
728,293,18,2025-08-29 14:32:34.185603,81.2,4634.0,0.05,99.95,0,Cellular Bonded
729,237,74,2026-06-24 00:52:44.360366,52.1,11618.0,0.4,99.6,0,Satellite Hybrid
730,196,25,2026-04-22 18:25:50.142390,46.5,10269.0,0.46,99.54,0,Wired IP
731,215,36,2026-01-25 04:32:08.532593,61.9,12396.0,0.4,99.6,0,WiFi
732,103,16,2025-10-03 07:37:02.297360,58.2,8099.0,0.09,99.91,0,WiFi
733,71,55,2025-11-12 09:16:01.916971,102.5,5697.0,0.19,99.81,0,Cellular Bonded
734,27,81,2026-04-10 17:58:02.130957,43.0,13194.0,0.45,99.55,0,Satellite Hybrid
735,191,77,2025-12-28 10:30:28.363503,38.3,8259.0,0.4,99.6,0,WiFi
736,53,24,2026-07-30 19:57:52.198584,85.3,12076.0,0.23,99.77,0,Cellular Bonded
737,265,33,2025-08-30 01:26:51.500702,1.0,5262.0,0.14,99.86,0,WiFi
738,146,27,2025-10-13 05:59:12.203045,94.4,12146.0,1.12,98.88,0,Cellular Bonded
739,83,89,2026-01-29 11:28:29.059387,94.7,4946.0,0.09,99.91,0,Cellular Bonded
740,263,17,2025-12-31 15:43:34.763438,43.5,9790.0,0.26,99.74,0,Cellular Bonded
741,224,14,2026-01-27 07:03:19.677625,23.3,11066.0,0.55,99.45,0,Cellular Bonded
742,114,16,2025-09-15 07:18:40.599638,67.4,4483.0,0.06,99.94,0,Cellular Bonded
743,179,13,2025-10-07 12:03:44.794773,88.6,7347.0,0.03,99.97,0,WiFi
744,213,75,2025-12-30 04:33:17.759770,42.8,5566.0,0.21,99.79,0,Wired IP
745,258,100,2025-12-11 00:02:21.793391,52.4,7504.0,0.15,99.85,0,Cellular Bonded
746,198,33,2025-11-27 23:18:39.621863,73.2,5415.0,0.03,99.97,0,Cellular Bonded
747,192,92,2026-08-03 20:47:55.925529,29.4,11446.0,0.05,99.95,0,Cellular Bonded
748,164,36,2025-08-27 16:44:48.673998,11.2,10127.0,0.27,99.73,0,Cellular Bonded
749,172,91,2025-10-25 03:40:50.270227,1.0,10045.0,0.39,99.61,0,WiFi
750,71,55,2026-02-23 05:40:00.295104,3.6,10097.0,0.12,94.88,1,Cellular Bonded
751,242,76,2026-07-17 17:13:49.666225,49.7,6992.0,0.63,99.37,0,Cellular Bonded
752,72,13,2025-09-30 05:25:13.735794,145.5,4577.0,0.36,99.64,0,Cellular Bonded
753,241,102,2026-05-28 03:09:14.229904,49.5,8998.0,0.51,99.49,0,WiFi
754,3,33,2026-05-02 05:46:05.568894,89.4,12148.0,0.01,99.99,0,Cellular Bonded
755,10,67,2025-11-04 13:33:50.491553,1.4,11700.0,0.8,99.2,0,Cellular Bonded
756,77,30,2026-03-29 14:21:09.483178,23.8,5729.0,0.16,99.84,0,Satellite Hybrid
757,271,29,2026-04-28 13:39:27.892958,104.6,11150.0,0.66,99.34,0,Wired IP
758,148,5,2026-08-17 18:40:06.470219,31.7,9686.0,0.06,99.94,0,Satellite Hybrid
759,63,96,2025-10-30 07:28:31.977842,49.3,7602.0,0.06,99.94,0,Cellular Bonded
760,215,36,2025-10-06 18:49:56.458961,49.3,4593.0,0.18,99.82,0,Wired IP
761,235,75,2025-09-14 06:29:17.031319,65.6,6554.0,0.46,99.54,0,Wired IP
762,256,101,2025-10-20 06:21:23.794995,113.5,9201.0,0.03,99.97,0,Cellular Bonded
763,9,12,2026-05-05 15:31:34.395012,99.6,7294.0,0.07,99.93,0,Cellular Bonded
764,295,111,2026-08-17 06:41:49.712139,48.9,7614.0,0.08,99.92,0,Wired IP
765,74,89,2026-06-10 02:35:41.987809,142.0,5380.0,0.52,99.48,0,Cellular Bonded
766,1,50,2026-08-06 10:29:11.041578,50.0,6873.0,0.15,99.85,0,Satellite Hybrid
767,124,5,2026-08-13 09:03:44.068509,97.9,8114.0,0.67,99.33,0,WiFi
768,96,71,2026-04-19 00:38:19.687176,39.9,10628.0,0.58,99.42,0,Cellular Bonded
769,44,29,2026-05-04 05:58:36.964265,114.5,11447.0,0.01,99.99,0,WiFi
770,185,72,2026-03-07 00:13:26.833288,54.3,9158.0,0.67,99.33,0,Cellular Bonded
771,270,112,2025-12-02 05:34:24.441730,50.6,14259.0,0.32,99.68,0,Wired IP
772,260,27,2025-12-05 17:37:46.455154,77.5,9018.0,0.13,99.87,0,Wired IP
773,200,117,2025-10-14 17:37:05.880698,49.2,7620.0,0.44,99.56,0,Cellular Bonded
774,23,115,2026-05-04 06:10:51.972073,32.9,5350.0,0.03,99.97,0,Cellular Bonded
775,192,92,2026-04-30 20:18:50.413914,64.4,7675.0,0.04,99.96,0,WiFi
776,9,12,2025-10-20 18:55:31.741965,49.3,9730.0,0.61,99.39,0,WiFi
777,35,115,2025-12-28 04:44:22.804005,66.4,8422.0,0.03,99.97,0,Satellite Hybrid
778,54,64,2025-11-08 02:17:34.557419,124.0,11329.0,0.15,99.85,0,Wired IP
779,171,39,2026-08-12 20:25:40.611765,86.6,10446.0,0.4,99.6,0,Cellular Bonded
780,181,92,2026-06-03 08:58:36.461969,1.0,9762.0,0.26,99.74,0,WiFi
781,90,12,2025-11-12 15:45:26.467924,59.0,9669.0,0.25,99.75,0,WiFi
782,238,96,2026-02-14 13:49:39.159142,33.8,6941.0,0.38,99.62,0,Cellular Bonded
783,246,8,2025-12-27 23:31:16.053267,44.4,7479.0,0.17,99.83,0,Wired IP
784,70,113,2026-03-15 03:25:14.101546,95.4,5405.0,0.4,99.6,0,Wired IP
785,235,75,2026-02-04 20:38:41.902483,61.5,8327.0,0.02,94.98,1,Cellular Bonded
786,104,117,2026-08-12 01:50:58.385549,13.5,8270.0,0.07,99.93,0,Cellular Bonded
787,103,16,2025-10-04 14:38:29.989623,38.2,7677.0,0.2,99.8,0,Cellular Bonded
788,162,45,2026-07-07 00:34:07.903097,108.1,7645.0,0.3,99.7,0,Cellular Bonded
789,264,73,2025-09-11 05:44:15.473163,114.7,7128.0,0.9,99.1,0,Wired IP
790,279,47,2026-01-10 13:59:05.194485,31.3,9008.0,0.13,99.87,0,Cellular Bonded
791,19,12,2026-05-06 22:44:51.685126,73.1,9355.0,0.55,99.45,0,Cellular Bonded
792,98,78,2026-02-08 23:17:13.172907,46.1,9702.0,0.0,100.0,0,Cellular Bonded
793,25,35,2026-01-15 04:40:50.633234,33.1,14620.0,0.79,99.21,0,Cellular Bonded
794,170,54,2026-01-14 16:45:06.724398,92.8,15211.0,0.13,99.87,0,WiFi
795,189,1,2026-03-16 02:24:05.291470,98.2,10251.0,0.84,99.16,0,WiFi
796,205,32,2025-10-02 23:42:14.534685,95.5,5516.0,0.15,99.85,0,Cellular Bonded
797,198,33,2025-12-11 23:11:16.263271,70.1,7442.0,0.5,99.5,0,Cellular Bonded
798,96,71,2025-09-14 07:28:40.377627,76.3,8422.0,0.05,99.95,0,Cellular Bonded
799,255,92,2026-02-04 06:52:01.702788,31.3,10334.0,0.39,99.61,0,Cellular Bonded
800,266,117,2026-02-23 02:17:29.328952,131.5,7169.0,0.46,99.54,0,WiFi
801,43,75,2025-10-04 02:03:19.808870,77.5,9076.0,0.45,99.55,0,Cellular Bonded
802,41,114,2026-06-16 21:01:39.580162,43.1,8104.0,0.66,99.34,0,Cellular Bonded
803,93,19,2026-03-07 11:40:06.702359,1.0,9203.0,0.61,99.39,0,Wired IP
804,165,70,2026-03-20 19:17:26.381695,106.0,7285.0,0.12,99.88,0,Cellular Bonded
805,168,61,2026-05-25 12:13:31.169050,48.4,10139.0,1.23,98.77,0,Cellular Bonded
806,157,86,2025-10-04 08:10:25.294985,11.4,8399.0,0.22,99.78,0,Cellular Bonded
807,219,57,2026-02-17 19:17:26.266713,40.3,4882.0,0.23,99.77,0,Wired IP
808,228,117,2026-07-01 04:05:18.421682,89.5,9986.0,0.31,99.69,0,WiFi
809,22,2,2026-06-17 17:30:09.759387,115.7,5561.0,2.03,97.97,0,Cellular Bonded
810,181,92,2026-02-23 08:47:35.424863,101.4,9148.0,0.99,99.01,0,WiFi
811,223,49,2025-12-07 06:08:38.636396,26.6,5008.0,0.01,99.99,0,WiFi
812,30,93,2025-10-16 08:42:25.794367,133.4,7578.0,0.06,99.94,0,Cellular Bonded
813,208,47,2026-07-25 10:55:18.870213,5.7,7779.0,0.05,99.95,0,WiFi
814,82,112,2025-11-08 13:03:26.124091,51.3,8004.0,0.65,99.35,0,Wired IP
815,74,89,2026-07-30 02:34:58.704150,68.5,14224.0,0.84,99.16,0,Wired IP
816,225,15,2026-02-23 15:45:50.123569,51.5,11950.0,0.36,94.64,1,WiFi
817,35,115,2025-11-29 22:15:25.183460,55.6,4596.0,0.71,99.29,0,WiFi
818,188,39,2025-09-16 00:36:34.497146,134.9,5625.0,0.05,99.95,0,Cellular Bonded
819,291,118,2025-10-28 21:30:51.752252,39.7,9661.0,0.08,94.92,1,Wired IP
820,79,113,2026-08-02 08:16:46.061657,37.8,5939.0,1.4,98.6,0,WiFi
821,190,3,2025-11-26 10:10:32.286192,96.9,9127.0,0.05,99.95,0,WiFi
822,40,117,2026-04-03 09:31:01.267924,116.7,8036.0,0.28,99.72,0,Satellite Hybrid
823,272,13,2026-03-30 12:42:09.648857,1.0,2055.0,0.58,99.42,0,Satellite Hybrid
824,161,89,2025-09-21 08:14:37.128055,33.6,13252.0,0.3,99.7,0,WiFi
825,128,107,2026-04-09 05:23:10.759850,86.6,10236.0,1.03,98.97,0,WiFi
826,14,74,2026-03-22 06:31:52.421491,140.6,9705.0,1.04,98.96,0,Satellite Hybrid
827,256,101,2026-03-18 04:44:30.774267,86.5,10311.0,0.32,99.68,0,Cellular Bonded
828,288,119,2025-10-19 17:36:10.518041,83.4,7818.0,0.43,99.57,0,Satellite Hybrid
829,134,74,2026-04-03 04:45:29.854980,70.5,9729.0,0.3,99.7,0,WiFi
830,110,85,2026-07-13 12:06:53.498519,29.5,9539.0,0.25,99.75,0,Cellular Bonded
831,147,66,2025-12-19 11:35:34.096492,78.3,2138.0,0.21,99.79,0,Cellular Bonded
832,252,60,2026-07-21 12:13:56.918705,36.1,7630.0,0.34,99.66,0,Wired IP
833,70,113,2025-09-02 06:37:21.923376,31.4,11386.0,0.04,99.96,0,Cellular Bonded
834,232,16,2026-06-29 13:16:24.886728,7.8,8555.0,0.31,99.69,0,Cellular Bonded
835,228,117,2025-09-16 21:18:40.658104,52.3,10706.0,0.11,99.89,0,WiFi
836,164,36,2026-07-30 11:54:07.764738,33.8,7212.0,0.34,99.66,0,Satellite Hybrid
837,34,34,2026-05-26 16:37:02.075609,26.3,10001.0,0.23,99.77,0,Cellular Bonded
838,149,29,2025-11-22 20:21:39.360241,27.9,10673.0,0.37,99.63,0,Cellular Bonded
839,81,84,2025-11-03 04:36:17.616041,65.0,7561.0,0.35,99.65,0,Satellite Hybrid
840,90,12,2026-03-15 02:11:32.122511,59.2,7135.0,0.28,99.72,0,Cellular Bonded
841,261,118,2026-03-31 20:56:39.515305,143.1,7678.0,0.12,99.88,0,Satellite Hybrid
842,103,16,2025-08-29 07:03:16.765729,47.6,9156.0,1.0,99.0,0,Satellite Hybrid
843,122,14,2026-07-08 18:11:14.026597,40.9,3625.0,0.15,99.85,0,WiFi
844,14,74,2026-03-05 09:30:13.036930,85.3,9127.0,1.7,98.3,0,WiFi
845,294,96,2026-04-09 13:26:42.706995,1.0,10623.0,0.31,99.69,0,Cellular Bonded
846,283,56,2025-12-06 12:21:19.983391,50.7,12056.0,0.01,99.99,0,Cellular Bonded
847,45,120,2025-11-15 15:05:12.088284,118.7,3469.0,0.25,99.75,0,Satellite Hybrid
848,204,45,2026-06-08 22:52:34.179057,149.1,7359.0,0.1,99.9,0,Cellular Bonded
849,246,8,2026-01-13 11:28:53.379189,49.0,14311.0,0.01,99.99,0,Cellular Bonded
850,210,80,2026-01-30 19:12:11.225398,68.1,5582.0,0.2,99.8,0,Satellite Hybrid
851,38,68,2026-04-26 14:38:13.444783,40.4,10342.0,1.31,98.69,0,Cellular Bonded
852,163,4,2025-10-14 22:39:27.303097,126.3,10510.0,0.44,99.56,0,Cellular Bonded
853,231,3,2026-01-16 22:57:59.777363,39.9,7749.0,0.01,99.99,0,Cellular Bonded
854,265,33,2026-02-03 18:40:48.999700,22.2,4041.0,0.06,99.94,0,WiFi
855,283,56,2025-12-20 10:08:04.541058,141.3,7819.0,0.77,99.23,0,Cellular Bonded
856,94,76,2025-10-09 16:23:48.363502,81.1,7561.0,0.29,99.71,0,Cellular Bonded
857,67,96,2026-06-28 17:09:26.675415,79.5,10711.0,0.16,99.84,0,Cellular Bonded
858,29,8,2025-12-12 19:14:21.315960,149.5,11492.0,0.09,99.91,0,Wired IP
859,266,117,2026-08-13 21:45:15.588279,55.6,6310.0,0.46,99.54,0,Cellular Bonded
860,85,13,2025-12-22 07:29:55.602925,86.6,9840.0,0.62,99.38,0,Cellular Bonded
861,116,39,2026-01-10 18:51:40.888434,47.7,6182.0,0.29,99.71,0,WiFi
862,266,117,2026-05-22 21:52:36.134083,85.3,10089.0,1.06,98.94,0,WiFi
863,41,114,2026-02-22 05:26:29.279760,21.5,5760.0,0.48,99.52,0,Cellular Bonded
864,283,56,2025-09-25 23:59:39.501971,67.8,5760.0,0.69,99.31,0,Cellular Bonded
865,156,65,2025-11-14 11:34:36.628540,88.2,9359.0,0.26,99.74,0,Cellular Bonded
866,48,21,2025-10-01 23:07:50.360590,86.9,5854.0,0.5,99.5,0,Wired IP
867,87,19,2026-01-29 08:36:49.638113,25.0,8549.0,0.05,99.95,0,WiFi
868,298,85,2025-10-08 15:56:39.970725,43.1,5479.0,0.27,99.73,0,Cellular Bonded
869,173,74,2025-09-05 17:04:19.374102,43.2,4288.0,0.13,99.87,0,Cellular Bonded
870,289,120,2026-07-29 08:12:01.226478,97.7,9487.0,0.12,99.88,0,WiFi
871,15,43,2026-06-29 16:37:33.735296,70.7,1942.0,0.78,99.22,0,WiFi
872,296,49,2026-01-17 20:58:58.339482,50.9,8739.0,0.03,99.97,0,Wired IP
873,108,25,2026-08-04 15:46:24.078525,4.4,5997.0,0.52,99.48,0,WiFi
874,214,101,2026-07-13 14:49:48.628830,48.5,10028.0,0.76,99.24,0,Cellular Bonded
875,16,44,2026-06-11 04:34:04.744752,70.5,6739.0,0.03,99.97,0,Cellular Bonded
876,280,25,2026-07-25 02:16:51.460931,17.6,11142.0,0.08,99.92,0,Cellular Bonded
877,155,109,2026-05-08 11:29:54.351184,3.8,1410.0,0.61,99.39,0,WiFi
878,208,47,2025-10-26 12:51:00.282834,112.7,7627.0,0.05,99.95,0,Cellular Bonded
879,38,68,2025-10-15 09:42:48.988821,48.3,10799.0,1.59,98.41,0,Cellular Bonded
880,81,84,2026-08-16 19:22:09.418590,47.3,11302.0,0.22,99.78,0,Cellular Bonded
881,248,36,2026-02-04 15:28:10.866012,80.2,12377.0,1.15,98.85,0,Cellular Bonded
882,175,19,2026-07-05 03:16:04.212796,56.0,5894.0,0.38,99.62,0,Wired IP
883,161,89,2026-02-15 19:09:43.842490,116.6,4774.0,0.17,99.83,0,Satellite Hybrid
884,164,36,2025-09-20 02:38:15.470973,53.5,9032.0,0.21,99.79,0,Wired IP
885,177,67,2026-01-08 18:54:00.563185,72.4,10651.0,0.29,99.71,0,Cellular Bonded
886,67,96,2026-02-01 03:30:01.721195,113.0,8148.0,0.46,99.54,0,Cellular Bonded
887,264,73,2025-11-14 02:44:06.370325,39.1,5939.0,0.07,99.93,0,Cellular Bonded
888,164,36,2026-03-19 04:22:31.952831,27.0,7503.0,0.08,99.92,0,Cellular Bonded
889,63,96,2025-09-05 00:00:47.042577,22.5,6264.0,0.29,99.71,0,Cellular Bonded
890,127,93,2025-11-28 22:40:21.854453,79.4,8560.0,0.54,99.46,0,Cellular Bonded
891,26,87,2026-03-24 08:33:32.987450,81.9,9960.0,0.0,100.0,0,Cellular Bonded
892,197,56,2026-06-21 21:53:35.353427,48.4,10360.0,0.01,99.99,0,WiFi
893,215,36,2026-04-20 17:38:49.991554,46.5,9029.0,0.31,99.69,0,Cellular Bonded
894,82,112,2025-11-30 13:09:04.503530,26.0,10340.0,0.15,99.85,0,WiFi
895,296,49,2025-08-21 05:21:46.935067,147.0,7285.0,0.21,99.79,0,Cellular Bonded
896,98,78,2025-09-26 11:29:55.562654,23.2,8949.0,0.19,99.81,0,Cellular Bonded
897,256,101,2025-10-06 03:07:11.272908,77.6,8347.0,2.16,97.84,0,Cellular Bonded
898,240,72,2025-11-22 18:45:27.386148,50.2,3991.0,0.75,99.25,0,Cellular Bonded
899,158,116,2025-12-29 18:17:03.775480,59.5,8979.0,1.7,98.3,0,WiFi
900,47,89,2026-01-12 10:36:50.064272,41.5,10486.0,0.0,100.0,0,Cellular Bonded
901,259,64,2025-09-03 18:05:16.511023,1.0,8354.0,0.4,99.6,0,Satellite Hybrid
902,124,5,2025-09-05 21:54:41.630278,55.7,4685.0,0.27,99.73,0,WiFi
903,181,92,2026-03-11 07:46:34.298959,58.6,5768.0,0.4,99.6,0,Cellular Bonded
904,145,50,2025-12-28 13:46:38.680349,91.8,8504.0,2.4,97.6,0,Cellular Bonded
905,241,102,2025-12-01 14:08:56.525290,34.4,5338.0,0.2,99.8,0,Cellular Bonded
906,5,61,2026-01-06 06:30:27.766101,24.8,3727.0,0.11,99.89,0,Satellite Hybrid
907,221,47,2026-01-29 15:15:28.172616,104.4,8985.0,0.54,99.46,0,Cellular Bonded
908,136,108,2026-03-06 22:59:49.481123,13.6,10184.0,0.36,99.64,0,Cellular Bonded
909,207,61,2026-06-15 12:14:25.999058,49.8,6644.0,0.14,99.86,0,Wired IP
910,206,45,2026-04-02 17:54:56.346935,34.7,5574.0,0.18,99.82,0,WiFi
911,288,119,2026-03-29 07:02:44.265266,73.9,10640.0,0.45,99.55,0,Cellular Bonded
912,284,30,2025-10-04 04:56:09.349453,109.2,6496.0,0.03,99.97,0,Cellular Bonded
913,198,33,2025-09-22 12:44:37.474492,3.6,9344.0,1.09,98.91,0,Cellular Bonded
914,282,10,2026-01-01 11:17:48.507790,66.5,11601.0,0.56,99.44,0,Cellular Bonded
915,61,113,2026-08-13 10:55:42.123836,111.4,8118.0,0.25,99.75,0,Cellular Bonded
916,50,10,2026-03-09 20:51:48.718583,136.4,8743.0,0.23,99.77,0,Wired IP
917,174,90,2025-12-29 16:47:02.121270,56.1,3332.0,0.57,99.43,0,WiFi
918,188,39,2025-10-09 21:38:30.033053,27.0,7553.0,0.01,99.99,0,WiFi
919,102,111,2026-03-26 03:52:29.739800,52.5,9050.0,0.07,99.93,0,Cellular Bonded
920,206,45,2026-01-11 18:15:26.283493,43.2,10328.0,0.21,99.79,0,Cellular Bonded
921,24,114,2025-09-01 22:23:33.841536,82.7,10491.0,0.38,94.62,1,Cellular Bonded
922,171,39,2025-09-01 10:38:41.326208,138.2,8280.0,1.45,98.55,0,Cellular Bonded
923,266,117,2026-05-05 17:28:14.639120,110.7,6895.0,0.0,100.0,0,Cellular Bonded
924,264,73,2026-06-07 17:14:01.715400,49.5,7631.0,0.24,99.76,0,Cellular Bonded
925,164,36,2026-02-23 19:34:27.166911,118.5,5591.0,0.29,99.71,0,Cellular Bonded
926,154,112,2025-10-11 14:35:03.537019,69.4,8944.0,0.58,99.42,0,Cellular Bonded
927,260,27,2026-07-10 06:24:43.704500,51.0,4811.0,1.1,98.9,0,Cellular Bonded
928,273,46,2025-10-08 06:20:12.250404,85.6,3639.0,0.05,99.95,0,Satellite Hybrid
929,289,120,2026-07-24 05:24:19.254024,120.7,8816.0,1.73,98.27,0,Cellular Bonded
930,9,12,2025-12-12 12:20:59.921351,100.9,8053.0,0.62,99.38,0,Cellular Bonded
931,57,99,2026-01-08 16:22:49.934013,103.9,8295.0,0.12,99.88,0,Cellular Bonded
932,299,26,2026-03-31 06:51:25.998586,78.0,7685.0,0.69,99.31,0,WiFi
933,14,74,2026-06-21 19:43:22.413616,114.3,8842.0,0.2,99.8,0,Cellular Bonded
934,136,108,2026-03-22 23:19:08.652389,32.0,11334.0,0.03,99.97,0,Cellular Bonded
935,297,11,2026-02-19 10:17:14.685436,137.9,7405.0,0.2,99.8,0,Cellular Bonded
936,27,81,2026-02-20 07:18:21.453210,110.5,6522.0,0.39,99.61,0,Wired IP
937,88,49,2026-02-13 01:14:52.929591,93.4,12545.0,0.38,99.62,0,Wired IP
938,195,113,2026-03-11 17:28:40.949931,142.1,8874.0,0.55,99.45,0,Cellular Bonded
939,125,35,2026-02-07 14:14:10.262364,82.9,7230.0,0.04,94.96,1,Cellular Bonded
940,57,99,2025-08-24 07:28:36.526039,44.3,7254.0,0.14,99.86,0,Cellular Bonded
941,226,31,2025-12-17 03:41:52.587140,31.3,8965.0,0.76,99.24,0,WiFi
942,78,17,2025-09-27 05:57:45.127660,62.5,7556.0,0.29,99.71,0,WiFi
943,105,69,2026-01-17 07:00:49.499986,115.6,5509.0,0.08,99.92,0,WiFi
944,242,76,2025-12-08 13:16:27.498528,42.8,6970.0,0.08,99.92,0,Cellular Bonded
945,32,74,2026-07-12 07:47:01.536802,113.7,8114.0,0.03,99.97,0,WiFi
946,266,117,2026-07-02 14:08:47.637437,99.3,8888.0,0.11,99.89,0,Cellular Bonded
947,167,19,2026-04-04 22:38:49.240499,73.7,9439.0,0.2,99.8,0,Cellular Bonded
948,245,117,2026-03-24 03:13:20.568333,86.5,4073.0,0.51,99.49,0,Cellular Bonded
949,161,89,2025-11-23 04:01:21.533972,109.2,13464.0,0.29,99.71,0,WiFi
950,236,12,2026-04-14 13:19:38.620973,45.6,10308.0,0.88,99.12,0,Cellular Bonded
951,176,39,2026-08-08 01:52:20.692396,43.3,6095.0,0.05,99.95,0,Cellular Bonded
952,136,108,2026-03-17 09:42:41.748358,81.5,6494.0,0.02,99.98,0,Wired IP
953,99,95,2025-11-09 07:13:05.542410,68.4,11987.0,0.6,99.4,0,Cellular Bonded
954,143,42,2025-09-05 23:38:29.970687,113.1,9480.0,0.21,99.79,0,Cellular Bonded
955,116,39,2026-02-09 14:54:49.274214,50.8,10601.0,0.27,99.73,0,Cellular Bonded
956,153,8,2026-02-25 14:29:58.588593,78.2,7987.0,0.13,99.87,0,Cellular Bonded
957,107,12,2026-05-08 11:58:30.300295,103.4,9426.0,0.22,99.78,0,Cellular Bonded
958,251,58,2026-05-28 00:00:51.949224,72.2,9106.0,0.05,99.95,0,Cellular Bonded
959,179,13,2026-01-04 00:33:12.383837,4.3,7777.0,0.12,99.88,0,Wired IP
960,141,13,2026-06-14 04:15:46.138430,75.2,6781.0,0.13,99.87,0,WiFi
961,294,96,2025-11-14 15:35:43.751925,19.3,8072.0,0.8,99.2,0,Wired IP
962,195,113,2026-03-15 05:59:10.881859,7.7,2737.0,0.14,99.86,0,WiFi
963,203,44,2026-04-30 22:57:24.454026,11.7,5971.0,0.23,99.77,0,Cellular Bonded
964,75,99,2025-10-26 21:10:29.912987,21.3,9245.0,0.11,99.89,0,Satellite Hybrid
965,148,5,2026-01-26 05:38:32.452487,40.3,6692.0,0.8,99.2,0,Cellular Bonded
966,41,114,2026-01-18 02:38:18.787774,110.6,14247.0,0.24,99.76,0,Cellular Bonded
967,227,1,2026-01-15 23:38:53.212443,137.6,3498.0,0.0,100.0,0,Cellular Bonded
968,246,8,2025-10-31 16:00:28.755350,136.7,8368.0,0.08,99.92,0,Cellular Bonded
969,276,82,2026-02-17 10:08:30.185620,47.0,12368.0,0.01,99.99,0,Cellular Bonded
970,288,119,2026-03-29 10:51:21.364922,81.2,7519.0,0.05,99.95,0,WiFi
971,71,55,2026-02-06 09:26:15.777040,61.9,6397.0,0.32,99.68,0,Cellular Bonded
972,123,95,2026-06-23 22:19:04.900390,15.6,7588.0,0.15,99.85,0,Satellite Hybrid
973,272,13,2026-05-10 18:27:42.493855,89.2,7250.0,0.4,99.6,0,Cellular Bonded
974,120,58,2026-05-02 20:59:22.880340,65.0,6580.0,0.58,99.42,0,Cellular Bonded
975,212,85,2026-02-23 13:53:02.328939,40.5,9891.0,0.69,99.31,0,Cellular Bonded
976,242,76,2026-03-10 23:37:39.695134,64.9,10790.0,0.14,99.86,0,Cellular Bonded
977,71,55,2026-08-17 14:14:08.290668,53.8,7505.0,0.35,94.65,1,Cellular Bonded
978,282,10,2026-02-08 20:42:36.580836,147.5,8748.0,0.12,99.88,0,Wired IP
979,81,84,2026-01-02 19:04:04.448219,23.0,7545.0,0.54,99.46,0,Satellite Hybrid
980,244,28,2026-08-02 11:12:15.986971,104.8,4226.0,0.1,99.9,0,Cellular Bonded
981,103,16,2026-02-02 00:48:53.742936,111.8,6969.0,1.4,98.6,0,Cellular Bonded
982,148,5,2026-02-28 20:25:33.595516,175.6,8671.0,1.08,98.92,0,Wired IP
983,31,26,2026-03-05 15:35:56.162351,55.5,4897.0,0.25,99.75,0,WiFi
984,46,36,2026-04-21 22:58:43.232082,131.3,10764.0,2.53,97.47,0,Cellular Bonded
985,119,42,2026-06-30 23:12:23.880975,46.5,4519.0,0.17,99.83,0,Cellular Bonded
986,20,95,2026-04-23 17:42:31.031247,75.9,6463.0,0.85,99.15,0,Cellular Bonded
987,90,12,2026-06-07 14:29:19.612810,1.0,8662.0,0.58,99.42,0,WiFi
988,91,61,2025-11-22 17:47:15.447886,10.5,9048.0,0.04,99.96,0,Cellular Bonded
989,19,12,2026-02-10 23:36:13.013474,113.1,8858.0,0.78,99.22,0,Cellular Bonded
990,204,45,2026-08-02 16:54:56.684397,37.2,4175.0,1.07,98.93,0,Cellular Bonded
991,96,71,2025-11-28 02:05:05.947893,106.6,9326.0,0.55,99.45,0,WiFi
992,149,29,2025-12-05 04:51:37.160398,51.4,7630.0,0.17,99.83,0,WiFi
993,5,61,2026-07-27 22:02:17.963031,82.2,6208.0,1.44,98.56,0,Wired IP
994,55,99,2026-08-11 19:15:51.401252,109.0,7955.0,0.53,99.47,0,Cellular Bonded
995,172,91,2026-05-26 17:56:52.928222,22.0,8540.0,1.11,98.89,0,Cellular Bonded
996,279,47,2026-05-02 13:19:48.081716,142.2,6487.0,0.16,99.84,0,Cellular Bonded
997,69,12,2026-04-27 04:53:07.320204,55.7,8161.0,0.51,99.49,0,Cellular Bonded
998,240,72,2026-02-12 17:51:27.110118,130.0,11257.0,0.3,99.7,0,Satellite Hybrid
999,58,112,2026-02-09 09:15:34.954731,109.3,10012.0,0.52,99.48,0,Wired IP
1000,235,75,2026-03-10 20:07:49.690801,49.1,4883.0,1.18,98.82,0,Cellular Bonded
1001,96,71,2026-07-25 08:42:36.817146,67.9,5337.0,0.05,94.95,1,Cellular Bonded
1002,173,74,2026-05-08 16:11:37.915442,62.5,9227.0,0.12,99.88,0,WiFi
1003,291,118,2025-12-01 07:01:56.345785,104.2,10829.0,0.89,99.11,0,WiFi
1004,99,95,2026-03-15 13:55:42.422793,104.4,5256.0,0.15,99.85,0,WiFi
1005,208,47,2026-03-04 12:35:40.764373,37.3,8491.0,0.29,99.71,0,Cellular Bonded
1006,264,73,2026-07-11 05:26:33.663288,104.3,3885.0,0.16,99.84,0,WiFi
1007,206,45,2026-01-09 06:12:15.025257,73.3,6616.0,0.66,99.34,0,WiFi
1008,95,9,2025-12-22 05:25:55.901428,90.9,7990.0,0.14,99.86,0,Cellular Bonded
1009,245,117,2026-05-27 10:30:24.382237,46.0,7827.0,1.23,98.77,0,Cellular Bonded
1010,128,107,2025-10-10 16:59:33.202370,91.2,9726.0,0.1,94.9,1,Satellite Hybrid
1011,197,56,2025-09-02 14:15:50.110535,64.1,6416.0,0.01,99.99,0,Wired IP
1012,137,17,2026-08-01 23:11:10.964941,91.6,6088.0,0.12,99.88,0,Wired IP
1013,155,109,2025-09-16 02:05:41.419738,1.0,10327.0,0.72,99.28,0,Cellular Bonded
1014,294,96,2026-07-21 12:55:57.128567,1.0,7271.0,0.84,94.16,1,Cellular Bonded
1015,185,72,2026-04-14 16:39:57.625580,12.0,9360.0,0.32,99.68,0,WiFi
1016,32,74,2026-05-18 01:07:25.728962,68.7,4556.0,0.25,99.75,0,Cellular Bonded
1017,239,16,2025-11-04 08:27:03.517925,43.8,10566.0,0.34,99.66,0,Cellular Bonded
1018,208,47,2026-06-16 11:22:22.322917,25.8,8083.0,0.22,99.78,0,Cellular Bonded
1019,160,71,2025-11-25 05:06:14.555615,93.9,9242.0,0.31,99.69,0,Cellular Bonded
1020,152,83,2026-03-11 09:32:18.602825,39.8,6764.0,0.05,99.95,0,Cellular Bonded
1021,114,16,2025-11-25 09:23:09.297821,36.3,6279.0,0.02,99.98,0,Cellular Bonded
1022,69,12,2025-09-27 02:39:02.963491,81.9,1064.0,0.06,99.94,0,Cellular Bonded
1023,233,87,2026-05-15 16:38:14.360064,22.9,6686.0,0.0,100.0,0,Cellular Bonded
1024,192,92,2025-11-13 14:03:42.190502,22.4,9804.0,0.06,99.94,0,Wired IP
1025,282,10,2025-09-05 18:28:30.044465,28.9,6163.0,0.78,99.22,0,WiFi
1026,276,82,2026-07-14 16:00:12.962414,40.5,660.0,0.1,99.9,0,Cellular Bonded
1027,112,53,2025-11-08 14:49:16.958348,29.6,8405.0,0.24,99.76,0,Wired IP
1028,42,109,2025-11-11 05:35:34.433191,45.8,13733.0,0.83,99.17,0,Cellular Bonded
1029,271,29,2025-09-23 19:33:05.120600,11.6,5275.0,0.63,99.37,0,WiFi
1030,40,117,2025-12-16 19:24:37.205060,49.4,3378.0,0.04,99.96,0,Wired IP
1031,58,112,2026-02-06 16:25:58.240155,58.3,8474.0,0.02,99.98,0,Satellite Hybrid
1032,281,66,2026-04-23 21:37:00.688338,58.9,6126.0,0.45,99.55,0,Cellular Bonded
1033,104,117,2025-10-07 10:03:51.476592,68.9,7623.0,0.4,99.6,0,Wired IP
1034,77,30,2026-08-05 07:49:53.220079,44.7,7550.0,0.53,99.47,0,Cellular Bonded
1035,267,84,2026-08-10 05:09:27.867788,91.2,6334.0,0.09,99.91,0,Cellular Bonded
1036,106,99,2025-10-14 21:26:11.623748,57.0,5969.0,0.22,99.78,0,Cellular Bonded
1037,251,58,2026-04-13 13:41:19.665817,86.4,8688.0,0.06,99.94,0,Cellular Bonded
1038,262,63,2026-07-05 17:02:17.728820,115.5,10192.0,0.62,99.38,0,Cellular Bonded
1039,29,8,2026-02-07 21:18:24.002753,58.3,3164.0,0.03,99.97,0,Satellite Hybrid
1040,263,17,2026-04-12 17:03:52.448666,65.0,12129.0,0.05,99.95,0,Satellite Hybrid
1041,289,120,2026-05-21 04:13:39.598135,103.6,8906.0,0.17,99.83,0,Cellular Bonded
1042,237,74,2025-12-01 02:15:48.223480,25.9,10091.0,0.96,99.04,0,Cellular Bonded
1043,158,116,2025-11-30 10:14:00.598719,52.9,8203.0,0.41,99.59,0,Cellular Bonded
1044,203,44,2025-09-08 20:02:31.785610,1.0,6362.0,0.08,99.92,0,Satellite Hybrid
1045,2,35,2026-05-25 20:29:24.109786,89.6,5827.0,0.44,99.56,0,Cellular Bonded
1046,297,11,2026-04-13 08:29:03.106908,71.2,9298.0,0.23,99.77,0,Cellular Bonded
1047,217,19,2025-11-11 00:11:34.755642,90.4,6097.0,0.55,99.45,0,Cellular Bonded
1048,33,90,2026-05-14 21:19:27.066885,50.5,9486.0,1.61,98.39,0,Cellular Bonded
1049,31,26,2026-06-24 15:27:19.442487,45.4,5338.0,0.23,99.77,0,Cellular Bonded
1050,36,105,2025-08-31 20:29:22.406624,138.5,11680.0,0.54,99.46,0,Cellular Bonded
1051,242,76,2026-07-20 14:41:26.332215,38.9,8151.0,0.48,94.52,1,Cellular Bonded
1052,210,80,2026-01-17 18:47:41.010577,75.4,9319.0,0.28,99.72,0,Cellular Bonded
1053,70,113,2026-06-19 23:56:38.544942,49.0,6238.0,0.81,99.19,0,Wired IP
1054,216,99,2026-07-25 03:46:47.083736,96.8,11667.0,0.03,99.97,0,Cellular Bonded
1055,196,25,2025-08-31 12:05:35.075286,92.6,6704.0,0.25,99.75,0,Cellular Bonded
1056,194,63,2026-06-19 11:39:49.973929,72.3,9448.0,0.92,99.08,0,Cellular Bonded
1057,277,115,2026-06-01 21:00:45.615701,12.2,7572.0,0.14,99.86,0,Cellular Bonded
1058,179,13,2025-10-25 05:59:23.517308,111.7,7738.0,1.08,98.92,0,Wired IP
1059,276,82,2026-05-18 15:42:29.515706,53.2,5658.0,0.01,99.99,0,Wired IP
1060,66,62,2026-07-02 15:49:29.685764,118.1,4422.0,0.5,99.5,0,Cellular Bonded
1061,115,57,2025-12-01 21:43:46.959348,83.7,7950.0,0.0,100.0,0,Cellular Bonded
1062,12,33,2025-08-31 21:57:38.807020,65.9,5634.0,0.01,99.99,0,Cellular Bonded
1063,238,96,2025-12-05 03:55:23.998919,72.2,4234.0,2.21,97.79,0,WiFi
1064,279,47,2026-03-26 06:40:42.818122,80.9,10542.0,0.02,99.98,0,Cellular Bonded
1065,195,113,2026-07-23 03:52:36.763941,56.8,9618.0,0.04,99.96,0,WiFi
1066,127,93,2025-12-18 13:00:42.003054,22.7,5704.0,2.48,97.52,0,Wired IP
1067,80,62,2026-01-31 02:15:18.759167,76.7,7860.0,0.42,99.58,0,WiFi
1068,58,112,2026-04-09 08:14:00.522150,96.6,8658.0,0.39,94.61,1,Cellular Bonded
1069,215,36,2026-02-25 15:15:17.359429,67.6,5154.0,0.02,99.98,0,Cellular Bonded
1070,9,12,2026-07-08 20:29:31.499883,113.4,10756.0,0.17,99.83,0,Cellular Bonded
1071,35,115,2025-10-06 05:26:29.292355,43.0,9525.0,0.31,99.69,0,Wired IP
1072,18,13,2026-02-18 07:06:29.430976,76.0,4781.0,0.19,99.81,0,Wired IP
1073,25,35,2025-11-25 20:02:09.127074,37.8,4169.0,1.63,98.37,0,Cellular Bonded
1074,23,115,2026-06-09 11:42:25.725035,1.0,8046.0,0.48,99.52,0,Cellular Bonded
1075,120,58,2025-12-16 22:49:52.521926,69.9,6614.0,0.17,99.83,0,Wired IP
1076,29,8,2026-05-12 03:01:38.905466,76.3,9336.0,0.68,99.32,0,WiFi
1077,149,29,2026-04-11 21:19:22.915665,78.5,6807.0,0.09,99.91,0,Cellular Bonded
1078,295,111,2026-05-07 13:19:51.473392,71.0,11303.0,0.79,99.21,0,Cellular Bonded
1079,165,70,2025-08-23 09:06:43.868004,34.9,8487.0,0.41,99.59,0,WiFi
1080,74,89,2025-12-19 07:08:50.747035,2.2,9427.0,0.01,99.99,0,Cellular Bonded
1081,267,84,2025-12-03 22:25:00.593346,89.6,8434.0,0.09,99.91,0,WiFi
1082,154,112,2026-04-21 10:07:21.078060,67.5,10775.0,0.44,99.56,0,WiFi
1083,286,109,2025-10-27 17:59:57.934986,29.7,5399.0,0.0,100.0,0,Wired IP
1084,90,12,2026-03-29 06:16:08.560124,69.6,8452.0,0.03,99.97,0,Cellular Bonded
1085,219,57,2026-04-08 09:34:20.078599,82.5,8275.0,0.93,99.07,0,WiFi
1086,25,35,2026-01-13 06:12:21.833363,54.1,6778.0,0.15,99.85,0,WiFi
1087,196,25,2026-01-21 08:48:43.844317,46.2,11086.0,0.22,99.78,0,Cellular Bonded
1088,164,36,2025-12-15 22:40:24.424563,48.5,3542.0,0.05,99.95,0,Cellular Bonded
1089,210,80,2026-01-11 13:24:18.545357,75.2,10764.0,0.03,99.97,0,Cellular Bonded
1090,193,62,2025-09-22 01:23:10.347262,1.0,6983.0,0.18,99.82,0,Cellular Bonded
1091,276,82,2026-08-11 14:13:32.932830,118.5,8950.0,0.17,99.83,0,WiFi
1092,116,39,2026-02-08 12:40:38.531342,47.3,7598.0,0.32,99.68,0,Satellite Hybrid
1093,74,89,2026-07-25 20:26:59.617013,70.3,8636.0,1.0,99.0,0,Wired IP
1094,30,93,2025-08-20 17:33:34.286232,90.4,13979.0,0.33,99.67,0,Wired IP
1095,214,101,2026-01-05 06:12:03.617454,51.5,8587.0,0.6,99.4,0,Cellular Bonded
1096,69,12,2026-01-28 07:33:11.333652,7.7,7349.0,0.47,99.53,0,Wired IP
1097,131,111,2025-11-23 16:50:51.827539,46.5,7420.0,0.14,99.86,0,WiFi
1098,41,114,2025-12-16 13:33:18.750319,16.8,5676.0,0.08,99.92,0,Cellular Bonded
1099,190,3,2026-03-18 20:38:11.245395,103.1,5689.0,0.03,99.97,0,WiFi
1100,98,78,2026-03-15 08:40:35.896593,62.4,3992.0,0.13,99.87,0,WiFi
1101,194,63,2025-11-21 17:10:40.091804,22.4,13948.0,0.68,99.32,0,WiFi
1102,21,46,2025-12-27 11:44:33.339962,83.4,6869.0,0.22,99.78,0,Cellular Bonded
1103,97,28,2025-11-12 11:57:30.743288,25.9,5705.0,0.29,99.71,0,Cellular Bonded
1104,287,5,2026-04-19 00:10:06.785104,127.9,9395.0,0.16,99.84,0,Cellular Bonded
1105,107,12,2026-02-04 03:01:40.839433,1.0,6940.0,0.02,99.98,0,WiFi
1106,171,39,2025-10-15 12:59:37.781724,7.9,8336.0,0.05,99.95,0,Cellular Bonded
1107,8,101,2026-04-25 16:23:04.747316,69.5,8258.0,0.37,99.63,0,WiFi
1108,98,78,2026-07-21 05:00:57.510221,73.7,5631.0,0.44,99.56,0,Cellular Bonded
1109,61,113,2026-07-08 07:42:49.633894,57.0,8623.0,0.15,99.85,0,Satellite Hybrid
1110,246,8,2026-05-26 06:16:03.843301,120.9,10423.0,0.05,99.95,0,WiFi
1111,105,69,2026-04-27 05:19:38.985824,1.0,13883.0,1.59,98.41,0,WiFi
1112,123,95,2026-04-08 09:26:43.737828,77.9,6804.0,0.04,99.96,0,Cellular Bonded
1113,145,50,2026-07-27 14:35:31.867166,85.8,5556.0,0.08,99.92,0,WiFi
1114,274,35,2025-12-30 09:45:30.759959,145.8,8150.0,0.09,99.91,0,WiFi
1115,158,116,2025-11-06 20:34:20.886627,97.7,7969.0,0.01,99.99,0,WiFi
1116,263,17,2026-08-02 17:07:06.528282,8.5,7403.0,0.33,99.67,0,Satellite Hybrid
1117,239,16,2026-02-08 19:03:12.986696,49.8,3327.0,0.13,99.87,0,Cellular Bonded
1118,241,102,2026-01-31 07:46:15.830789,1.0,9964.0,0.51,99.49,0,Cellular Bonded
1119,164,36,2026-08-14 04:53:27.390327,25.1,7994.0,0.2,99.8,0,Cellular Bonded
1120,190,3,2026-01-01 15:02:00.264354,56.1,7063.0,0.04,99.96,0,Cellular Bonded
1121,24,114,2026-05-01 11:23:44.669272,67.1,10429.0,0.12,99.88,0,WiFi
1122,114,16,2026-07-17 10:41:53.294942,63.8,9985.0,0.15,99.85,0,WiFi
1123,9,12,2026-05-21 16:50:19.506334,93.3,8828.0,0.47,99.53,0,Cellular Bonded
1124,300,63,2026-06-06 23:58:01.755467,71.1,3647.0,0.33,99.67,0,Cellular Bonded
1125,214,101,2026-06-15 14:48:01.548278,40.8,11071.0,0.21,99.79,0,WiFi
1126,101,83,2026-05-23 08:20:33.962255,45.3,7672.0,0.08,99.92,0,Wired IP
1127,195,113,2026-04-23 14:10:10.048253,57.0,6519.0,0.28,99.72,0,Cellular Bonded
1128,126,87,2026-03-23 17:37:40.119786,65.0,7554.0,0.19,99.81,0,Wired IP
1129,173,74,2026-06-01 15:50:39.227370,47.8,5486.0,0.22,99.78,0,Cellular Bonded
1130,251,58,2026-02-26 01:39:50.061563,20.3,9627.0,0.1,99.9,0,WiFi
1131,252,60,2026-02-27 01:01:29.007089,1.0,8023.0,0.07,99.93,0,Cellular Bonded
1132,181,92,2025-12-28 07:18:13.942286,103.2,8347.0,0.14,99.86,0,Cellular Bonded
1133,280,25,2026-07-19 01:39:55.070751,54.5,5734.0,0.02,99.98,0,Wired IP
1134,278,69,2025-09-28 04:46:40.243503,62.1,10565.0,0.29,99.71,0,Cellular Bonded
1135,31,26,2026-06-16 18:34:38.808763,101.6,7785.0,0.02,99.98,0,Wired IP
1136,39,58,2026-07-13 19:53:17.402804,93.9,7282.0,1.13,98.87,0,WiFi
1137,25,35,2025-10-31 00:48:30.835320,42.1,12977.0,0.72,99.28,0,Wired IP
1138,212,85,2026-03-02 03:22:45.448412,88.1,11257.0,0.37,99.63,0,WiFi
1139,119,42,2025-10-17 07:13:28.410407,120.4,8470.0,0.28,99.72,0,Cellular Bonded
1140,78,17,2026-06-26 03:50:19.832849,24.8,2746.0,0.06,94.94,1,Cellular Bonded
1141,259,64,2026-01-26 12:40:06.669624,30.9,8182.0,0.14,99.86,0,WiFi
1142,31,26,2026-04-23 13:45:37.723989,105.4,4973.0,0.48,99.52,0,Cellular Bonded
1143,248,36,2026-05-06 22:36:38.649964,66.9,7566.0,0.07,99.93,0,Satellite Hybrid
1144,9,12,2026-02-12 16:19:24.151442,51.8,8007.0,0.18,94.82,1,Satellite Hybrid
1145,283,56,2026-07-12 08:51:17.157236,135.5,7688.0,0.15,99.85,0,Cellular Bonded
1146,9,12,2026-01-27 20:34:37.769000,75.9,4632.0,0.15,99.85,0,Cellular Bonded
1147,141,13,2025-09-07 13:08:39.049878,110.7,10546.0,0.18,99.82,0,Cellular Bonded
1148,147,66,2025-10-05 09:40:48.700237,1.2,2902.0,0.44,94.56,1,Cellular Bonded
1149,221,47,2026-01-16 21:14:21.068092,96.2,8959.0,0.11,99.89,0,Wired IP
1150,92,105,2026-03-12 02:07:28.010329,6.7,6221.0,0.22,99.78,0,Cellular Bonded
1151,50,10,2026-03-10 05:19:15.670745,55.8,5495.0,0.57,99.43,0,Wired IP
1152,124,5,2026-04-20 19:48:43.658016,35.8,8761.0,0.45,99.55,0,Satellite Hybrid
1153,270,112,2025-12-08 17:34:56.405363,84.6,9153.0,0.81,99.19,0,Cellular Bonded
1154,182,58,2025-08-26 04:27:04.398823,22.2,10285.0,2.93,97.07,0,Cellular Bonded
1155,204,45,2025-11-19 03:00:38.264665,53.5,11727.0,0.24,99.76,0,Wired IP
1156,208,47,2025-08-19 08:08:22.333566,55.5,9314.0,0.09,99.91,0,WiFi
1157,125,35,2025-11-05 18:44:44.737233,68.7,10241.0,0.4,99.6,0,Cellular Bonded
1158,116,39,2025-09-13 21:31:47.519311,85.8,10967.0,0.28,99.72,0,Cellular Bonded
1159,42,109,2026-01-19 21:43:01.024540,73.2,9847.0,0.09,99.91,0,Satellite Hybrid
1160,17,29,2026-04-30 21:45:54.045811,76.6,13011.0,0.51,99.49,0,Satellite Hybrid
1161,195,113,2026-03-03 18:49:58.525734,106.7,11406.0,0.89,99.11,0,WiFi
1162,244,28,2025-09-09 05:37:05.832677,75.2,8011.0,0.12,99.88,0,WiFi
1163,5,61,2026-07-10 15:55:59.311141,140.4,5680.0,0.52,99.48,0,Satellite Hybrid
1164,43,75,2026-08-13 05:13:48.345852,57.9,5218.0,0.33,99.67,0,WiFi
1165,223,49,2026-02-06 13:31:04.867939,97.5,7726.0,0.23,99.77,0,Cellular Bonded
1166,170,54,2025-12-01 00:54:40.718008,80.0,11354.0,1.29,98.71,0,WiFi
1167,49,36,2025-10-22 22:31:49.138241,47.6,8052.0,0.21,99.79,0,Cellular Bonded
1168,22,2,2025-10-06 16:12:28.775774,33.5,9673.0,0.09,99.91,0,Cellular Bonded
1169,291,118,2026-04-09 10:05:45.515836,49.9,6128.0,0.87,99.13,0,WiFi
1170,24,114,2026-05-11 10:59:50.073395,98.0,9632.0,0.13,99.87,0,Wired IP
1171,144,9,2026-08-05 01:22:53.863493,49.3,5822.0,0.35,99.65,0,Cellular Bonded
1172,289,120,2026-01-01 22:21:29.730190,36.2,11671.0,0.61,99.39,0,Cellular Bonded
1173,92,105,2026-07-09 14:39:33.023111,87.9,6057.0,0.12,99.88,0,Cellular Bonded
1174,162,45,2026-01-28 23:20:13.159981,72.6,6286.0,0.44,94.56,1,Cellular Bonded
1175,107,12,2026-07-19 00:31:46.607940,106.2,10508.0,0.12,99.88,0,WiFi
1176,204,45,2026-01-03 00:57:05.509319,49.0,7151.0,3.02,96.98,0,Satellite Hybrid
1177,154,112,2025-09-16 12:47:17.111534,1.0,6607.0,0.37,99.63,0,Cellular Bonded
1178,124,5,2026-08-05 04:33:05.136506,166.3,7948.0,0.03,99.97,0,WiFi
1179,200,117,2026-07-03 11:39:04.624907,94.5,5315.0,1.6,98.4,0,WiFi
1180,277,115,2025-10-05 18:50:22.145372,140.8,7690.0,0.76,99.24,0,Cellular Bonded
1181,72,13,2026-06-28 06:39:26.772849,29.4,9798.0,0.24,99.76,0,WiFi
1182,41,114,2025-09-30 13:03:41.559735,147.1,9611.0,0.56,99.44,0,Satellite Hybrid
1183,178,45,2026-08-15 16:00:43.208841,130.2,8655.0,0.52,99.48,0,Satellite Hybrid
1184,224,14,2026-01-08 17:17:31.422573,18.5,3676.0,1.41,98.59,0,Cellular Bonded
1185,39,58,2025-10-03 17:24:13.857340,62.7,3616.0,0.72,99.28,0,Cellular Bonded
1186,204,45,2026-08-10 12:17:10.425349,54.0,7646.0,0.49,99.51,0,Cellular Bonded
1187,168,61,2026-06-18 23:33:35.489074,22.5,2743.0,0.89,94.11,1,Cellular Bonded
1188,140,46,2026-05-21 06:34:43.383049,68.2,5088.0,1.32,98.68,0,Satellite Hybrid
1189,231,3,2026-08-10 10:14:19.832769,68.6,7339.0,0.14,99.86,0,Satellite Hybrid
1190,183,20,2026-02-03 06:04:47.169561,29.2,4737.0,1.03,98.97,0,Cellular Bonded
1191,193,62,2026-05-07 17:40:28.784720,118.9,9780.0,0.09,99.91,0,Cellular Bonded
1192,300,63,2026-01-20 01:29:23.332143,94.8,11466.0,0.26,99.74,0,Wired IP
1193,44,29,2026-01-03 16:32:49.475387,90.3,8682.0,0.52,99.48,0,WiFi
1194,152,83,2025-11-10 01:47:55.729238,56.2,6348.0,0.78,99.22,0,Cellular Bonded
1195,38,68,2026-02-02 09:14:26.705271,51.4,6124.0,0.1,99.9,0,Wired IP
1196,79,113,2025-10-13 20:43:59.724820,65.0,10769.0,0.03,99.97,0,WiFi
1197,79,113,2025-10-26 00:59:26.898641,77.8,8210.0,0.33,99.67,0,Cellular Bonded
1198,163,4,2026-07-03 17:23:05.714385,81.3,8040.0,0.48,99.52,0,WiFi
1199,47,89,2026-05-24 16:08:51.942500,97.0,5874.0,0.55,94.45,1,Cellular Bonded
1200,158,116,2025-08-29 23:58:32.586041,1.0,7628.0,0.12,99.88,0,Cellular Bonded
1201,139,7,2026-04-16 05:41:11.862663,82.6,3624.0,0.0,100.0,0,Cellular Bonded
1202,45,120,2026-03-30 17:02:19.437144,74.4,10386.0,0.37,99.63,0,Cellular Bonded
1203,230,118,2026-07-26 00:03:51.010923,24.6,9437.0,0.68,99.32,0,Cellular Bonded
1204,263,17,2026-07-08 18:34:36.286859,13.7,11151.0,0.55,99.45,0,Cellular Bonded
1205,14,74,2025-11-14 02:11:19.994813,14.7,7547.0,0.41,99.59,0,Wired IP
1206,284,30,2025-09-11 19:15:14.470884,91.7,7515.0,0.28,99.72,0,WiFi
1207,167,19,2026-03-23 01:14:31.305883,1.0,8211.0,0.17,99.83,0,WiFi
1208,7,43,2026-01-28 04:58:24.365541,25.5,5899.0,0.18,99.82,0,Cellular Bonded
1209,199,38,2026-04-20 13:17:35.926091,101.4,11816.0,0.26,99.74,0,Cellular Bonded
1210,287,5,2026-07-02 15:08:21.173428,77.1,8507.0,0.24,99.76,0,Satellite Hybrid
1211,125,35,2025-11-15 13:49:37.994050,1.0,13156.0,0.12,99.88,0,WiFi
1212,87,19,2025-09-03 09:16:38.401185,71.9,8608.0,0.09,99.91,0,Cellular Bonded
1213,87,19,2026-01-25 11:27:24.278545,41.2,8354.0,0.45,99.55,0,Cellular Bonded
1214,155,109,2026-03-03 06:32:06.743604,103.5,12348.0,0.22,99.78,0,Cellular Bonded
1215,75,99,2026-05-20 14:51:50.868064,74.7,3197.0,0.42,99.58,0,WiFi
1216,223,49,2026-05-28 12:47:00.442387,50.3,7542.0,0.17,99.83,0,WiFi
1217,154,112,2025-10-08 09:26:35.805371,116.8,7370.0,0.32,99.68,0,Wired IP
1218,40,117,2026-08-15 21:35:23.281814,154.3,5782.0,0.12,99.88,0,Cellular Bonded
1219,127,93,2025-11-11 17:12:02.866782,21.1,9783.0,0.37,99.63,0,WiFi
1220,254,28,2026-07-18 18:14:19.904668,64.8,5766.0,0.12,99.88,0,WiFi
1221,101,83,2026-03-16 13:00:02.580180,11.0,7229.0,0.23,99.77,0,Cellular Bonded
1222,70,113,2026-03-17 00:57:17.507380,140.4,4083.0,0.29,99.71,0,Cellular Bonded
1223,203,44,2026-05-27 05:53:50.960899,70.0,7413.0,0.33,99.67,0,Cellular Bonded
1224,195,113,2026-06-12 23:32:14.505829,47.3,11051.0,0.64,99.36,0,Cellular Bonded
1225,169,108,2025-11-12 17:13:40.381063,116.8,6833.0,0.13,99.87,0,Satellite Hybrid
1226,221,47,2026-07-04 02:35:06.796835,75.5,11056.0,0.37,99.63,0,Cellular Bonded
1227,70,113,2026-08-13 01:21:37.766886,88.0,7087.0,0.56,99.44,0,Cellular Bonded
1228,103,16,2026-02-24 12:22:50.690942,178.6,12084.0,0.2,99.8,0,Cellular Bonded
1229,91,61,2026-01-16 04:54:19.934580,23.5,9614.0,0.64,99.36,0,WiFi
1230,164,36,2025-11-26 16:20:00.969109,1.0,6405.0,0.13,99.87,0,Cellular Bonded
1231,252,60,2026-03-09 11:06:22.590383,30.1,11391.0,0.38,99.62,0,Cellular Bonded
1232,125,35,2026-03-22 05:17:35.168620,108.6,7273.0,0.64,99.36,0,Cellular Bonded
1233,144,9,2026-05-13 14:53:05.972697,33.5,6155.0,0.17,99.83,0,Cellular Bonded
1234,202,58,2025-10-21 04:03:21.485346,7.0,7211.0,0.06,99.94,0,Cellular Bonded
1235,289,120,2026-04-23 00:13:25.648381,84.0,5996.0,0.11,99.89,0,Cellular Bonded
1236,280,25,2026-03-09 03:30:23.622364,102.3,8550.0,0.88,99.12,0,WiFi
1237,282,10,2025-09-04 08:28:14.912932,68.1,6791.0,0.62,94.38,1,Cellular Bonded
1238,237,74,2025-12-21 23:07:32.369361,110.2,8392.0,0.26,99.74,0,Cellular Bonded
1239,108,25,2026-04-10 01:47:14.735829,63.8,7561.0,0.07,99.93,0,WiFi
1240,150,37,2026-01-04 09:00:05.759750,30.5,9398.0,0.88,99.12,0,Cellular Bonded
1241,36,105,2026-02-25 16:31:15.601113,81.4,6618.0,0.62,99.38,0,Satellite Hybrid
1242,210,80,2026-04-29 10:03:04.374755,82.9,9664.0,0.86,99.14,0,Cellular Bonded
1243,72,13,2026-01-14 06:27:48.344213,41.8,8846.0,0.29,99.71,0,Satellite Hybrid
1244,124,5,2025-12-05 17:01:55.975152,48.2,6942.0,0.99,99.01,0,Cellular Bonded
1245,79,113,2025-10-24 08:40:38.959524,70.8,6379.0,0.37,99.63,0,Cellular Bonded
1246,194,63,2026-03-02 14:29:20.825911,66.7,9137.0,0.33,99.67,0,Cellular Bonded
1247,246,8,2025-11-14 04:50:01.594714,6.5,9717.0,0.14,99.86,0,Cellular Bonded
1248,274,35,2025-11-08 11:57:20.468468,115.0,9053.0,0.07,99.93,0,Cellular Bonded
1249,215,36,2026-06-27 06:36:20.162159,97.0,3751.0,0.06,99.94,0,Cellular Bonded
1250,185,72,2025-10-09 22:22:51.641318,151.5,10861.0,0.13,99.87,0,Cellular Bonded
1251,275,6,2026-02-03 06:15:57.644899,72.8,10731.0,0.21,99.79,0,Cellular Bonded
1252,44,29,2025-09-08 06:33:43.545623,20.8,10167.0,0.12,99.88,0,Wired IP
1253,128,107,2026-01-15 21:10:19.505909,50.2,7180.0,0.04,99.96,0,Satellite Hybrid
1254,182,58,2026-01-17 06:43:47.534190,7.3,11424.0,0.31,99.69,0,WiFi
1255,23,115,2026-02-27 16:57:29.498111,75.1,11153.0,0.08,99.92,0,Cellular Bonded
1256,205,32,2026-01-07 00:38:41.499425,71.3,6952.0,0.66,99.34,0,Cellular Bonded
1257,170,54,2025-11-19 07:43:39.944830,67.1,6327.0,1.1,98.9,0,Satellite Hybrid
1258,221,47,2025-12-16 19:08:31.155836,86.5,9382.0,1.08,98.92,0,WiFi
1259,51,101,2025-09-16 02:27:14.454956,31.9,9925.0,0.02,99.98,0,Cellular Bonded
1260,262,63,2026-01-29 10:17:07.802621,95.5,6866.0,0.2,99.8,0,Cellular Bonded
1261,286,109,2025-12-31 16:42:58.279529,57.7,9446.0,0.2,99.8,0,Cellular Bonded
1262,295,111,2026-03-01 18:24:09.430659,16.3,10455.0,0.35,99.65,0,Satellite Hybrid
1263,192,92,2026-06-17 00:06:59.038663,103.6,10156.0,0.29,99.71,0,Cellular Bonded
1264,257,41,2025-09-06 01:13:53.246330,45.2,10201.0,0.28,99.72,0,Cellular Bonded
1265,13,40,2026-01-02 22:04:28.750902,56.4,10796.0,0.2,99.8,0,WiFi
1266,152,83,2026-03-27 01:50:03.235536,29.7,8576.0,0.28,99.72,0,WiFi
1267,44,29,2025-09-01 16:11:44.345819,13.8,6485.0,0.82,99.18,0,WiFi
1268,73,23,2025-09-13 19:22:54.122194,36.8,6436.0,0.5,99.5,0,Cellular Bonded
1269,176,39,2026-06-07 23:13:58.757070,31.6,6838.0,0.12,99.88,0,Cellular Bonded
1270,106,99,2026-03-20 17:31:05.900097,30.5,11070.0,0.16,99.84,0,Cellular Bonded
1271,179,13,2026-04-20 08:16:20.202221,11.7,7773.0,0.27,99.73,0,WiFi
1272,225,15,2025-11-05 10:59:39.037044,67.7,6011.0,0.77,99.23,0,Cellular Bonded
1273,232,16,2025-11-02 11:47:24.217274,62.5,11073.0,0.43,99.57,0,Cellular Bonded
1274,154,112,2026-07-15 08:11:57.954549,115.4,7784.0,0.56,99.44,0,Cellular Bonded
1275,59,36,2025-12-06 21:56:21.394121,70.5,11522.0,0.26,94.74,1,WiFi
1276,176,39,2026-07-16 01:22:57.335869,79.1,10450.0,0.58,99.42,0,WiFi
1277,85,13,2025-11-03 13:21:37.906998,11.7,5879.0,0.65,99.35,0,Cellular Bonded
1278,125,35,2025-10-26 14:30:40.050363,15.6,11808.0,0.56,99.44,0,WiFi
1279,283,56,2026-05-15 21:45:20.540654,27.8,8181.0,0.67,99.33,0,Wired IP
1280,287,5,2026-05-17 21:06:00.531670,76.8,7309.0,0.84,99.16,0,Cellular Bonded
1281,237,74,2026-05-20 14:22:57.276629,18.3,11868.0,0.13,99.87,0,WiFi
1282,208,47,2026-07-18 01:06:17.044237,80.4,10254.0,0.29,99.71,0,Cellular Bonded
1283,96,71,2026-04-29 04:04:30.630436,61.9,6386.0,0.02,99.98,0,Satellite Hybrid
1284,222,105,2026-05-02 03:24:34.247483,120.0,6433.0,0.15,99.85,0,Satellite Hybrid
1285,102,111,2026-01-10 00:35:55.397502,58.5,8031.0,0.03,99.97,0,Cellular Bonded
1286,220,18,2025-11-13 14:29:24.249652,38.3,9886.0,0.96,99.04,0,Cellular Bonded
1287,110,85,2025-12-13 15:22:38.419852,105.0,7795.0,0.41,99.59,0,Cellular Bonded
1288,33,90,2025-11-29 13:35:29.105583,29.8,4351.0,0.28,99.72,0,Cellular Bonded
1289,275,6,2026-02-04 10:31:21.894820,56.3,10577.0,0.47,99.53,0,Wired IP
1290,167,19,2026-04-12 01:08:34.159037,54.1,10775.0,0.05,99.95,0,Cellular Bonded
1291,59,36,2025-12-08 19:47:47.064687,139.7,10522.0,0.76,99.24,0,Cellular Bonded
1292,251,58,2025-12-27 12:33:11.604444,48.9,5237.0,0.17,99.83,0,Cellular Bonded
1293,161,89,2026-07-06 12:00:04.727797,69.2,13151.0,0.51,99.49,0,Cellular Bonded
1294,201,6,2026-02-04 08:21:50.763938,52.3,2959.0,0.84,99.16,0,Cellular Bonded
1295,179,13,2026-06-07 07:09:55.519961,44.8,10942.0,0.77,99.23,0,WiFi
1296,235,75,2026-05-08 22:45:27.105327,118.1,5409.0,0.07,99.93,0,Wired IP
1297,153,8,2026-05-23 06:19:19.365869,22.9,2341.0,0.49,99.51,0,WiFi
1298,44,29,2025-12-13 03:16:19.595332,94.0,5042.0,0.2,99.8,0,Cellular Bonded
1299,161,89,2025-10-31 09:18:46.572855,28.1,11885.0,0.17,99.83,0,WiFi
1300,157,86,2025-12-10 11:13:06.245588,77.0,6304.0,0.11,99.89,0,Cellular Bonded
1301,192,92,2025-09-03 22:13:56.360120,79.6,5155.0,0.49,99.51,0,Cellular Bonded
1302,262,63,2026-06-29 15:56:01.837794,95.0,5876.0,0.15,99.85,0,Wired IP
1303,71,55,2026-05-15 19:48:12.783424,33.4,12032.0,0.03,99.97,0,WiFi
1304,217,19,2025-08-24 03:49:22.853954,95.3,4650.0,0.24,99.76,0,Wired IP
1305,276,82,2026-03-08 05:15:41.712630,89.0,4130.0,0.28,99.72,0,Cellular Bonded
1306,89,100,2026-03-19 10:24:04.384829,106.2,9701.0,0.63,99.37,0,Cellular Bonded
1307,251,58,2026-05-08 01:43:00.830116,115.3,7500.0,0.14,99.86,0,Cellular Bonded
1308,96,71,2025-12-03 23:53:20.163390,53.8,3651.0,0.88,99.12,0,Cellular Bonded
1309,231,3,2025-10-28 20:32:58.098875,1.0,11086.0,0.25,99.75,0,Cellular Bonded
1310,184,92,2025-11-10 04:54:18.334010,44.9,3717.0,0.4,99.6,0,Cellular Bonded
1311,249,90,2026-03-14 05:37:27.265190,21.2,4029.0,0.11,99.89,0,Wired IP
1312,197,56,2025-11-15 22:33:07.039350,52.1,8036.0,0.01,99.99,0,Wired IP
1313,259,64,2026-03-07 05:52:41.926051,90.8,6532.0,0.02,99.98,0,Wired IP
1314,210,80,2026-07-28 15:22:34.506090,72.8,10560.0,0.0,100.0,0,Cellular Bonded
1315,213,75,2025-12-19 11:06:29.883541,25.2,2195.0,0.14,99.86,0,Cellular Bonded
1316,228,117,2026-05-23 21:29:34.865335,91.8,14257.0,0.13,99.87,0,Cellular Bonded
1317,43,75,2026-02-12 14:30:39.700958,64.7,8505.0,0.56,99.44,0,Cellular Bonded
1318,113,23,2026-05-09 08:47:00.013825,61.9,7534.0,0.15,99.85,0,WiFi
1319,141,13,2026-05-15 05:16:31.280227,13.6,10206.0,1.37,98.63,0,Cellular Bonded
1320,148,5,2026-02-02 11:01:31.920081,41.3,5561.0,0.27,99.73,0,WiFi
1321,235,75,2026-05-12 17:30:33.727672,84.8,8074.0,0.51,99.49,0,Cellular Bonded
1322,254,28,2025-12-24 19:07:20.765356,77.6,6352.0,0.07,99.93,0,WiFi
1323,58,112,2025-10-08 07:53:31.853993,20.8,4986.0,0.0,100.0,0,WiFi
1324,138,102,2026-03-05 17:59:29.886808,75.8,7043.0,0.27,99.73,0,WiFi
1325,188,39,2025-10-24 10:09:22.634056,33.6,8395.0,0.58,99.42,0,Cellular Bonded
1326,22,2,2026-07-08 21:24:29.452907,13.2,7790.0,0.56,99.44,0,Wired IP
1327,226,31,2026-08-14 17:54:21.743345,117.1,14494.0,0.58,99.42,0,Cellular Bonded
1328,218,20,2026-08-02 16:02:06.897135,91.9,10947.0,0.26,99.74,0,Satellite Hybrid
1329,127,93,2026-02-25 11:58:37.836083,70.2,6805.0,0.39,99.61,0,Wired IP
1330,17,29,2026-06-20 12:45:59.834724,32.3,8027.0,0.15,99.85,0,WiFi
1331,179,13,2025-09-14 08:55:36.741169,33.1,5632.0,0.69,99.31,0,Satellite Hybrid
1332,45,120,2026-06-12 20:09:02.038584,1.0,8236.0,0.53,99.47,0,Cellular Bonded
1333,61,113,2025-09-04 22:45:13.601124,55.5,8327.0,0.8,99.2,0,Cellular Bonded
1334,122,14,2025-08-20 13:38:58.350062,146.9,5163.0,0.39,99.61,0,Cellular Bonded
1335,180,114,2025-10-07 10:16:44.076482,32.3,10334.0,0.94,99.06,0,WiFi
1336,220,18,2026-04-05 11:16:22.874113,108.8,6634.0,0.18,99.82,0,Cellular Bonded
1337,72,13,2025-09-12 01:11:07.905567,69.2,8787.0,0.24,99.76,0,Cellular Bonded
1338,106,99,2025-10-12 08:53:08.889370,48.8,6008.0,0.27,99.73,0,Cellular Bonded
1339,292,65,2025-11-06 01:54:55.485710,12.8,7712.0,0.06,99.94,0,Cellular Bonded
1340,144,9,2026-01-31 16:48:12.574705,96.9,9990.0,0.66,99.34,0,Wired IP
1341,87,19,2025-09-09 07:19:19.865652,30.7,6158.0,0.25,99.75,0,Cellular Bonded
1342,150,37,2026-04-08 00:50:08.859777,96.4,11386.0,0.83,99.17,0,Cellular Bonded
1343,137,17,2026-07-25 03:36:51.319807,55.2,9229.0,0.27,99.73,0,Cellular Bonded
1344,264,73,2026-07-17 10:18:00.345545,46.7,11728.0,1.15,98.85,0,Wired IP
1345,49,36,2026-04-15 21:41:05.495678,80.7,9236.0,0.04,99.96,0,Cellular Bonded
1346,211,118,2025-08-23 23:32:47.368974,82.7,8114.0,0.23,99.77,0,Cellular Bonded
1347,142,40,2026-02-28 12:24:48.253710,70.8,10825.0,0.34,99.66,0,Cellular Bonded
1348,65,23,2026-01-15 09:26:28.781029,34.6,8275.0,0.58,99.42,0,Cellular Bonded
1349,68,37,2025-08-24 08:15:29.596363,53.5,10114.0,0.06,99.94,0,WiFi
1350,165,70,2026-05-08 20:49:21.567235,85.1,6341.0,1.38,98.62,0,WiFi
1351,202,58,2026-03-01 19:18:04.324692,67.6,7234.0,0.48,99.52,0,WiFi
1352,296,49,2025-11-30 21:23:16.483696,63.8,6286.0,0.31,99.69,0,Cellular Bonded
1353,213,75,2026-02-17 13:36:56.451499,39.7,3305.0,0.72,99.28,0,Wired IP
1354,39,58,2026-04-29 23:38:11.628549,11.8,12065.0,0.12,99.88,0,Wired IP
1355,48,21,2026-01-22 09:57:20.769817,38.6,10705.0,0.68,99.32,0,Cellular Bonded
1356,143,42,2026-07-27 06:29:58.526249,111.7,5936.0,0.03,99.97,0,Cellular Bonded
1357,189,1,2025-10-22 16:16:14.644509,1.0,3242.0,0.9,99.1,0,Cellular Bonded
1358,250,8,2026-07-19 08:42:37.135666,32.7,12724.0,0.58,99.42,0,Wired IP
1359,2,35,2026-02-25 15:50:26.289004,48.6,8363.0,0.04,99.96,0,Wired IP
1360,48,21,2025-11-14 04:50:21.884123,117.1,8276.0,0.78,99.22,0,Wired IP
1361,235,75,2026-04-01 11:35:46.608894,68.0,9557.0,0.17,99.83,0,Wired IP
1362,184,92,2025-11-18 09:08:48.596266,36.1,8196.0,0.41,99.59,0,Satellite Hybrid
1363,274,35,2025-12-25 14:57:55.505183,76.7,9888.0,0.17,99.83,0,Wired IP
1364,220,18,2026-06-04 10:07:35.468548,85.6,10973.0,0.14,99.86,0,Cellular Bonded
1365,254,28,2025-09-16 02:00:19.963439,43.7,8529.0,0.12,99.88,0,WiFi
1366,146,27,2026-08-03 10:05:26.569445,1.0,6726.0,0.07,99.93,0,Cellular Bonded
1367,296,49,2026-02-01 18:58:55.199911,34.8,10168.0,0.0,100.0,0,WiFi
1368,249,90,2025-11-15 00:27:20.677749,68.1,8864.0,0.05,99.95,0,Cellular Bonded
1369,25,35,2026-04-29 18:10:50.113197,50.5,9247.0,0.37,99.63,0,Cellular Bonded
1370,236,12,2025-12-05 17:47:12.970117,88.0,6660.0,0.54,94.46,1,WiFi
1371,81,84,2026-06-16 12:20:23.496849,51.8,7459.0,0.34,99.66,0,Satellite Hybrid
1372,1,50,2025-09-16 16:00:09.757248,66.2,5104.0,0.71,99.29,0,Cellular Bonded
1373,220,18,2026-08-15 05:44:36.733602,23.8,7479.0,0.05,99.95,0,Satellite Hybrid
1374,68,37,2026-04-12 11:25:13.466999,108.9,9735.0,0.33,99.67,0,Satellite Hybrid
1375,155,109,2025-08-29 19:18:28.008937,26.6,9326.0,0.5,99.5,0,WiFi
1376,141,13,2026-01-13 04:20:53.050815,33.9,5759.0,0.43,99.57,0,Cellular Bonded
1377,185,72,2026-01-02 22:05:19.009749,89.9,5947.0,0.07,99.93,0,Wired IP
1378,191,77,2026-02-07 23:58:57.911385,26.1,8090.0,0.47,99.53,0,Cellular Bonded
1379,85,13,2026-04-07 16:14:43.912072,38.8,3727.0,0.14,99.86,0,Cellular Bonded
1380,157,86,2026-05-01 19:19:09.683841,47.9,5384.0,0.12,99.88,0,WiFi
1381,120,58,2025-09-17 10:07:51.322582,65.8,13000.0,0.6,99.4,0,WiFi
1382,47,89,2026-06-22 19:37:17.860394,139.3,11114.0,0.13,99.87,0,Wired IP
1383,1,50,2026-04-10 15:43:39.581352,64.1,7822.0,0.51,99.49,0,Cellular Bonded
1384,40,117,2025-12-17 03:58:11.048720,79.0,4888.0,0.33,99.67,0,WiFi
1385,116,39,2026-08-10 00:03:48.035463,54.5,8553.0,0.01,99.99,0,WiFi
1386,228,117,2026-08-08 17:29:31.808538,102.2,4333.0,0.07,94.93,1,Cellular Bonded
1387,176,39,2026-07-10 20:57:04.064561,171.3,8345.0,0.29,99.71,0,Cellular Bonded
1388,217,19,2026-07-19 18:22:36.856179,43.6,7477.0,0.04,99.96,0,Cellular Bonded
1389,245,117,2025-11-10 02:41:46.325592,74.9,2473.0,0.15,99.85,0,WiFi
1390,197,56,2026-07-13 05:44:14.835146,48.4,9879.0,0.09,99.91,0,Cellular Bonded
1391,53,24,2026-04-27 22:49:33.846204,24.5,13239.0,0.08,99.92,0,WiFi
1392,189,1,2026-03-13 03:17:39.665509,72.1,5116.0,0.3,99.7,0,WiFi
1393,71,55,2025-11-25 04:46:26.486714,26.0,9744.0,0.08,99.92,0,Cellular Bonded
1394,69,12,2026-07-21 14:14:36.526193,80.2,8882.0,0.29,99.71,0,Wired IP
1395,74,89,2026-04-25 01:58:26.239607,69.3,8400.0,0.24,99.76,0,WiFi
1396,289,120,2025-11-28 14:03:28.331055,83.8,9542.0,0.07,94.93,1,WiFi
1397,85,13,2026-03-04 11:11:28.816488,69.8,7766.0,0.25,99.75,0,WiFi
1398,110,85,2026-04-15 11:23:23.433282,28.5,7984.0,0.14,99.86,0,Wired IP
1399,78,17,2025-10-22 17:02:19.462711,61.9,8492.0,2.24,97.76,0,WiFi
1400,227,1,2026-06-24 16:16:59.874674,46.7,8276.0,0.93,99.07,0,Satellite Hybrid
1401,45,120,2025-08-23 22:54:03.804350,68.7,8256.0,0.72,99.28,0,WiFi
1402,72,13,2025-11-01 20:37:30.266003,25.7,4869.0,0.15,99.85,0,Cellular Bonded
1403,197,56,2025-10-09 20:58:39.402675,132.8,9760.0,0.77,99.23,0,Cellular Bonded
1404,220,18,2026-06-13 19:45:35.530664,56.2,8049.0,0.04,99.96,0,Cellular Bonded
1405,72,13,2026-06-13 21:36:50.739844,49.3,8528.0,0.5,99.5,0,Cellular Bonded
1406,44,29,2026-07-23 07:33:26.307622,72.0,8529.0,1.27,98.73,0,Wired IP
1407,146,27,2025-12-05 11:40:26.290752,29.2,9311.0,0.13,99.87,0,Cellular Bonded
1408,14,74,2026-03-12 02:32:10.822873,68.5,14268.0,0.81,99.19,0,Wired IP
1409,155,109,2026-03-13 02:31:17.030784,71.9,1578.0,1.42,98.58,0,Cellular Bonded
1410,261,118,2026-06-24 07:39:07.996949,39.3,9709.0,0.46,99.54,0,Cellular Bonded
1411,201,6,2026-04-22 09:11:50.516729,71.4,10478.0,0.08,99.92,0,Cellular Bonded
1412,28,90,2026-03-03 13:34:01.007955,87.6,7981.0,0.59,99.41,0,Cellular Bonded
1413,123,95,2026-01-05 08:34:56.779835,89.2,3025.0,0.55,99.45,0,WiFi
1414,58,112,2026-05-15 06:35:56.269466,112.4,5651.0,0.43,99.57,0,Wired IP
1415,37,7,2026-06-02 19:14:35.577327,26.7,10367.0,0.75,99.25,0,Cellular Bonded
1416,7,43,2026-04-26 20:44:35.484008,35.3,4349.0,0.72,99.28,0,Cellular Bonded
1417,163,4,2025-09-15 20:49:22.710060,43.6,500.0,0.01,99.99,0,Cellular Bonded
1418,292,65,2026-05-17 08:38:10.413610,80.3,8947.0,0.14,99.86,0,Wired IP
1419,280,25,2025-12-22 11:46:56.425208,47.6,11601.0,0.55,99.45,0,Wired IP
1420,242,76,2025-09-22 21:32:32.592205,2.0,7382.0,1.14,98.86,0,Satellite Hybrid
1421,38,68,2025-11-10 23:31:31.612269,71.8,5695.0,0.28,94.72,1,Wired IP
1422,35,115,2025-09-14 23:42:50.142756,1.0,8523.0,0.45,94.55,1,Cellular Bonded
1423,111,100,2026-03-27 03:34:48.948752,81.4,4295.0,0.69,94.31,1,Cellular Bonded
1424,31,26,2026-03-30 07:46:11.525733,7.1,11147.0,0.14,99.86,0,Cellular Bonded
1425,204,45,2026-03-23 15:49:29.189764,105.0,6811.0,0.13,99.87,0,WiFi
1426,257,41,2026-08-06 22:23:42.335170,124.0,10180.0,0.14,99.86,0,Cellular Bonded
1427,217,19,2025-12-15 09:05:37.896785,157.2,7474.0,0.53,99.47,0,Cellular Bonded
1428,43,75,2026-04-06 17:14:48.798262,102.8,10957.0,0.49,99.51,0,Cellular Bonded
1429,276,82,2026-05-31 06:21:18.053256,12.6,6620.0,0.7,99.3,0,Satellite Hybrid
1430,143,42,2026-01-29 16:58:24.043415,91.4,7793.0,0.02,99.98,0,Wired IP
1431,41,114,2025-11-09 12:25:56.708718,46.0,10934.0,0.11,99.89,0,WiFi
1432,105,69,2026-03-08 02:51:44.992416,28.8,6636.0,0.62,99.38,0,Cellular Bonded
1433,80,62,2026-01-02 06:49:19.221287,82.4,9394.0,0.85,99.15,0,WiFi
1434,201,6,2025-10-25 00:57:46.618153,1.7,9985.0,0.88,99.12,0,WiFi
1435,34,34,2026-03-20 02:32:58.606931,42.5,7917.0,0.41,99.59,0,Cellular Bonded
1436,224,14,2026-01-03 23:31:22.625392,87.9,5478.0,0.04,99.96,0,WiFi
1437,123,95,2026-05-27 02:38:55.867340,117.9,5213.0,0.19,99.81,0,Cellular Bonded
1438,45,120,2025-12-04 01:31:44.135001,28.0,7439.0,0.34,99.66,0,Cellular Bonded
1439,60,82,2025-11-16 04:51:28.033738,105.3,8178.0,0.73,99.27,0,Wired IP
1440,29,8,2025-09-14 01:42:36.816969,71.5,5357.0,0.9,99.1,0,Wired IP
1441,90,12,2025-11-24 01:24:48.077631,59.6,6946.0,0.1,99.9,0,WiFi
1442,71,55,2026-01-03 22:53:09.061856,30.6,8794.0,0.26,99.74,0,WiFi
1443,84,86,2026-05-31 09:21:09.053874,71.7,10370.0,0.67,99.33,0,WiFi
1444,178,45,2025-10-13 13:20:05.202994,61.2,7811.0,0.51,99.49,0,Cellular Bonded
1445,133,9,2026-01-07 11:11:01.149672,83.5,9793.0,0.74,99.26,0,Cellular Bonded
1446,65,23,2025-12-27 21:48:04.973793,110.3,4965.0,0.01,99.99,0,WiFi
1447,138,102,2025-09-20 15:31:40.533966,53.1,10938.0,0.58,99.42,0,Cellular Bonded
1448,61,113,2026-07-28 10:57:28.600017,65.3,8827.0,1.09,98.91,0,Cellular Bonded
1449,16,44,2026-01-27 14:02:03.245673,24.1,5717.0,1.06,98.94,0,Cellular Bonded
1450,220,18,2026-05-23 03:50:50.159987,123.6,13251.0,0.54,99.46,0,Cellular Bonded
1451,33,90,2025-09-24 13:21:59.187243,34.1,6671.0,0.39,99.61,0,WiFi
1452,296,49,2025-09-19 02:31:43.218786,129.3,9171.0,0.06,99.94,0,Wired IP
1453,255,92,2026-01-22 13:30:55.481028,24.5,8559.0,0.25,99.75,0,WiFi
1454,185,72,2026-03-09 13:26:40.916400,53.5,9210.0,0.5,99.5,0,Cellular Bonded
1455,291,118,2026-02-21 07:11:41.591044,67.5,6774.0,0.47,99.53,0,WiFi
1456,81,84,2025-09-24 22:39:58.737002,50.9,7963.0,0.04,99.96,0,Cellular Bonded
1457,53,24,2025-09-19 22:52:05.522781,1.0,6790.0,0.35,99.65,0,Cellular Bonded
1458,60,82,2026-03-08 13:13:07.166665,82.6,5995.0,0.06,99.94,0,Satellite Hybrid
1459,261,118,2026-03-24 03:21:11.746797,60.0,6494.0,0.08,94.92,1,Cellular Bonded
1460,7,43,2026-05-31 14:09:26.628268,94.8,8292.0,0.02,99.98,0,Cellular Bonded
1461,242,76,2026-06-29 12:43:17.448350,51.8,12573.0,0.66,99.34,0,Cellular Bonded
1462,77,30,2025-08-22 17:50:12.280145,60.5,9127.0,0.17,99.83,0,Wired IP
1463,19,12,2026-01-16 07:05:40.487809,93.4,14892.0,0.52,99.48,0,Satellite Hybrid
1464,215,36,2026-05-29 15:59:25.723400,84.2,5670.0,0.06,99.94,0,WiFi
1465,128,107,2026-05-09 20:02:56.525806,41.2,7819.0,0.01,99.99,0,Wired IP
1466,164,36,2026-03-10 11:47:54.265468,58.8,5350.0,0.68,99.32,0,Wired IP
1467,40,117,2026-08-15 14:59:26.466810,173.3,10020.0,0.44,99.56,0,Wired IP
1468,62,103,2025-11-14 20:22:43.040282,113.1,13189.0,0.01,99.99,0,Cellular Bonded
1469,27,81,2026-02-24 11:05:49.419416,92.4,8303.0,0.81,99.19,0,Wired IP
1470,265,33,2026-04-25 09:44:49.569301,123.9,8356.0,0.73,99.27,0,Satellite Hybrid
1471,206,45,2025-10-19 02:43:08.836083,49.5,2810.0,0.78,99.22,0,Cellular Bonded
1472,239,16,2025-11-24 09:42:33.817825,93.1,11357.0,0.55,99.45,0,Cellular Bonded
1473,160,71,2025-11-24 05:13:20.368788,72.4,9511.0,0.14,99.86,0,Satellite Hybrid
1474,284,30,2025-10-10 12:15:00.854650,24.8,5405.0,0.2,99.8,0,Wired IP
1475,189,1,2025-10-18 06:37:06.459117,146.1,8008.0,0.2,99.8,0,Cellular Bonded
1476,289,120,2025-11-26 23:24:43.307082,69.7,9288.0,1.09,98.91,0,Cellular Bonded
1477,125,35,2025-12-05 15:50:19.023460,25.6,9421.0,0.13,99.87,0,WiFi
1478,253,50,2026-05-30 22:37:55.555536,143.8,6668.0,0.15,99.85,0,Cellular Bonded
1479,101,83,2025-12-28 01:31:19.281659,113.8,8057.0,0.11,99.89,0,Cellular Bonded
1480,280,25,2026-07-28 22:00:53.547285,49.4,13954.0,0.25,99.75,0,Cellular Bonded
1481,126,87,2026-05-08 09:29:32.561147,136.7,11122.0,0.42,99.58,0,Cellular Bonded
1482,210,80,2026-02-15 05:25:35.137713,83.5,8335.0,0.31,94.69,1,WiFi
1483,278,69,2026-03-31 08:19:54.232986,110.4,8454.0,1.06,98.94,0,Cellular Bonded
1484,5,61,2026-02-01 09:01:42.825117,1.0,5019.0,0.21,99.79,0,Cellular Bonded
1485,1,50,2025-10-06 16:44:21.933666,148.1,8906.0,0.09,99.91,0,Wired IP
1486,193,62,2025-08-20 17:00:35.150230,60.8,11096.0,0.21,99.79,0,Cellular Bonded
1487,158,116,2026-01-09 16:21:45.743133,39.5,8995.0,0.46,99.54,0,WiFi
1488,272,13,2026-06-21 11:03:44.379525,84.5,7097.0,0.01,99.99,0,Wired IP
1489,215,36,2026-01-03 21:55:18.556742,77.8,5900.0,0.12,99.88,0,WiFi
1490,31,26,2026-06-28 23:24:21.679355,20.1,8095.0,0.34,99.66,0,Cellular Bonded
1491,73,23,2026-01-25 22:29:47.462250,96.9,8842.0,0.21,99.79,0,Cellular Bonded
1492,48,21,2026-01-22 10:19:57.353450,66.6,7342.0,0.21,99.79,0,Cellular Bonded
1493,119,42,2026-06-14 20:40:49.470841,53.7,4792.0,1.67,98.33,0,Cellular Bonded
1494,267,84,2026-04-12 21:25:44.348832,119.9,9236.0,0.55,99.45,0,Cellular Bonded
1495,191,77,2026-03-23 05:10:25.317546,103.7,8722.0,0.01,99.99,0,Cellular Bonded
1496,44,29,2025-12-05 21:49:21.441985,43.4,4658.0,0.22,99.78,0,WiFi
1497,259,64,2026-03-26 10:25:51.258085,66.1,5724.0,0.33,99.67,0,Cellular Bonded
1498,202,58,2026-04-29 01:08:56.761751,36.0,11621.0,1.16,98.84,0,Cellular Bonded
1499,291,118,2026-02-09 02:18:22.693853,114.8,8681.0,0.13,99.87,0,Cellular Bonded
1500,67,96,2025-10-22 01:59:38.902730,58.9,12661.0,0.91,99.09,0,Wired IP
1501,134,74,2026-01-10 14:40:55.791105,5.6,3573.0,0.21,99.79,0,Cellular Bonded
1502,202,58,2025-12-12 17:40:24.337553,93.0,9904.0,0.26,99.74,0,Cellular Bonded
1503,168,61,2026-05-13 11:55:33.714360,20.3,5441.0,0.67,99.33,0,Cellular Bonded
1504,140,46,2026-04-06 06:33:15.351545,88.2,10619.0,0.53,99.47,0,Cellular Bonded
1505,104,117,2026-08-06 12:15:17.253034,103.6,11979.0,0.59,99.41,0,Cellular Bonded
1506,300,63,2026-05-30 16:34:02.223240,152.2,6969.0,0.05,99.95,0,Cellular Bonded
1507,55,99,2025-12-15 04:47:50.646836,19.2,5169.0,0.4,99.6,0,Cellular Bonded
1508,239,16,2025-11-28 13:25:10.136202,34.2,8610.0,0.04,99.96,0,WiFi
1509,62,103,2026-06-01 02:39:58.897701,62.5,6680.0,0.05,99.95,0,Cellular Bonded
1510,107,12,2025-12-29 11:36:27.480994,68.4,6499.0,0.42,99.58,0,Cellular Bonded
1511,238,96,2026-07-24 11:31:26.948109,90.1,10779.0,0.17,99.83,0,Cellular Bonded
1512,62,103,2025-10-30 04:09:40.845106,74.2,6745.0,0.61,99.39,0,WiFi
1513,156,65,2026-08-17 06:43:09.245419,84.2,11649.0,0.12,99.88,0,Wired IP
1514,21,46,2025-10-22 22:03:22.405275,90.8,8385.0,0.11,99.89,0,Cellular Bonded
1515,168,61,2026-05-25 10:47:27.226242,22.4,3586.0,0.01,99.99,0,Cellular Bonded
1516,128,107,2025-08-28 01:31:55.425257,83.6,11059.0,0.56,99.44,0,Cellular Bonded
1517,203,44,2026-05-10 16:48:29.890452,57.9,3116.0,0.16,99.84,0,WiFi
1518,154,112,2026-07-28 11:05:11.853923,105.4,4806.0,0.06,99.94,0,WiFi
1519,90,12,2025-11-02 18:26:32.372507,73.1,9917.0,0.33,94.67,1,Wired IP
1520,208,47,2026-06-05 10:12:43.392407,9.9,9826.0,0.14,99.86,0,WiFi
1521,285,114,2026-06-17 16:32:52.029421,29.2,10684.0,0.17,99.83,0,Wired IP
1522,128,107,2025-09-12 11:37:02.890595,56.7,5825.0,0.03,99.97,0,WiFi
1523,53,24,2026-06-23 17:09:26.116796,75.9,6404.0,0.02,99.98,0,WiFi
1524,72,13,2026-06-04 11:05:02.499526,51.9,10776.0,0.3,99.7,0,Cellular Bonded
1525,32,74,2026-04-20 21:39:05.056712,102.8,6445.0,0.13,99.87,0,WiFi
1526,114,16,2025-10-08 01:03:49.816400,38.6,6062.0,0.16,99.84,0,Satellite Hybrid
1527,206,45,2025-12-06 18:49:32.803830,130.6,7238.0,0.1,99.9,0,Cellular Bonded
1528,44,29,2025-11-18 11:27:18.883890,89.6,9322.0,0.02,99.98,0,Satellite Hybrid
1529,133,9,2025-10-13 12:09:49.760818,114.7,6713.0,0.83,99.17,0,Wired IP
1530,39,58,2026-01-19 16:43:41.522779,35.8,10194.0,0.67,94.33,1,Cellular Bonded
1531,34,34,2026-01-02 20:31:21.317924,62.5,6373.0,1.14,98.86,0,Wired IP
1532,228,117,2026-01-29 03:58:36.082797,76.0,6881.0,0.66,99.34,0,Cellular Bonded
1533,48,21,2026-03-24 12:11:44.502894,138.3,7384.0,0.23,99.77,0,Cellular Bonded
1534,170,54,2026-03-18 18:44:15.625337,85.6,8644.0,0.42,99.58,0,WiFi
1535,237,74,2026-03-01 07:17:33.138048,20.9,6767.0,0.41,99.59,0,Cellular Bonded
1536,294,96,2026-07-21 08:25:49.699673,1.0,4792.0,1.11,98.89,0,Cellular Bonded
1537,203,44,2026-07-01 16:32:50.589312,44.5,9410.0,0.11,99.89,0,Cellular Bonded
1538,196,25,2026-01-17 22:26:12.280109,51.2,8432.0,0.16,99.84,0,Cellular Bonded
1539,89,100,2025-08-31 15:49:09.274448,132.2,9006.0,0.3,99.7,0,Wired IP
1540,96,71,2026-08-06 18:04:49.580065,59.4,9143.0,0.6,99.4,0,WiFi
1541,229,54,2026-05-01 08:42:39.724681,59.9,10388.0,0.3,99.7,0,Cellular Bonded
1542,18,13,2026-06-10 18:13:20.723361,47.9,9383.0,0.11,99.89,0,Cellular Bonded
1543,126,87,2026-03-23 00:09:13.975364,78.6,4246.0,0.06,99.94,0,Cellular Bonded
1544,256,101,2026-07-18 00:45:13.950683,58.0,9993.0,0.55,99.45,0,Cellular Bonded
1545,282,10,2025-09-27 03:54:08.175237,94.6,6482.0,0.58,99.42,0,Cellular Bonded
1546,45,120,2025-11-16 20:27:45.719721,61.8,9273.0,0.09,99.91,0,Satellite Hybrid
1547,71,55,2026-04-17 21:04:39.608705,34.6,8938.0,0.62,99.38,0,Cellular Bonded
1548,270,112,2025-10-17 23:00:21.589914,1.0,7472.0,0.54,99.46,0,Cellular Bonded
1549,279,47,2026-03-29 21:22:03.742182,78.8,10978.0,0.63,99.37,0,Wired IP
1550,196,25,2026-03-11 20:04:17.624391,63.4,7715.0,0.05,99.95,0,Cellular Bonded
1551,184,92,2026-04-10 16:48:49.274245,172.4,10018.0,0.33,99.67,0,Cellular Bonded
1552,249,90,2026-04-11 07:48:57.505604,48.8,8803.0,0.15,99.85,0,Satellite Hybrid
1553,290,33,2026-08-06 03:54:53.207497,31.9,12120.0,0.83,99.17,0,Cellular Bonded
1554,199,38,2025-12-17 06:49:35.595055,46.9,7762.0,0.32,99.68,0,WiFi
1555,14,74,2026-06-04 21:28:10.622338,51.2,6292.0,0.61,99.39,0,Cellular Bonded
1556,113,23,2025-09-25 21:53:49.523820,95.6,5128.0,0.09,94.91,1,Wired IP
1557,144,9,2025-09-23 05:36:33.215700,77.6,6491.0,0.28,99.72,0,Wired IP
1558,242,76,2025-11-07 06:39:49.280403,79.9,6038.0,0.34,99.66,0,Cellular Bonded
1559,300,63,2026-05-17 20:52:14.203492,137.0,7826.0,1.11,98.89,0,Cellular Bonded
1560,82,112,2026-03-09 22:16:44.803040,126.3,11032.0,0.09,99.91,0,Cellular Bonded
1561,124,5,2026-04-26 06:19:17.364028,91.7,8650.0,1.62,98.38,0,Cellular Bonded
1562,29,8,2025-11-06 22:10:16.717807,48.9,9803.0,0.0,100.0,0,Cellular Bonded
1563,113,23,2026-01-01 19:22:03.647526,7.3,8288.0,0.16,99.84,0,Cellular Bonded
1564,199,38,2026-02-03 06:35:57.691369,36.7,8908.0,0.1,99.9,0,Cellular Bonded
1565,89,100,2026-04-23 07:16:46.399071,84.1,11732.0,0.47,99.53,0,Satellite Hybrid
1566,163,4,2026-04-27 06:36:53.024582,121.4,6781.0,0.23,99.77,0,Wired IP
1567,184,92,2025-10-12 06:23:29.165173,107.5,7770.0,0.67,99.33,0,Wired IP
1568,15,43,2026-08-17 10:33:17.209296,33.5,11434.0,0.04,99.96,0,WiFi
1569,181,92,2026-02-10 11:15:33.377393,45.1,6325.0,0.17,99.83,0,Cellular Bonded
1570,289,120,2025-12-04 01:59:27.520023,79.9,8160.0,0.57,99.43,0,Cellular Bonded
1571,97,28,2026-07-20 06:36:04.781061,1.0,8765.0,0.05,99.95,0,Cellular Bonded
1572,253,50,2025-09-18 13:53:29.668701,79.6,7451.0,0.04,99.96,0,Cellular Bonded
1573,90,12,2026-06-17 16:51:45.431210,114.9,10170.0,0.24,99.76,0,WiFi
1574,47,89,2026-05-11 18:32:32.602145,120.9,5085.0,0.02,99.98,0,Cellular Bonded
1575,113,23,2025-12-23 09:24:52.203433,89.1,9446.0,0.5,94.5,1,Cellular Bonded
1576,245,117,2025-12-21 11:18:52.485533,49.8,5958.0,0.09,94.91,1,Cellular Bonded
1577,104,117,2026-05-31 12:40:45.079176,102.3,7861.0,0.01,99.99,0,Cellular Bonded
1578,175,19,2026-02-24 11:11:14.245440,130.9,11797.0,0.26,99.74,0,WiFi
1579,166,31,2025-12-23 09:09:57.880527,20.4,7960.0,0.87,99.13,0,Satellite Hybrid
1580,76,105,2025-09-22 20:59:33.294776,77.4,5434.0,0.08,99.92,0,Cellular Bonded
1581,73,23,2026-05-08 19:04:52.206337,86.6,9409.0,0.05,99.95,0,Wired IP
1582,270,112,2026-01-30 09:35:34.344048,92.8,8753.0,0.24,99.76,0,Cellular Bonded
1583,38,68,2025-09-11 18:13:58.142067,59.4,8245.0,0.29,99.71,0,WiFi
1584,203,44,2025-09-03 13:11:15.173799,26.0,9655.0,0.01,99.99,0,Cellular Bonded
1585,173,74,2026-05-04 16:49:38.673110,1.0,8213.0,0.05,99.95,0,Satellite Hybrid
1586,70,113,2025-08-26 11:35:18.247204,94.8,9637.0,0.38,99.62,0,Wired IP
1587,224,14,2025-12-21 11:24:47.831536,102.8,8919.0,1.17,98.83,0,Wired IP
1588,250,8,2025-09-27 03:50:35.490193,36.9,7506.0,0.08,99.92,0,Cellular Bonded
1589,90,12,2026-06-06 06:55:41.738904,87.3,2919.0,0.5,99.5,0,Cellular Bonded
1590,288,119,2026-07-23 16:44:04.084439,113.4,10553.0,0.33,99.67,0,Wired IP
1591,183,20,2026-05-15 13:07:11.521062,23.8,7508.0,0.33,99.67,0,Cellular Bonded
1592,90,12,2026-02-22 14:19:22.965145,32.3,6667.0,0.16,99.84,0,Satellite Hybrid
1593,151,38,2026-03-07 16:59:06.301883,17.4,8670.0,0.05,99.95,0,Cellular Bonded
1594,1,50,2025-12-17 01:30:29.677774,85.8,7821.0,0.72,99.28,0,Cellular Bonded
1595,294,96,2026-01-20 21:07:34.414483,90.5,9253.0,0.17,99.83,0,Wired IP
1596,291,118,2026-02-02 21:45:32.769912,151.9,2231.0,3.26,91.74,1,WiFi
1597,163,4,2026-06-05 10:49:39.583968,123.3,10255.0,0.42,99.58,0,Wired IP
1598,114,16,2026-04-05 03:01:33.867820,58.8,10759.0,0.03,99.97,0,Cellular Bonded
1599,54,64,2025-10-25 06:38:58.228959,101.1,11962.0,0.31,99.69,0,Cellular Bonded
1600,73,23,2026-04-15 04:22:09.942439,23.5,5599.0,0.28,99.72,0,Cellular Bonded
1601,40,117,2026-01-09 15:24:09.009347,13.8,5104.0,0.35,99.65,0,Cellular Bonded
1602,164,36,2026-05-14 09:57:04.036212,74.4,11103.0,0.44,99.56,0,WiFi
1603,46,36,2026-07-06 14:30:06.784213,54.5,3397.0,1.25,98.75,0,WiFi
1604,172,91,2026-01-29 08:25:47.289932,1.0,10544.0,0.13,99.87,0,WiFi
1605,136,108,2026-01-22 01:00:58.931654,7.4,5382.0,0.76,99.24,0,WiFi
1606,35,115,2025-08-19 20:42:27.945683,106.7,6874.0,0.76,99.24,0,Cellular Bonded
1607,56,49,2025-11-04 15:32:28.304836,1.0,8794.0,2.34,97.66,0,WiFi
1608,25,35,2025-11-27 20:17:20.534869,51.6,9782.0,0.07,99.93,0,WiFi
1609,215,36,2026-05-02 03:19:55.459590,44.7,2245.0,0.4,99.6,0,Wired IP
1610,212,85,2026-06-04 19:30:56.897255,120.9,7001.0,0.12,99.88,0,WiFi
1611,194,63,2026-03-16 23:50:34.852806,1.0,7764.0,0.09,99.91,0,Cellular Bonded
1612,193,62,2026-06-06 02:07:45.406925,100.9,11021.0,0.03,99.97,0,WiFi
1613,246,8,2026-03-02 05:23:03.325776,67.5,6368.0,0.12,99.88,0,Satellite Hybrid
1614,296,49,2025-12-29 18:25:09.156263,22.1,6022.0,0.13,99.87,0,Wired IP
1615,116,39,2025-10-29 04:16:51.429748,119.4,10008.0,1.0,99.0,0,Wired IP
1616,38,68,2025-09-28 20:04:33.784537,33.0,9584.0,0.74,99.26,0,Cellular Bonded
1617,18,13,2026-04-20 01:42:34.184621,99.1,10787.0,0.57,99.43,0,Cellular Bonded
1618,164,36,2026-02-12 22:04:14.412251,82.7,8338.0,0.04,99.96,0,Cellular Bonded
1619,54,64,2026-08-05 20:04:33.795873,81.8,8252.0,0.04,99.96,0,Cellular Bonded
1620,88,49,2025-12-10 15:26:31.139188,75.4,9202.0,0.45,99.55,0,Cellular Bonded
1621,83,89,2026-01-07 02:34:26.869430,43.9,9081.0,0.2,99.8,0,Cellular Bonded
1622,281,66,2026-01-08 12:47:00.396293,57.3,5659.0,0.15,99.85,0,Cellular Bonded
1623,48,21,2025-09-28 22:30:13.450778,80.4,6675.0,0.01,99.99,0,Wired IP
1624,248,36,2025-12-24 17:26:49.036317,48.8,9752.0,0.16,99.84,0,Cellular Bonded
1625,221,47,2026-02-01 09:01:09.811849,71.3,10677.0,0.38,99.62,0,Wired IP
1626,85,13,2025-10-20 05:13:39.905379,115.0,10705.0,0.62,99.38,0,Cellular Bonded
1627,223,49,2026-04-21 03:00:22.285066,76.6,7783.0,1.03,98.97,0,Wired IP
1628,52,73,2026-06-06 11:51:46.571965,110.4,7620.0,0.02,99.98,0,Cellular Bonded
1629,98,78,2026-07-19 14:15:44.803698,45.0,1521.0,0.12,99.88,0,Cellular Bonded
1630,284,30,2026-03-21 16:09:45.179799,63.4,4866.0,0.63,99.37,0,WiFi
1631,277,115,2026-04-20 14:03:02.349469,63.8,5540.0,0.48,99.52,0,Cellular Bonded
1632,145,50,2025-12-10 13:31:44.020019,128.3,4485.0,1.38,98.62,0,Cellular Bonded
1633,50,10,2025-11-13 07:50:50.008316,7.3,3751.0,0.34,99.66,0,Cellular Bonded
1634,293,18,2025-09-29 22:18:20.811034,42.7,5903.0,1.25,98.75,0,WiFi
1635,252,60,2026-01-01 12:14:26.399712,106.6,9325.0,0.05,99.95,0,Wired IP
1636,185,72,2025-10-08 20:09:27.555626,1.0,10454.0,0.68,94.32,1,WiFi
1637,45,120,2026-01-07 01:01:56.190019,42.2,7532.0,0.07,99.93,0,Wired IP
1638,246,8,2026-03-23 22:59:01.826537,1.0,10167.0,0.14,99.86,0,Cellular Bonded
1639,14,74,2026-03-16 01:34:25.960851,29.6,12501.0,1.35,98.65,0,WiFi
1640,150,37,2026-01-19 15:56:49.053492,38.3,10356.0,0.03,99.97,0,Cellular Bonded
1641,243,24,2026-02-11 21:25:09.854341,24.6,6428.0,1.22,98.78,0,Cellular Bonded
1642,158,116,2026-03-02 09:40:45.841415,46.2,6729.0,0.13,99.87,0,Wired IP
1643,242,76,2026-07-19 18:27:13.812799,29.8,5015.0,0.43,99.57,0,Cellular Bonded
1644,136,108,2026-07-23 23:30:08.037177,43.8,6899.0,0.15,99.85,0,Cellular Bonded
1645,279,47,2025-10-20 11:25:27.420034,79.8,6783.0,0.64,99.36,0,Cellular Bonded
1646,190,3,2025-10-18 03:37:23.846671,32.2,6901.0,0.53,99.47,0,Satellite Hybrid
1647,190,3,2025-12-01 16:11:27.647399,15.3,3748.0,0.0,100.0,0,Cellular Bonded
1648,23,115,2025-10-25 12:53:03.430387,93.0,9369.0,0.85,99.15,0,Cellular Bonded
1649,239,16,2026-06-21 14:19:11.613910,37.8,8529.0,0.27,99.73,0,Cellular Bonded
1650,138,102,2026-04-01 08:20:49.771982,6.6,5210.0,0.22,99.78,0,Satellite Hybrid
1651,78,17,2026-06-30 04:31:36.317118,56.3,10068.0,1.59,98.41,0,WiFi
1652,50,10,2026-07-31 16:46:13.316370,153.9,8443.0,0.04,99.96,0,WiFi
1653,177,67,2026-02-11 03:21:37.692065,74.4,8099.0,0.4,99.6,0,WiFi
1654,212,85,2025-10-28 11:14:02.476245,42.0,10789.0,0.12,99.88,0,Cellular Bonded
1655,117,109,2026-01-05 09:26:26.441244,1.2,7497.0,0.9,99.1,0,Cellular Bonded
1656,199,38,2026-03-11 05:43:09.218499,90.6,8200.0,0.28,99.72,0,Wired IP
1657,215,36,2026-04-13 15:14:20.979782,13.4,4229.0,0.22,99.78,0,Cellular Bonded
1658,244,28,2026-01-14 14:07:50.778437,57.0,15454.0,0.15,99.85,0,Wired IP
1659,121,39,2026-02-13 17:42:42.757080,1.0,12043.0,0.42,99.58,0,WiFi
1660,41,114,2026-05-04 11:15:00.122106,65.0,9430.0,0.05,99.95,0,Cellular Bonded
1661,18,13,2026-01-27 06:17:18.512856,103.3,7873.0,0.2,99.8,0,Wired IP
1662,265,33,2025-10-18 07:01:20.007584,83.5,7964.0,0.0,100.0,0,Wired IP
1663,76,105,2026-03-12 15:08:55.011784,61.3,8075.0,0.03,99.97,0,Cellular Bonded
1664,230,118,2026-06-04 18:24:06.298856,183.4,10006.0,0.01,99.99,0,Cellular Bonded
1665,86,59,2025-11-06 17:46:16.660543,168.4,7980.0,0.06,99.94,0,Cellular Bonded
1666,99,95,2025-08-30 04:09:41.253376,129.1,5737.0,0.22,99.78,0,Satellite Hybrid
1667,217,19,2025-11-08 07:33:55.046108,100.5,4022.0,0.3,99.7,0,Cellular Bonded
1668,223,49,2025-12-01 14:45:00.545205,41.1,7577.0,0.98,99.02,0,Cellular Bonded
1669,76,105,2026-05-30 05:45:17.104274,1.0,6593.0,0.4,99.6,0,WiFi
1670,133,9,2026-03-12 17:21:43.831951,115.9,9897.0,0.95,99.05,0,Wired IP
1671,35,115,2026-05-27 05:58:48.241726,21.7,9652.0,0.41,99.59,0,Cellular Bonded
1672,285,114,2026-02-15 01:08:29.388744,97.1,9308.0,0.54,99.46,0,WiFi
1673,167,19,2026-02-20 16:52:18.737514,82.7,7334.0,0.69,99.31,0,WiFi
1674,267,84,2026-03-15 07:14:45.704989,107.4,10348.0,1.14,98.86,0,WiFi
1675,7,43,2025-11-24 00:41:06.470685,125.3,10807.0,0.1,99.9,0,WiFi
1676,268,77,2026-03-04 11:51:09.533452,19.3,7380.0,0.66,99.34,0,Cellular Bonded
1677,58,112,2026-08-14 22:54:01.728851,1.0,5417.0,0.05,99.95,0,Cellular Bonded
1678,76,105,2026-03-04 02:32:29.305772,33.1,6752.0,0.13,99.87,0,Cellular Bonded
1679,299,26,2026-05-21 11:53:42.394761,119.5,9536.0,0.26,99.74,0,Wired IP
1680,52,73,2026-05-22 16:05:12.846096,105.4,10119.0,0.09,99.91,0,WiFi
1681,289,120,2026-01-26 08:30:57.821232,47.3,10645.0,0.1,99.9,0,Cellular Bonded
1682,147,66,2025-11-06 00:21:29.743405,43.6,11899.0,0.53,99.47,0,Cellular Bonded
1683,177,67,2026-01-20 10:29:03.535541,40.4,9909.0,0.11,99.89,0,Satellite Hybrid
1684,136,108,2026-05-13 21:41:19.145514,75.7,3794.0,0.95,99.05,0,WiFi
1685,249,90,2026-04-13 20:30:45.895661,42.8,7971.0,0.31,99.69,0,WiFi
1686,243,24,2025-11-16 14:20:08.791080,34.3,7207.0,0.13,94.87,1,WiFi
1687,142,40,2026-07-03 13:53:42.655017,108.9,6692.0,0.15,99.85,0,Cellular Bonded
1688,206,45,2025-08-30 00:05:25.139132,1.0,2569.0,0.01,94.99,1,Cellular Bonded
1689,170,54,2025-11-22 04:14:05.216856,61.7,7832.0,0.17,99.83,0,Wired IP
1690,26,87,2026-06-28 23:25:03.151596,158.2,8421.0,0.18,99.82,0,Cellular Bonded
1691,138,102,2025-09-18 23:46:32.690283,65.0,6911.0,0.26,99.74,0,Cellular Bonded
1692,11,65,2026-06-30 02:29:46.717653,63.2,11989.0,0.17,99.83,0,Cellular Bonded
1693,156,65,2025-09-30 02:08:07.417777,128.7,8821.0,0.13,99.87,0,Cellular Bonded
1694,252,60,2026-06-10 14:38:50.635691,16.4,8193.0,0.44,99.56,0,Satellite Hybrid
1695,51,101,2025-11-02 20:27:19.232058,5.5,10173.0,0.04,99.96,0,WiFi
1696,117,109,2026-05-14 11:55:08.190954,48.3,3198.0,0.11,99.89,0,Satellite Hybrid
1697,227,1,2026-04-26 19:11:34.448834,35.1,9045.0,0.22,99.78,0,Cellular Bonded
1698,165,70,2026-06-28 13:20:03.469873,113.7,8305.0,0.35,99.65,0,Cellular Bonded
1699,214,101,2026-03-29 00:12:01.272198,91.8,10812.0,0.15,99.85,0,Cellular Bonded
1700,46,36,2026-01-21 12:52:32.189078,89.3,9601.0,0.17,99.83,0,Cellular Bonded
1701,109,52,2026-03-31 03:47:49.654876,57.3,8059.0,0.03,99.97,0,Cellular Bonded
1702,209,21,2026-05-31 17:45:16.278448,67.1,4602.0,1.94,98.06,0,WiFi
1703,265,33,2026-06-11 05:01:25.397479,66.7,6207.0,0.27,99.73,0,Cellular Bonded
1704,29,8,2026-06-08 06:09:11.001270,60.5,10004.0,2.09,97.91,0,Cellular Bonded
1705,82,112,2026-03-14 08:07:10.714706,30.6,8588.0,0.24,99.76,0,Cellular Bonded
1706,260,27,2026-02-28 13:00:42.788309,83.5,9370.0,0.7,99.3,0,WiFi
1707,269,92,2026-03-24 02:46:02.722219,47.2,9239.0,0.24,99.76,0,WiFi
1708,15,43,2025-10-18 16:52:06.482295,120.2,10191.0,0.1,99.9,0,Cellular Bonded
1709,103,16,2026-08-10 14:42:08.356865,69.7,10050.0,0.07,99.93,0,WiFi
1710,128,107,2025-12-03 01:28:55.179249,1.0,9680.0,0.0,95.0,1,Cellular Bonded
1711,26,87,2026-03-15 07:26:04.619165,1.0,4585.0,0.08,99.92,0,Cellular Bonded
1712,102,111,2026-07-31 21:38:10.170981,77.7,7260.0,0.14,99.86,0,Satellite Hybrid
1713,238,96,2026-02-22 00:29:24.890806,38.5,8010.0,1.14,98.86,0,Cellular Bonded
1714,64,24,2026-07-12 19:56:44.117079,28.4,6830.0,0.17,99.83,0,Cellular Bonded
1715,124,5,2026-06-11 19:29:18.312814,85.3,2504.0,0.82,99.18,0,WiFi
1716,229,54,2025-10-06 17:36:36.348374,11.7,7212.0,0.01,99.99,0,WiFi
1717,243,24,2026-05-19 01:15:57.013656,124.7,9650.0,0.05,99.95,0,Wired IP
1718,180,114,2026-01-15 11:41:56.968441,82.9,10477.0,0.28,99.72,0,WiFi
1719,133,9,2025-09-08 21:07:20.609625,48.7,10471.0,0.05,99.95,0,Cellular Bonded
1720,47,89,2025-11-27 11:20:29.448324,43.4,8781.0,0.09,99.91,0,Cellular Bonded
1721,198,33,2026-04-14 16:00:07.774713,23.9,11588.0,0.56,99.44,0,Wired IP
1722,293,18,2026-05-01 06:53:27.098053,51.3,6221.0,0.66,99.34,0,Cellular Bonded
1723,110,85,2025-10-05 16:13:13.421695,87.9,6745.0,1.74,98.26,0,Satellite Hybrid
1724,116,39,2025-10-10 14:57:14.649190,36.8,4148.0,0.07,99.93,0,WiFi
1725,138,102,2025-12-13 19:35:51.063549,82.6,8803.0,0.01,99.99,0,Satellite Hybrid
1726,263,17,2025-11-16 14:32:17.830536,39.6,5154.0,0.61,94.39,1,Cellular Bonded
1727,5,61,2026-06-22 04:04:42.516258,120.9,11128.0,1.23,98.77,0,WiFi
1728,68,37,2026-01-08 14:09:24.035324,70.8,11493.0,0.08,99.92,0,Cellular Bonded
1729,5,61,2025-10-09 03:16:51.965829,141.8,9332.0,0.37,99.63,0,Cellular Bonded
1730,157,86,2026-04-06 02:10:10.500166,35.3,6685.0,0.47,99.53,0,Satellite Hybrid
1731,141,13,2026-04-04 09:57:50.837194,25.0,11677.0,0.12,99.88,0,WiFi
1732,193,62,2026-01-02 04:35:27.126524,55.2,11790.0,0.38,99.62,0,Cellular Bonded
1733,236,12,2025-09-14 19:18:58.180034,98.9,9273.0,0.47,99.53,0,Cellular Bonded
1734,239,16,2026-06-04 07:10:04.549603,149.7,6462.0,0.46,99.54,0,Satellite Hybrid
1735,267,84,2026-05-25 21:53:06.493325,33.6,8608.0,1.21,98.79,0,WiFi
1736,204,45,2026-01-12 07:04:50.239119,105.2,2963.0,0.02,99.98,0,Cellular Bonded
1737,4,33,2026-05-18 22:42:35.263324,98.1,5279.0,0.76,99.24,0,Satellite Hybrid
1738,192,92,2026-04-28 19:59:30.121280,1.0,9965.0,0.07,99.93,0,Cellular Bonded
1739,145,50,2026-07-04 11:51:48.173866,146.5,6667.0,0.98,99.02,0,Cellular Bonded
1740,56,49,2026-01-31 05:17:29.417374,88.1,11338.0,0.37,99.63,0,Cellular Bonded
1741,173,74,2026-02-12 09:27:33.416808,106.0,9597.0,0.05,99.95,0,Cellular Bonded
1742,167,19,2026-03-18 16:12:37.295043,120.7,8086.0,0.18,99.82,0,Cellular Bonded
1743,134,74,2026-07-01 10:11:14.155135,79.7,4097.0,0.01,99.99,0,Cellular Bonded
1744,153,8,2026-06-23 11:43:12.603289,118.4,3313.0,0.48,99.52,0,Satellite Hybrid
1745,265,33,2025-09-21 05:43:53.227082,1.0,3707.0,0.22,99.78,0,WiFi
1746,30,93,2026-08-08 02:41:27.357964,188.8,3485.0,0.23,99.77,0,Wired IP
1747,207,61,2026-04-06 23:32:01.452954,56.7,9157.0,0.05,99.95,0,WiFi
1748,72,13,2026-04-29 18:38:31.034247,85.8,7581.0,0.5,99.5,0,Cellular Bonded
1749,255,92,2026-06-24 13:28:04.345204,90.1,8286.0,0.67,99.33,0,WiFi
1750,133,9,2026-06-04 16:37:24.957681,34.5,9402.0,0.7,99.3,0,Cellular Bonded
1751,208,47,2026-01-10 10:05:38.125238,57.3,9529.0,0.78,99.22,0,Cellular Bonded
1752,19,12,2026-08-06 15:27:24.753644,25.8,8090.0,0.43,99.57,0,WiFi
1753,293,18,2026-06-15 08:10:42.089320,72.7,12509.0,0.02,99.98,0,Wired IP
1754,176,39,2026-02-14 19:53:56.320969,105.9,10139.0,0.63,99.37,0,WiFi
1755,114,16,2025-12-14 02:19:47.179426,131.3,6956.0,0.39,99.61,0,Wired IP
1756,244,28,2025-11-29 18:16:07.342525,49.7,7751.0,0.04,99.96,0,Satellite Hybrid
1757,184,92,2026-03-06 00:41:12.551014,99.6,7743.0,0.67,99.33,0,Cellular Bonded
1758,88,49,2025-10-04 21:51:07.611428,70.2,11882.0,0.07,99.93,0,Cellular Bonded
1759,286,109,2026-06-25 09:45:40.338255,44.0,5257.0,1.07,98.93,0,WiFi
1760,50,10,2026-06-02 00:01:04.393467,53.4,963.0,0.12,99.88,0,WiFi
1761,133,9,2026-07-10 15:22:27.494402,40.3,9791.0,0.02,99.98,0,Satellite Hybrid
1762,287,5,2026-05-23 11:47:53.201018,1.0,11252.0,0.41,99.59,0,Satellite Hybrid
1763,94,76,2025-09-04 00:13:30.882322,41.1,4364.0,0.22,99.78,0,Wired IP
1764,172,91,2026-04-03 19:39:17.487137,90.1,12050.0,0.47,99.53,0,Wired IP
1765,114,16,2026-06-19 16:02:07.555340,74.2,3907.0,0.47,99.53,0,WiFi
1766,158,116,2025-08-24 04:21:40.996781,86.2,4211.0,0.64,99.36,0,Cellular Bonded
1767,170,54,2026-07-23 12:26:43.276977,42.4,10961.0,1.12,98.88,0,Cellular Bonded
1768,300,63,2025-10-14 21:48:30.119253,48.5,8211.0,0.07,99.93,0,Satellite Hybrid
1769,61,113,2026-01-31 21:15:29.662625,76.0,1279.0,0.03,99.97,0,WiFi
1770,299,26,2026-08-15 07:10:34.492402,40.9,9360.0,0.4,99.6,0,WiFi
1771,37,7,2026-01-21 09:39:13.226516,9.4,10582.0,0.43,99.57,0,Cellular Bonded
1772,100,52,2026-08-16 16:57:25.270306,20.8,6067.0,0.33,99.67,0,Cellular Bonded
1773,196,25,2026-07-16 05:00:04.821911,57.2,9272.0,0.1,99.9,0,Cellular Bonded
1774,212,85,2026-07-06 06:10:56.589501,76.0,3595.0,0.17,99.83,0,Cellular Bonded
1775,78,17,2025-12-06 10:21:09.793198,47.7,3881.0,0.01,99.99,0,WiFi
1776,103,16,2026-07-03 10:30:33.380275,119.8,12120.0,0.32,99.68,0,Satellite Hybrid
1777,292,65,2026-07-04 05:32:06.606753,49.2,6968.0,0.45,99.55,0,Cellular Bonded
1778,235,75,2025-09-21 07:28:08.334987,60.4,11173.0,0.32,99.68,0,WiFi
1779,93,19,2025-12-27 19:28:51.915501,6.9,7765.0,0.71,99.29,0,Cellular Bonded
1780,250,8,2025-09-17 07:48:14.701682,65.8,4978.0,0.21,99.79,0,Wired IP
1781,91,61,2026-04-17 19:27:22.419165,1.0,8812.0,0.07,99.93,0,WiFi
1782,30,93,2026-04-12 02:48:22.528818,57.3,9644.0,0.11,94.89,1,Satellite Hybrid
1783,141,13,2025-09-06 03:25:38.482757,115.1,12266.0,0.15,99.85,0,Cellular Bonded
1784,87,19,2026-04-03 14:36:54.478437,95.8,6317.0,0.4,99.6,0,Cellular Bonded
1785,82,112,2026-05-10 06:04:34.046188,3.1,6008.0,0.69,99.31,0,Cellular Bonded
1786,46,36,2026-05-20 22:16:47.387617,207.2,8618.0,0.24,99.76,0,Cellular Bonded
1787,223,49,2026-01-21 22:11:46.369792,34.0,9804.0,0.02,99.98,0,WiFi
1788,207,61,2025-09-20 12:42:48.752463,80.1,5395.0,0.17,99.83,0,Cellular Bonded
1789,245,117,2025-09-21 23:37:17.423551,55.4,7895.0,0.74,99.26,0,Cellular Bonded
1790,20,95,2025-11-04 03:29:43.819763,49.2,6641.0,0.24,99.76,0,Cellular Bonded
1791,192,92,2025-09-15 16:32:20.879735,75.2,3690.0,0.71,99.29,0,Cellular Bonded
1792,165,70,2026-03-22 22:55:24.368721,90.9,8934.0,0.1,99.9,0,WiFi
1793,272,13,2026-02-23 20:33:05.213565,36.7,11180.0,1.82,98.18,0,Cellular Bonded
1794,3,33,2026-01-27 16:56:03.177218,98.1,6134.0,0.23,99.77,0,Cellular Bonded
1795,128,107,2025-08-21 04:21:25.040827,86.7,6354.0,0.62,99.38,0,Satellite Hybrid
1796,177,67,2025-12-21 15:45:37.787738,61.3,8585.0,0.1,99.9,0,WiFi
1797,53,24,2025-10-01 06:14:18.412194,34.1,9815.0,0.03,99.97,0,WiFi
1798,157,86,2026-06-28 07:07:40.813516,66.5,8304.0,0.13,99.87,0,Wired IP
1799,24,114,2026-04-28 14:05:56.222527,66.3,10446.0,0.7,99.3,0,WiFi
1800,149,29,2026-02-08 14:50:01.746016,113.9,12016.0,0.25,99.75,0,Satellite Hybrid
1801,267,84,2025-11-09 19:30:55.652562,163.8,5258.0,0.24,99.76,0,WiFi
1802,173,74,2025-09-19 20:20:49.698434,62.2,8046.0,0.31,99.69,0,Cellular Bonded
1803,69,12,2026-06-08 10:40:36.098408,32.4,4913.0,0.03,99.97,0,Cellular Bonded
1804,251,58,2025-09-24 21:51:56.215760,63.5,11975.0,0.85,99.15,0,Cellular Bonded
1805,97,28,2025-12-30 09:54:51.737138,31.2,4791.0,0.5,99.5,0,Satellite Hybrid
1806,207,61,2025-12-05 11:29:06.231675,73.4,10067.0,0.27,94.73,1,WiFi
1807,115,57,2026-01-04 22:43:29.713150,58.9,9180.0,0.12,99.88,0,Satellite Hybrid
1808,68,37,2026-06-11 03:36:17.842773,76.8,7998.0,0.25,99.75,0,Cellular Bonded
1809,12,33,2026-07-03 11:09:24.970954,18.4,4223.0,0.95,99.05,0,Cellular Bonded
1810,87,19,2026-04-09 10:32:38.706801,51.1,5598.0,0.51,99.49,0,Cellular Bonded
1811,20,95,2026-04-22 10:05:31.074996,131.7,9926.0,0.17,99.83,0,WiFi
1812,131,111,2025-09-12 05:04:20.885348,62.0,10547.0,0.19,99.81,0,Cellular Bonded
1813,25,35,2026-03-11 20:41:34.473952,102.7,8646.0,0.16,99.84,0,Cellular Bonded
1814,25,35,2026-03-29 00:42:12.793030,118.5,2867.0,0.1,99.9,0,WiFi
1815,11,65,2025-10-17 03:32:22.700994,106.9,5395.0,0.29,99.71,0,Satellite Hybrid
1816,60,82,2025-12-24 10:27:45.605677,87.7,6067.0,0.08,99.92,0,Cellular Bonded
1817,195,113,2025-11-04 00:17:29.035733,136.8,9001.0,0.02,99.98,0,Cellular Bonded
1818,130,18,2026-05-18 09:16:28.041001,86.8,9332.0,0.11,99.89,0,Satellite Hybrid
1819,79,113,2026-07-20 00:52:36.269207,147.0,5806.0,0.79,99.21,0,Cellular Bonded
1820,5,61,2026-03-31 03:08:18.292075,63.5,11829.0,0.33,99.67,0,WiFi
1821,52,73,2026-01-26 17:25:42.585284,44.8,8319.0,0.85,99.15,0,WiFi
1822,139,7,2025-11-05 12:59:34.959593,15.8,11150.0,0.03,99.97,0,Satellite Hybrid
1823,71,55,2026-07-11 12:44:09.757945,45.1,8675.0,0.4,99.6,0,Cellular Bonded
1824,54,64,2025-10-08 08:22:14.318151,74.4,11914.0,0.06,99.94,0,Cellular Bonded
1825,61,113,2025-10-02 04:41:47.799847,17.1,7023.0,0.74,99.26,0,Cellular Bonded
1826,55,99,2026-05-11 17:18:07.431202,53.6,6582.0,0.02,99.98,0,Satellite Hybrid
1827,103,16,2025-12-24 13:30:38.862296,75.2,6698.0,0.02,99.98,0,Cellular Bonded
1828,268,77,2026-01-21 23:34:43.319809,90.3,7225.0,0.41,99.59,0,WiFi
1829,184,92,2026-06-03 00:18:43.548483,72.7,7481.0,0.0,100.0,0,Cellular Bonded
1830,152,83,2025-11-16 16:34:03.470563,4.2,11534.0,1.66,98.34,0,Cellular Bonded
1831,281,66,2026-04-10 13:12:58.047057,37.8,8227.0,0.13,99.87,0,Wired IP
1832,107,12,2025-11-16 19:54:09.034578,119.2,4947.0,3.04,96.96,0,Cellular Bonded
1833,247,92,2026-03-25 15:02:59.464526,134.4,9679.0,0.07,99.93,0,Cellular Bonded
1834,2,35,2026-05-08 11:56:49.487908,1.0,5879.0,0.5,94.5,1,Cellular Bonded
1835,46,36,2025-11-30 05:54:03.350679,115.4,13094.0,0.06,99.94,0,Cellular Bonded
1836,294,96,2026-07-27 20:13:51.334450,75.9,8514.0,0.13,99.87,0,Cellular Bonded
1837,77,30,2025-08-28 00:43:43.177374,40.8,7486.0,0.45,99.55,0,WiFi
1838,262,63,2026-06-23 10:52:03.652224,73.9,6548.0,0.24,99.76,0,Cellular Bonded
1839,52,73,2026-07-03 22:48:29.061330,1.0,7270.0,0.5,99.5,0,WiFi
1840,119,42,2025-11-01 05:37:22.188057,96.7,6712.0,0.15,99.85,0,WiFi
1841,152,83,2026-03-27 18:58:59.301237,99.1,3814.0,0.41,99.59,0,Cellular Bonded
1842,26,87,2025-10-26 02:26:44.720097,56.8,6298.0,0.47,99.53,0,WiFi
1843,90,12,2026-01-08 05:50:09.928875,47.7,8696.0,0.03,99.97,0,Cellular Bonded
1844,149,29,2026-04-11 02:47:19.175816,70.5,932.0,0.41,99.59,0,Cellular Bonded
1845,161,89,2026-05-31 08:34:32.062570,31.7,9325.0,0.71,99.29,0,Satellite Hybrid
1846,60,82,2026-06-03 23:58:43.305411,10.4,8986.0,0.03,99.97,0,Cellular Bonded
1847,24,114,2025-11-13 14:34:43.348911,33.1,8569.0,1.2,93.8,1,Wired IP
1848,71,55,2026-01-06 02:26:57.106291,90.2,8159.0,0.08,99.92,0,Cellular Bonded
1849,88,49,2025-11-14 05:49:43.423313,68.8,6754.0,0.03,99.97,0,Wired IP
1850,225,15,2026-04-08 03:56:05.567743,47.7,6019.0,0.69,99.31,0,Cellular Bonded
1851,138,102,2025-09-13 03:51:15.902943,93.3,4810.0,0.13,99.87,0,Cellular Bonded
1852,48,21,2026-07-08 15:48:04.149718,62.4,3792.0,1.35,98.65,0,WiFi
1853,176,39,2025-08-22 15:26:23.006361,29.8,4536.0,0.25,99.75,0,Wired IP
1854,206,45,2025-12-28 01:17:17.012650,46.5,5342.0,0.52,99.48,0,Wired IP
1855,234,57,2025-12-11 18:19:31.237466,47.1,6588.0,0.1,99.9,0,Cellular Bonded
1856,198,33,2026-01-06 10:47:43.927939,130.4,10493.0,0.37,99.63,0,Cellular Bonded
1857,245,117,2026-06-20 11:55:57.572104,102.8,6272.0,0.07,99.93,0,Cellular Bonded
1858,86,59,2026-01-18 20:53:22.920559,8.3,3508.0,0.24,99.76,0,WiFi
1859,31,26,2026-03-05 16:19:33.997645,76.7,6564.0,0.16,99.84,0,Cellular Bonded
1860,82,112,2025-10-20 07:21:17.658185,11.4,10125.0,0.28,99.72,0,WiFi
1861,248,36,2026-02-06 04:15:41.071605,4.3,9241.0,0.43,99.57,0,WiFi
1862,225,15,2026-08-13 15:59:50.865734,63.8,7414.0,0.74,99.26,0,Cellular Bonded
1863,195,113,2025-09-13 21:11:58.947035,95.4,7036.0,0.07,99.93,0,Cellular Bonded
1864,15,43,2026-03-20 15:35:21.167301,22.4,11380.0,0.5,99.5,0,Cellular Bonded
1865,67,96,2025-08-23 06:33:53.143752,38.5,6807.0,1.22,98.78,0,Cellular Bonded
1866,250,8,2025-11-04 23:50:10.916675,54.6,5152.0,0.03,99.97,0,Cellular Bonded
1867,211,118,2026-07-21 00:24:04.889820,126.8,7350.0,0.43,99.57,0,Cellular Bonded
1868,33,90,2026-07-30 13:04:07.021794,94.6,5758.0,0.49,99.51,0,Cellular Bonded
1869,161,89,2026-01-10 12:21:51.754925,66.7,10225.0,0.62,94.38,1,Cellular Bonded
1870,269,92,2025-11-30 19:37:45.365657,1.0,7614.0,0.7,99.3,0,Cellular Bonded
1871,296,49,2026-05-05 09:02:09.390016,40.3,6862.0,0.78,99.22,0,Cellular Bonded
1872,115,57,2026-05-25 06:20:28.113157,18.8,2530.0,1.43,98.57,0,Wired IP
1873,174,90,2026-01-19 20:38:48.492387,23.5,10556.0,0.07,99.93,0,Wired IP
1874,49,36,2026-01-12 02:03:26.692816,1.0,6570.0,0.25,99.75,0,Wired IP
1875,128,107,2026-04-09 01:26:33.621087,110.1,2913.0,0.65,99.35,0,Cellular Bonded
1876,198,33,2026-03-02 12:05:53.511096,19.9,10587.0,0.98,99.02,0,Cellular Bonded
1877,286,109,2025-10-12 23:20:54.139431,115.6,9075.0,0.63,99.37,0,Cellular Bonded
1878,28,90,2025-09-17 18:06:42.230144,38.5,8683.0,0.28,94.72,1,Cellular Bonded
1879,81,84,2025-09-16 02:01:33.076964,112.6,7253.0,1.74,98.26,0,Cellular Bonded
1880,241,102,2026-07-20 09:54:25.062569,108.7,15734.0,1.24,98.76,0,Cellular Bonded
1881,85,13,2026-08-08 21:38:30.116062,84.1,8563.0,0.19,99.81,0,Wired IP
1882,252,60,2025-10-13 22:58:26.193727,38.5,4184.0,0.82,99.18,0,Cellular Bonded
1883,170,54,2025-12-15 12:22:02.592675,27.4,8617.0,0.02,99.98,0,Cellular Bonded
1884,26,87,2026-03-20 07:28:25.099595,1.0,11407.0,0.34,99.66,0,Cellular Bonded
1885,282,10,2026-05-23 20:17:49.901792,108.2,11351.0,0.22,99.78,0,Cellular Bonded
1886,207,61,2026-04-12 10:56:21.357460,66.7,5130.0,0.35,99.65,0,Cellular Bonded
1887,41,114,2026-04-10 00:22:21.244771,112.6,5661.0,0.03,99.97,0,Wired IP
1888,294,96,2025-12-09 11:06:13.089542,1.0,5450.0,0.12,99.88,0,Cellular Bonded
1889,256,101,2026-01-24 22:31:07.805408,42.7,7197.0,0.43,99.57,0,Cellular Bonded
1890,61,113,2026-08-01 06:39:55.720806,36.5,9621.0,0.92,99.08,0,Cellular Bonded
1891,10,67,2025-11-13 08:24:49.404583,55.5,5688.0,0.09,99.91,0,Cellular Bonded
1892,212,85,2025-11-15 11:35:54.435323,147.6,8191.0,0.97,94.03,1,Cellular Bonded
1893,282,10,2026-07-21 18:20:52.374673,65.0,10804.0,0.06,94.94,1,Cellular Bonded
1894,47,89,2025-09-29 13:52:29.685209,25.8,12625.0,0.06,99.94,0,Cellular Bonded
1895,156,65,2026-03-29 18:01:43.806573,72.9,6375.0,0.63,99.37,0,Cellular Bonded
1896,288,119,2025-09-07 07:49:28.729341,125.8,8254.0,0.12,99.88,0,Cellular Bonded
1897,234,57,2026-04-18 09:13:03.569932,91.3,3104.0,0.34,99.66,0,Cellular Bonded
1898,187,105,2026-04-15 10:53:29.471874,1.0,7219.0,0.74,99.26,0,Cellular Bonded
1899,115,57,2025-10-21 08:32:52.249522,55.0,10967.0,0.52,99.48,0,Cellular Bonded
1900,170,54,2025-08-22 20:40:42.313242,9.5,12043.0,0.58,99.42,0,Cellular Bonded
1901,243,24,2025-10-07 07:49:41.446702,112.4,870.0,0.71,99.29,0,WiFi
1902,187,105,2025-08-22 09:09:47.848061,118.1,5058.0,0.41,99.59,0,Wired IP
1903,59,36,2026-02-15 10:46:29.843131,82.3,10497.0,0.17,99.83,0,WiFi
1904,114,16,2025-12-22 19:11:27.119401,75.6,8103.0,0.11,94.89,1,Cellular Bonded
1905,182,58,2026-02-23 01:05:23.081563,72.8,6495.0,1.12,98.88,0,Cellular Bonded
1906,150,37,2026-06-14 11:40:15.321827,100.3,11173.0,0.53,99.47,0,Cellular Bonded
1907,192,92,2025-11-20 20:58:24.136192,32.3,10244.0,0.26,99.74,0,WiFi
1908,24,114,2025-12-31 23:39:15.553352,32.6,6528.0,0.46,99.54,0,Cellular Bonded
1909,253,50,2026-05-18 22:28:55.275965,1.0,8251.0,0.01,99.99,0,Cellular Bonded
1910,210,80,2026-07-03 02:04:11.016586,61.8,6645.0,0.02,99.98,0,Cellular Bonded
1911,101,83,2026-05-12 18:56:33.599390,114.7,11356.0,0.01,99.99,0,Cellular Bonded
1912,202,58,2025-09-30 08:00:40.734850,68.5,7647.0,0.35,99.65,0,Cellular Bonded
1913,98,78,2026-07-12 17:41:11.290308,138.9,7741.0,0.81,99.19,0,Wired IP
1914,56,49,2025-12-18 12:44:21.524014,31.4,7006.0,0.11,99.89,0,WiFi
1915,24,114,2026-01-21 23:00:59.364556,63.7,9182.0,0.15,99.85,0,Cellular Bonded
1916,64,24,2026-02-25 11:11:12.852400,22.1,5853.0,0.36,99.64,0,Cellular Bonded
1917,231,3,2025-11-22 05:24:44.942457,97.9,4932.0,0.01,99.99,0,Cellular Bonded
1918,259,64,2026-08-09 04:06:01.111004,92.1,7073.0,0.58,99.42,0,Cellular Bonded
1919,256,101,2026-04-04 07:30:40.171765,1.0,8034.0,0.42,94.58,1,WiFi
1920,25,35,2026-02-15 08:27:00.419937,61.9,10814.0,2.08,97.92,0,Wired IP
1921,222,105,2026-02-20 16:39:38.611753,72.7,10453.0,0.2,99.8,0,Cellular Bonded
1922,248,36,2025-09-07 11:25:15.397094,94.2,11848.0,0.99,99.01,0,Cellular Bonded
1923,91,61,2026-06-27 22:32:16.054241,81.7,6757.0,0.18,99.82,0,Cellular Bonded
1924,89,100,2025-10-18 03:45:44.340875,113.5,7144.0,0.46,99.54,0,WiFi
1925,66,62,2025-10-14 15:54:27.227300,133.6,8501.0,0.73,99.27,0,Wired IP
1926,165,70,2026-05-27 12:49:30.494806,63.0,10744.0,0.16,99.84,0,Cellular Bonded
1927,197,56,2026-07-10 16:22:15.489330,1.0,4864.0,0.33,99.67,0,WiFi
1928,128,107,2026-04-21 07:39:47.689985,10.2,10987.0,0.01,99.99,0,Cellular Bonded
1929,176,39,2025-09-29 08:09:15.113986,36.9,9602.0,0.5,99.5,0,Satellite Hybrid
1930,232,16,2026-05-15 15:39:53.031576,43.5,6149.0,0.27,99.73,0,Cellular Bonded
1931,71,55,2025-08-19 04:13:25.282998,94.0,10155.0,0.34,99.66,0,WiFi
1932,263,17,2026-06-27 16:39:40.220887,85.2,8170.0,0.1,99.9,0,WiFi
1933,281,66,2025-08-22 17:22:35.138882,8.7,5928.0,0.08,99.92,0,Satellite Hybrid
1934,284,30,2025-09-04 00:33:48.438770,39.7,6497.0,1.86,98.14,0,WiFi
1935,103,16,2025-12-29 02:30:16.691073,96.3,9650.0,1.39,98.61,0,Satellite Hybrid
1936,149,29,2026-07-20 03:47:20.634259,83.8,7091.0,0.54,99.46,0,Cellular Bonded
1937,68,37,2025-10-22 13:35:26.496309,1.0,6147.0,1.06,98.94,0,Cellular Bonded
1938,92,105,2026-08-03 19:14:24.839613,110.4,12642.0,0.18,99.82,0,Cellular Bonded
1939,166,31,2025-08-31 03:32:23.885383,79.5,6672.0,0.26,99.74,0,Cellular Bonded
1940,181,92,2026-06-07 09:47:01.548047,94.8,7393.0,0.15,99.85,0,Cellular Bonded
1941,299,26,2026-05-05 21:13:43.656364,65.7,6991.0,0.41,99.59,0,Cellular Bonded
1942,214,101,2026-04-14 14:18:41.203462,138.8,10475.0,0.46,99.54,0,WiFi
1943,274,35,2025-11-08 04:41:26.861476,90.9,3501.0,1.6,98.4,0,Wired IP
1944,217,19,2025-11-16 20:44:41.747916,59.9,9272.0,0.62,99.38,0,Satellite Hybrid
1945,268,77,2026-07-18 13:29:17.059351,23.7,9518.0,0.03,99.97,0,WiFi
1946,196,25,2025-12-13 00:39:36.194066,22.4,7471.0,0.98,99.02,0,Cellular Bonded
1947,29,8,2026-06-15 18:14:51.897361,94.8,8301.0,0.3,99.7,0,Cellular Bonded
1948,83,89,2026-03-14 20:55:29.345391,54.3,11480.0,0.15,99.85,0,WiFi
1949,129,75,2025-09-30 19:47:16.367838,88.3,9505.0,1.52,98.48,0,WiFi
1950,32,74,2026-04-21 00:42:02.816114,86.2,8999.0,0.0,100.0,0,Cellular Bonded
1951,152,83,2025-09-06 11:10:46.928557,90.2,11754.0,0.08,99.92,0,Cellular Bonded
1952,278,69,2025-11-07 17:02:11.409710,96.3,3292.0,0.71,94.29,1,Wired IP
1953,232,16,2026-02-22 12:23:51.500607,91.2,9192.0,0.25,99.75,0,Cellular Bonded
1954,288,119,2025-09-04 00:05:58.967633,128.0,4357.0,0.05,99.95,0,Satellite Hybrid
1955,288,119,2026-01-11 14:12:27.572635,36.6,12791.0,1.22,98.78,0,Satellite Hybrid
1956,262,63,2026-07-04 09:00:22.569121,60.5,4212.0,0.45,99.55,0,Cellular Bonded
1957,148,5,2026-06-30 08:59:41.411946,71.1,6074.0,1.18,98.82,0,Cellular Bonded
1958,25,35,2026-05-27 14:33:51.904667,83.2,6076.0,0.23,99.77,0,Cellular Bonded
1959,199,38,2025-12-09 15:43:54.773866,109.4,10136.0,0.08,99.92,0,Wired IP
1960,161,89,2025-09-18 18:32:28.383822,81.4,7573.0,0.18,99.82,0,Cellular Bonded
1961,28,90,2026-01-31 23:15:21.919372,96.3,10525.0,0.36,94.64,1,Cellular Bonded
1962,129,75,2025-12-30 21:48:31.895540,68.7,7133.0,0.22,99.78,0,Satellite Hybrid
1963,227,1,2025-12-02 16:22:26.531562,84.2,7818.0,0.37,99.63,0,WiFi
1964,189,1,2026-05-31 14:45:26.861316,70.6,9657.0,0.0,100.0,0,Cellular Bonded
1965,280,25,2026-05-15 05:07:00.292235,22.8,10417.0,0.35,99.65,0,Cellular Bonded
1966,101,83,2025-11-14 18:59:23.190987,66.4,3592.0,1.48,98.52,0,Satellite Hybrid
1967,100,52,2025-12-30 16:09:05.876682,38.8,5469.0,0.59,99.41,0,Wired IP
1968,91,61,2026-08-08 00:07:40.591447,74.1,8022.0,0.0,100.0,0,Cellular Bonded
1969,39,58,2026-08-17 11:17:38.850772,42.3,13680.0,0.05,99.95,0,Cellular Bonded
1970,89,100,2026-05-28 11:13:36.968869,67.2,7548.0,0.89,99.11,0,Wired IP
1971,62,103,2026-05-12 14:48:11.180701,52.1,12686.0,0.29,99.71,0,Cellular Bonded
1972,220,18,2026-03-05 18:06:17.183684,22.5,6647.0,0.69,99.31,0,Wired IP
1973,136,108,2026-06-04 19:12:48.479172,134.4,8704.0,0.05,99.95,0,Satellite Hybrid
1974,300,63,2025-10-12 04:49:37.615949,48.0,12558.0,0.11,99.89,0,Wired IP
1975,3,33,2026-07-24 14:25:06.951986,82.6,8669.0,0.68,99.32,0,Wired IP
1976,80,62,2025-08-26 23:11:52.466304,31.4,7078.0,0.3,94.7,1,Satellite Hybrid
1977,166,31,2026-03-03 22:10:37.005794,2.2,9276.0,0.96,99.04,0,Cellular Bonded
1978,155,109,2026-04-07 09:10:55.665879,117.1,5739.0,0.58,99.42,0,Cellular Bonded
1979,294,96,2026-04-28 09:06:12.587686,66.4,7643.0,0.03,99.97,0,Cellular Bonded
1980,38,68,2025-08-21 17:46:51.405573,11.6,10676.0,0.17,99.83,0,Cellular Bonded
1981,163,4,2025-12-18 12:47:41.543843,2.1,6596.0,0.14,99.86,0,Cellular Bonded
1982,95,9,2026-05-22 06:40:08.634900,158.8,9769.0,0.27,99.73,0,Cellular Bonded
1983,259,64,2026-01-02 14:14:59.459454,61.4,4308.0,0.17,99.83,0,Cellular Bonded
1984,279,47,2026-05-14 16:02:01.585500,108.9,11604.0,0.25,99.75,0,Satellite Hybrid
1985,48,21,2025-12-08 11:48:34.221637,10.2,9732.0,0.44,99.56,0,WiFi
1986,110,85,2025-11-01 03:25:14.895713,108.2,11442.0,0.01,99.99,0,Wired IP
1987,170,54,2026-08-12 02:45:31.684402,73.1,7469.0,0.01,99.99,0,Satellite Hybrid
1988,112,53,2026-01-18 11:42:39.276952,10.3,7255.0,0.05,99.95,0,Cellular Bonded
1989,272,13,2026-08-04 02:37:29.935726,63.5,5344.0,0.39,99.61,0,WiFi
1990,288,119,2026-08-08 06:16:25.230187,46.6,8472.0,0.15,99.85,0,Cellular Bonded
1991,5,61,2025-10-09 05:02:58.272189,39.6,7520.0,0.9,99.1,0,Wired IP
1992,178,45,2025-11-28 09:15:32.818262,70.6,8363.0,0.26,99.74,0,Cellular Bonded
1993,125,35,2025-09-03 06:19:46.498533,32.3,500.0,0.27,99.73,0,Cellular Bonded
1994,165,70,2025-11-10 17:38:35.044244,35.3,4634.0,0.23,99.77,0,Cellular Bonded
1995,59,36,2026-06-22 21:08:59.637260,119.1,7514.0,0.7,99.3,0,Cellular Bonded
1996,277,115,2026-01-16 00:29:42.879520,44.0,8053.0,0.45,99.55,0,Cellular Bonded
1997,13,40,2026-07-11 03:50:37.037612,106.9,7618.0,0.25,99.75,0,Cellular Bonded
1998,192,92,2026-02-01 14:15:12.819115,59.5,4133.0,0.22,99.78,0,Wired IP
1999,261,118,2026-05-18 06:02:16.182148,140.9,9055.0,0.25,99.75,0,Cellular Bonded
2000,23,115,2026-03-18 05:49:45.648226,1.0,4765.0,0.31,99.69,0,Cellular Bonded
2001,99,95,2026-02-18 17:45:12.719465,52.4,9851.0,0.06,99.94,0,Cellular Bonded
2002,43,75,2026-04-07 20:20:31.902901,63.5,7399.0,0.08,99.92,0,Cellular Bonded
2003,86,59,2026-01-09 04:37:01.135333,145.1,8557.0,0.04,99.96,0,Cellular Bonded
2004,276,82,2026-03-22 07:17:46.384331,18.0,9926.0,0.5,99.5,0,Satellite Hybrid
2005,34,34,2025-09-09 23:22:43.633542,84.2,7017.0,0.22,99.78,0,Wired IP
2006,110,85,2026-04-17 01:21:57.124479,99.6,11336.0,0.52,99.48,0,Cellular Bonded
2007,218,20,2025-10-04 22:51:04.249015,112.5,8044.0,0.46,99.54,0,Wired IP
2008,106,99,2025-12-02 17:04:59.126998,65.9,12783.0,0.07,99.93,0,WiFi
2009,223,49,2026-06-24 20:32:31.383517,23.9,5532.0,0.11,99.89,0,Wired IP
2010,37,7,2026-07-22 06:44:15.392371,78.3,10341.0,0.26,99.74,0,WiFi
2011,79,113,2026-01-08 16:21:49.474167,8.7,12481.0,0.19,94.81,1,Cellular Bonded
2012,170,54,2026-06-17 21:57:44.232539,135.7,10666.0,0.24,94.76,1,Wired IP
2013,38,68,2025-12-15 07:59:52.998461,55.4,6373.0,0.22,99.78,0,Cellular Bonded
2014,129,75,2026-01-30 12:18:52.361762,10.0,5949.0,0.28,99.72,0,Cellular Bonded
2015,295,111,2025-11-11 12:22:47.003665,68.1,12446.0,0.06,99.94,0,WiFi
2016,133,9,2026-07-28 16:09:57.503640,57.0,9217.0,1.04,98.96,0,WiFi
2017,231,3,2025-10-06 22:11:29.591139,74.1,9446.0,0.11,99.89,0,Wired IP
2018,222,105,2026-05-26 08:56:41.440074,43.6,6526.0,0.13,99.87,0,Cellular Bonded
2019,200,117,2025-09-27 00:25:39.894258,138.5,8312.0,1.04,98.96,0,Cellular Bonded
2020,274,35,2025-09-25 19:23:03.960423,58.8,6760.0,0.67,94.33,1,Satellite Hybrid
2021,33,90,2026-01-29 08:21:26.659419,93.9,10304.0,0.27,99.73,0,Cellular Bonded
2022,300,63,2025-12-10 20:57:15.063486,42.1,8268.0,0.37,99.63,0,WiFi
2023,38,68,2025-10-01 07:29:27.006463,130.1,7279.0,0.44,99.56,0,Wired IP
2024,258,100,2025-12-27 00:39:47.136494,32.7,9280.0,1.25,98.75,0,WiFi
2025,155,109,2026-05-26 10:36:37.991327,71.9,6789.0,0.86,99.14,0,Satellite Hybrid
2026,145,50,2026-01-30 04:56:54.763098,108.0,6776.0,0.61,99.39,0,Cellular Bonded
2027,225,15,2026-02-03 09:04:55.547532,46.3,6376.0,0.54,99.46,0,WiFi
2028,16,44,2026-06-25 10:17:00.385444,31.5,4501.0,0.03,99.97,0,WiFi
2029,274,35,2025-09-20 05:53:41.620087,1.0,6282.0,0.98,99.02,0,Cellular Bonded
2030,201,6,2026-06-09 01:02:43.040908,89.1,7621.0,0.22,99.78,0,Satellite Hybrid
2031,280,25,2025-12-07 06:56:11.067243,118.5,7140.0,0.12,99.88,0,Cellular Bonded
2032,74,89,2026-05-02 11:36:42.157175,83.6,3433.0,0.14,99.86,0,Satellite Hybrid
2033,192,92,2026-03-26 11:13:48.228961,10.8,5022.0,0.02,99.98,0,Cellular Bonded
2034,6,51,2025-11-04 17:30:34.728691,36.4,10355.0,0.21,99.79,0,WiFi
2035,285,114,2026-06-26 22:07:30.998212,63.1,9225.0,0.71,99.29,0,Wired IP
2036,22,2,2025-10-11 09:10:47.880876,51.8,9127.0,0.0,95.0,1,Cellular Bonded
2037,202,58,2026-05-04 20:08:33.472288,8.2,8373.0,0.13,99.87,0,WiFi
2038,44,29,2026-08-06 17:50:05.322120,1.0,7201.0,0.39,99.61,0,WiFi
2039,177,67,2026-01-09 21:12:10.795932,41.8,9139.0,0.54,99.46,0,Satellite Hybrid
2040,263,17,2025-09-05 02:34:31.849666,3.0,5328.0,0.24,99.76,0,Cellular Bonded
2041,95,9,2025-12-05 07:51:09.454616,107.7,6601.0,0.05,99.95,0,Wired IP
2042,130,18,2026-06-13 14:29:36.353959,12.7,8567.0,0.06,99.94,0,Satellite Hybrid
2043,93,19,2025-10-20 16:58:09.699572,44.8,8376.0,0.11,99.89,0,WiFi
2044,291,118,2026-07-31 19:00:05.038667,33.3,12781.0,0.17,99.83,0,Cellular Bonded
2045,282,10,2026-06-26 04:50:56.244668,54.0,8624.0,0.15,99.85,0,Satellite Hybrid
2046,282,10,2026-03-09 04:24:35.200390,64.3,3886.0,0.66,99.34,0,Cellular Bonded
2047,35,115,2026-03-07 01:18:29.667980,25.1,3834.0,0.22,99.78,0,Satellite Hybrid
2048,102,111,2025-09-21 19:36:19.705779,5.1,12048.0,0.41,99.59,0,Cellular Bonded
2049,250,8,2025-09-24 10:31:38.339197,76.0,11210.0,0.02,99.98,0,Cellular Bonded
2050,183,20,2026-06-04 00:15:23.454686,72.4,10699.0,1.2,98.8,0,Cellular Bonded
2051,121,39,2025-10-01 13:46:05.608027,28.3,6466.0,0.32,99.68,0,Cellular Bonded
2052,36,105,2025-09-09 18:00:08.530899,81.8,5482.0,0.31,99.69,0,Cellular Bonded
2053,163,4,2026-05-30 07:40:49.351838,132.0,7655.0,0.09,99.91,0,Cellular Bonded
2054,169,108,2025-11-07 09:10:42.780228,115.0,6052.0,0.75,99.25,0,Cellular Bonded
2055,157,86,2025-10-29 13:33:24.145222,90.5,7168.0,2.94,97.06,0,WiFi
2056,79,113,2026-01-11 11:12:08.360535,37.0,11664.0,0.23,99.77,0,Cellular Bonded
2057,187,105,2026-04-25 18:14:19.825419,4.8,10972.0,0.07,99.93,0,Cellular Bonded
2058,220,18,2026-07-26 11:46:38.243419,91.5,4436.0,1.16,98.84,0,Cellular Bonded
2059,161,89,2025-09-17 21:59:13.722708,90.4,7099.0,0.16,99.84,0,Cellular Bonded
2060,114,16,2026-03-20 04:41:02.595867,37.6,6890.0,0.35,99.65,0,Cellular Bonded
2061,224,14,2026-07-19 03:16:34.379727,16.0,2087.0,0.01,99.99,0,Cellular Bonded
2062,185,72,2025-09-14 14:40:50.886045,141.8,8495.0,1.14,98.86,0,Cellular Bonded
2063,170,54,2026-08-17 05:48:44.924339,145.4,5391.0,0.73,99.27,0,WiFi
2064,237,74,2025-10-29 10:12:14.043191,57.4,4389.0,0.96,99.04,0,Cellular Bonded
2065,157,86,2026-04-11 01:11:11.269936,88.5,7996.0,0.53,99.47,0,WiFi
2066,56,49,2026-06-09 15:57:15.644804,44.1,4199.0,0.03,99.97,0,Satellite Hybrid
2067,42,109,2025-09-20 19:32:32.226863,70.7,11364.0,0.06,99.94,0,Cellular Bonded
2068,72,13,2026-06-23 12:40:02.291123,82.5,11241.0,0.5,99.5,0,Cellular Bonded
2069,101,83,2026-06-09 12:20:58.521077,132.1,8161.0,0.25,99.75,0,Satellite Hybrid
2070,40,117,2025-10-01 23:10:51.717934,39.4,9625.0,0.03,99.97,0,Cellular Bonded
2071,10,67,2026-07-28 05:00:15.448021,89.8,8889.0,0.41,99.59,0,Cellular Bonded
2072,16,44,2025-09-05 17:21:21.539958,95.4,6479.0,0.07,99.93,0,WiFi
2073,297,11,2026-07-21 14:00:07.895682,38.0,10779.0,0.16,99.84,0,Satellite Hybrid
2074,109,52,2026-01-23 08:35:12.501039,50.0,9224.0,1.13,98.87,0,Satellite Hybrid
2075,283,56,2026-05-09 16:25:50.828122,69.6,7669.0,0.8,99.2,0,Cellular Bonded
2076,277,115,2026-02-15 08:15:52.486109,92.8,9012.0,0.02,99.98,0,Satellite Hybrid
2077,77,30,2026-01-04 22:47:54.287597,52.7,10662.0,0.14,99.86,0,WiFi
2078,115,57,2026-01-20 23:42:27.036005,69.0,9246.0,0.68,99.32,0,WiFi
2079,149,29,2025-12-25 10:36:13.644181,20.5,5071.0,0.43,99.57,0,Satellite Hybrid
2080,257,41,2026-07-15 19:20:16.851107,5.7,7931.0,0.19,99.81,0,Cellular Bonded
2081,204,45,2025-11-26 14:49:31.404942,22.1,7770.0,0.42,99.58,0,Cellular Bonded
2082,6,51,2026-01-28 01:12:33.892377,123.8,5868.0,0.01,99.99,0,Satellite Hybrid
2083,85,13,2025-10-11 11:52:29.786543,70.5,8015.0,0.3,99.7,0,Cellular Bonded
2084,72,13,2026-03-30 09:53:03.389130,1.8,5750.0,0.12,99.88,0,Cellular Bonded
2085,92,105,2026-03-31 11:02:00.132450,10.3,7554.0,0.1,99.9,0,Cellular Bonded
2086,290,33,2026-04-11 12:30:04.631503,145.8,6323.0,0.78,99.22,0,Cellular Bonded
2087,75,99,2026-02-16 08:29:25.982254,47.1,5086.0,0.9,99.1,0,Cellular Bonded
2088,248,36,2026-07-06 11:42:31.997428,54.7,13022.0,0.07,99.93,0,Cellular Bonded
2089,21,46,2026-02-09 02:29:30.938117,81.8,7235.0,0.26,99.74,0,Satellite Hybrid
2090,250,8,2025-09-19 06:14:45.999877,134.3,10908.0,0.27,99.73,0,Cellular Bonded
2091,136,108,2026-01-05 01:18:09.445487,23.8,6654.0,0.46,99.54,0,Cellular Bonded
2092,22,2,2026-01-18 06:37:14.196790,8.5,8779.0,1.19,98.81,0,Cellular Bonded
2093,266,117,2026-04-09 19:58:27.055662,86.9,7435.0,0.22,99.78,0,Wired IP
2094,185,72,2026-06-05 05:56:25.411310,94.7,8790.0,0.12,99.88,0,Wired IP
2095,233,87,2025-11-17 04:29:40.660634,116.8,9013.0,0.2,99.8,0,Cellular Bonded
2096,21,46,2026-08-16 02:52:47.944738,55.9,7997.0,0.05,99.95,0,Satellite Hybrid
2097,166,31,2026-03-04 16:40:32.030369,62.3,7215.0,0.14,99.86,0,WiFi
2098,267,84,2025-08-25 08:49:21.049676,64.3,6287.0,0.35,99.65,0,Satellite Hybrid
2099,141,13,2026-01-04 20:46:17.486427,1.0,6009.0,0.46,99.54,0,WiFi
2100,135,58,2026-05-05 15:31:58.813478,82.0,8477.0,0.51,99.49,0,WiFi
2101,292,65,2026-02-09 08:13:02.254196,53.4,5002.0,0.27,99.73,0,Cellular Bonded
2102,194,63,2026-05-30 11:50:34.137354,1.0,8627.0,0.47,99.53,0,Cellular Bonded
2103,40,117,2025-12-21 19:47:24.983612,78.7,7927.0,0.2,99.8,0,Cellular Bonded
2104,193,62,2026-03-12 17:22:04.454404,92.3,7217.0,0.27,99.73,0,Satellite Hybrid
2105,115,57,2025-12-13 15:17:04.411985,71.8,4708.0,0.13,99.87,0,WiFi
2106,181,92,2025-11-24 22:59:50.380601,86.0,10029.0,0.52,99.48,0,Cellular Bonded
2107,177,67,2025-08-27 18:03:27.825176,40.6,12189.0,0.42,99.58,0,Cellular Bonded
2108,247,92,2026-03-24 05:02:00.934737,59.3,6230.0,0.25,99.75,0,Cellular Bonded
2109,4,33,2025-08-28 22:26:51.204243,52.0,8432.0,0.1,99.9,0,WiFi
2110,72,13,2026-06-10 04:08:17.579286,135.3,6654.0,0.34,99.66,0,Wired IP
2111,118,53,2025-11-28 18:57:39.436437,57.1,8100.0,0.17,99.83,0,Cellular Bonded
2112,144,9,2026-06-09 10:18:19.580177,11.4,6627.0,0.75,99.25,0,Cellular Bonded
2113,96,71,2026-02-06 10:07:44.916383,51.7,6880.0,0.67,99.33,0,Wired IP
2114,61,113,2025-12-26 17:10:34.991367,41.4,8986.0,0.06,99.94,0,Cellular Bonded
2115,213,75,2026-03-19 10:01:28.842135,57.9,6518.0,0.72,99.28,0,Cellular Bonded
2116,59,36,2025-11-11 04:56:26.892025,46.4,8653.0,0.43,99.57,0,Cellular Bonded
2117,246,8,2025-10-15 12:11:15.617339,41.7,9001.0,0.91,99.09,0,Cellular Bonded
2118,83,89,2025-11-16 17:11:12.648972,82.7,7638.0,0.35,99.65,0,Cellular Bonded
2119,211,118,2025-11-14 06:27:03.972062,59.4,8920.0,0.04,94.96,1,Wired IP
2120,23,115,2026-03-01 01:21:14.539976,92.7,6857.0,0.07,99.93,0,WiFi
2121,83,89,2026-06-03 01:43:07.236624,80.5,8049.0,0.32,99.68,0,Cellular Bonded
2122,263,17,2026-05-14 07:04:31.776339,22.8,8773.0,0.64,94.36,1,Wired IP
2123,294,96,2026-05-24 03:31:48.643001,125.1,7763.0,0.06,99.94,0,Cellular Bonded
2124,86,59,2026-07-30 05:22:50.558500,127.9,4255.0,0.02,99.98,0,WiFi
2125,93,19,2026-03-16 09:20:11.929368,74.1,6463.0,0.01,99.99,0,WiFi
2126,208,47,2026-08-11 22:48:24.042247,67.5,4730.0,0.12,99.88,0,WiFi
2127,289,120,2026-01-07 00:40:31.029793,111.7,5681.0,0.13,99.87,0,WiFi
2128,146,27,2026-07-25 15:01:25.500086,40.4,7995.0,0.08,99.92,0,Wired IP
2129,111,100,2026-08-15 04:34:48.787619,31.1,5807.0,0.42,99.58,0,Cellular Bonded
2130,242,76,2025-10-20 15:36:18.969913,65.0,8132.0,0.59,99.41,0,Cellular Bonded
2131,88,49,2025-11-12 14:08:10.042881,52.0,9372.0,0.44,99.56,0,WiFi
2132,211,118,2025-12-12 07:44:40.781549,56.6,4948.0,0.27,99.73,0,Cellular Bonded
2133,299,26,2026-05-14 16:13:49.360171,1.0,7502.0,0.18,99.82,0,WiFi
2134,94,76,2025-12-27 05:00:20.826926,13.6,9592.0,0.91,99.09,0,Wired IP
2135,262,63,2026-03-22 04:22:35.277437,1.0,8955.0,0.19,99.81,0,WiFi
2136,176,39,2026-05-02 00:38:37.248926,23.2,9475.0,0.45,99.55,0,Cellular Bonded
2137,36,105,2025-12-24 14:47:39.648068,21.4,12421.0,0.3,99.7,0,Wired IP
2138,198,33,2026-03-13 10:53:31.263201,133.4,10579.0,0.03,99.97,0,Cellular Bonded
2139,9,12,2025-10-09 02:40:24.936046,79.7,3342.0,0.6,99.4,0,Cellular Bonded
2140,259,64,2026-07-30 10:20:22.768220,13.0,6086.0,0.12,99.88,0,Wired IP
2141,77,30,2026-06-19 15:59:19.193648,24.1,9006.0,0.51,99.49,0,WiFi
2142,91,61,2026-06-10 01:36:47.826361,30.9,8972.0,0.21,99.79,0,Cellular Bonded
2143,20,95,2026-08-07 11:14:56.430061,85.8,10653.0,0.28,99.72,0,Cellular Bonded
2144,273,46,2026-03-04 03:15:11.016189,121.3,8581.0,0.02,99.98,0,Satellite Hybrid
2145,61,113,2025-10-21 07:46:00.949135,120.2,6708.0,0.02,99.98,0,Cellular Bonded
2146,67,96,2025-09-01 02:19:11.745176,69.3,11564.0,0.32,99.68,0,Cellular Bonded
2147,277,115,2025-09-07 17:48:23.432933,80.6,5969.0,0.45,99.55,0,Wired IP
2148,221,47,2026-03-25 20:51:52.979922,62.6,12628.0,0.78,99.22,0,Cellular Bonded
2149,190,3,2025-08-25 12:18:33.960258,1.0,6947.0,0.04,99.96,0,WiFi
2150,272,13,2026-02-08 17:21:48.660752,180.4,9372.0,0.21,99.79,0,Cellular Bonded
2151,247,92,2025-12-17 08:01:45.694038,78.6,6111.0,0.23,99.77,0,WiFi
2152,196,25,2026-03-30 10:07:52.482761,42.3,6537.0,0.42,99.58,0,WiFi
2153,295,111,2026-06-08 14:57:25.629493,135.2,7462.0,2.92,97.08,0,Wired IP
2154,69,12,2025-12-20 15:05:50.883254,99.5,10198.0,0.11,99.89,0,WiFi
2155,120,58,2025-10-22 00:26:23.845335,83.9,7757.0,0.03,99.97,0,Cellular Bonded
2156,43,75,2026-06-07 03:43:46.463413,1.0,11121.0,0.09,99.91,0,Satellite Hybrid
2157,279,47,2026-07-01 04:08:10.965348,93.7,11170.0,0.11,99.89,0,WiFi
2158,97,28,2025-09-08 23:29:18.669689,35.7,6630.0,0.47,94.53,1,WiFi
2159,4,33,2025-10-11 03:49:12.723484,176.6,3898.0,0.14,99.86,0,Cellular Bonded
2160,61,113,2026-05-02 11:32:15.263427,88.9,10667.0,0.31,99.69,0,WiFi
2161,193,62,2025-10-08 22:44:03.974588,1.0,7875.0,0.07,99.93,0,Satellite Hybrid
2162,162,45,2025-09-27 17:29:31.130837,54.4,4807.0,0.66,99.34,0,Cellular Bonded
2163,55,99,2026-02-26 08:34:10.165911,92.2,4512.0,0.31,99.69,0,Cellular Bonded
2164,300,63,2025-12-29 10:30:23.444892,74.1,6343.0,0.25,99.75,0,Wired IP
2165,275,6,2025-09-13 17:10:03.397945,1.0,6571.0,0.05,99.95,0,Wired IP
2166,188,39,2026-05-02 10:09:01.554992,41.0,9696.0,0.12,99.88,0,Cellular Bonded
2167,204,45,2026-04-16 22:41:57.291358,92.8,3820.0,0.22,99.78,0,Wired IP
2168,212,85,2026-03-20 03:47:22.763367,70.1,6465.0,0.78,99.22,0,Cellular Bonded
2169,286,109,2025-12-19 02:19:09.094558,69.5,7894.0,0.97,99.03,0,Wired IP
2170,190,3,2025-12-14 00:02:05.569778,45.8,10631.0,0.95,99.05,0,Wired IP
2171,248,36,2026-08-09 11:11:50.707196,13.8,5995.0,0.32,99.68,0,Cellular Bonded
2172,158,116,2026-05-12 13:49:40.482391,112.2,7178.0,0.43,99.57,0,Cellular Bonded
2173,204,45,2026-01-24 17:06:27.141199,83.1,8694.0,1.04,98.96,0,Cellular Bonded
2174,61,113,2026-04-08 14:18:17.609769,75.5,6797.0,0.06,99.94,0,Cellular Bonded
2175,229,54,2026-02-12 02:03:39.566549,19.2,7258.0,1.02,98.98,0,Cellular Bonded
2176,83,89,2025-12-12 01:25:41.620953,111.2,5415.0,0.12,99.88,0,WiFi
2177,261,118,2026-05-03 09:19:20.628285,1.0,9366.0,0.2,99.8,0,WiFi
2178,174,90,2026-03-11 09:10:54.631829,2.2,9137.0,0.65,99.35,0,Cellular Bonded
2179,27,81,2026-07-08 23:28:22.895740,28.1,9342.0,0.36,99.64,0,WiFi
2180,3,33,2026-03-30 06:24:03.568480,97.4,10042.0,0.29,99.71,0,Wired IP
2181,75,99,2025-12-26 11:51:19.642229,96.2,8411.0,0.32,99.68,0,Cellular Bonded
2182,223,49,2026-04-18 04:25:02.806006,74.7,4256.0,0.06,99.94,0,Wired IP
2183,135,58,2026-06-11 13:07:19.554307,57.1,7224.0,0.84,99.16,0,Cellular Bonded
2184,41,114,2026-01-03 08:43:44.930008,110.2,7736.0,0.3,99.7,0,Cellular Bonded
2185,197,56,2026-05-13 04:13:18.166673,43.3,8526.0,0.49,99.51,0,Cellular Bonded
2186,206,45,2025-12-03 17:58:30.311843,60.2,11041.0,0.04,99.96,0,WiFi
2187,267,84,2025-10-22 02:36:58.745885,9.6,7880.0,0.01,99.99,0,Cellular Bonded
2188,30,93,2025-08-18 21:28:20.998401,96.0,4543.0,0.3,99.7,0,Cellular Bonded
2189,90,12,2026-05-01 11:59:20.562337,42.6,7108.0,1.14,98.86,0,Cellular Bonded
2190,225,15,2026-03-15 08:18:13.738704,61.0,3076.0,0.59,94.41,1,Cellular Bonded
2191,266,117,2026-06-24 19:10:07.881185,95.5,10045.0,0.31,99.69,0,Wired IP
2192,18,13,2026-05-26 14:56:07.250180,75.5,5465.0,0.24,99.76,0,Cellular Bonded
2193,262,63,2026-03-13 09:24:53.376701,36.9,4601.0,0.05,99.95,0,Cellular Bonded
2194,119,42,2025-10-23 16:55:55.532192,102.5,5577.0,0.02,99.98,0,WiFi
2195,19,12,2025-12-12 09:36:24.290067,24.7,6181.0,0.32,99.68,0,Cellular Bonded
2196,1,50,2026-06-09 11:38:46.447822,121.1,7331.0,0.01,99.99,0,Cellular Bonded
2197,45,120,2026-03-29 10:00:24.956229,32.2,9762.0,0.03,99.97,0,Cellular Bonded
2198,205,32,2026-04-08 17:38:27.245751,77.8,720.0,0.19,99.81,0,Cellular Bonded
2199,203,44,2025-09-25 05:49:36.113294,127.2,7570.0,0.04,99.96,0,WiFi
2200,103,16,2026-02-15 08:46:42.801907,109.1,10152.0,0.53,99.47,0,Cellular Bonded
2201,36,105,2025-12-17 03:04:28.005653,72.4,4350.0,1.27,98.73,0,Satellite Hybrid
2202,282,10,2025-09-15 15:22:55.050353,59.7,6971.0,1.39,98.61,0,Cellular Bonded
2203,287,5,2025-12-22 20:06:38.667801,135.6,5035.0,0.01,99.99,0,Wired IP
2204,179,13,2025-12-12 21:00:41.321951,1.0,12048.0,0.79,99.21,0,Wired IP
2205,142,40,2026-04-07 11:19:40.647778,16.0,7283.0,0.68,99.32,0,Cellular Bonded
2206,100,52,2026-08-04 19:13:23.442646,122.4,4769.0,0.01,99.99,0,Wired IP
2207,207,61,2026-06-14 04:16:02.359187,119.3,11346.0,0.93,99.07,0,Cellular Bonded
2208,134,74,2026-04-19 19:46:46.479571,106.3,7369.0,0.54,99.46,0,Wired IP
2209,260,27,2026-05-11 10:57:58.041051,58.7,9473.0,0.24,99.76,0,Cellular Bonded
2210,38,68,2025-12-18 19:12:31.496512,17.0,11559.0,0.62,99.38,0,Cellular Bonded
2211,175,19,2025-08-22 09:33:27.664902,56.3,7291.0,0.04,99.96,0,Satellite Hybrid
2212,263,17,2025-11-02 18:45:24.261741,57.1,7485.0,0.01,99.99,0,WiFi
2213,276,82,2026-04-28 06:36:32.359387,48.1,8978.0,0.54,99.46,0,Cellular Bonded
2214,295,111,2025-12-24 04:16:21.184489,90.2,4627.0,0.08,99.92,0,WiFi
2215,227,1,2026-06-01 12:46:18.853216,70.4,6172.0,0.93,99.07,0,Cellular Bonded
2216,289,120,2026-05-08 05:14:08.660433,1.0,7946.0,0.35,99.65,0,Cellular Bonded
2217,125,35,2025-09-04 19:32:20.624691,72.0,6490.0,0.22,99.78,0,Satellite Hybrid
2218,235,75,2026-01-25 04:57:00.865658,40.0,5198.0,0.33,99.67,0,Satellite Hybrid
2219,15,43,2026-01-18 10:17:10.557145,8.1,5936.0,0.13,99.87,0,Cellular Bonded
2220,133,9,2025-10-17 23:00:20.000825,23.3,6486.0,0.4,99.6,0,Satellite Hybrid
2221,113,23,2026-01-16 08:55:35.194983,3.2,5397.0,0.11,99.89,0,Cellular Bonded
2222,118,53,2026-07-06 02:52:42.880630,74.6,9350.0,0.55,99.45,0,WiFi
2223,212,85,2025-12-24 10:50:36.009918,43.6,7546.0,0.39,99.61,0,Cellular Bonded
2224,265,33,2026-01-02 06:07:34.179463,129.1,9156.0,0.61,99.39,0,Cellular Bonded
2225,135,58,2026-06-16 18:51:57.201444,159.6,8608.0,0.68,99.32,0,WiFi
2226,48,21,2026-06-02 03:45:10.956663,1.0,6972.0,0.05,99.95,0,Wired IP
2227,176,39,2026-03-17 06:02:31.721844,44.4,10087.0,0.02,99.98,0,Cellular Bonded
2228,92,105,2026-05-22 00:39:44.879364,93.7,7698.0,0.13,99.87,0,Cellular Bonded
2229,182,58,2025-11-08 14:02:32.508714,64.4,5614.0,0.48,99.52,0,Cellular Bonded
2230,294,96,2026-01-29 23:25:55.699732,97.9,6779.0,0.0,100.0,0,Satellite Hybrid
2231,98,78,2026-06-05 23:25:57.842111,2.2,5935.0,0.43,99.57,0,WiFi
2232,103,16,2025-08-30 10:26:57.110765,46.1,8147.0,0.25,99.75,0,Cellular Bonded
2233,124,5,2025-08-25 13:37:25.144915,144.1,9266.0,0.01,99.99,0,Cellular Bonded
2234,106,99,2025-11-21 13:27:01.919366,1.0,10483.0,0.44,99.56,0,Cellular Bonded
2235,128,107,2025-09-25 11:12:47.059226,70.3,7870.0,0.17,99.83,0,Cellular Bonded
2236,183,20,2025-12-21 00:17:20.720606,80.6,8198.0,1.63,98.37,0,Satellite Hybrid
2237,55,99,2026-07-08 08:51:05.149730,1.0,10538.0,0.71,99.29,0,Cellular Bonded
2238,41,114,2025-10-15 23:23:56.237458,1.0,9423.0,0.12,99.88,0,Satellite Hybrid
2239,253,50,2025-09-14 14:48:51.558416,39.4,5351.0,0.4,99.6,0,Wired IP
2240,278,69,2026-07-28 01:05:32.529327,129.0,8507.0,0.58,99.42,0,WiFi
2241,247,92,2026-08-10 06:18:13.577632,87.2,7040.0,0.23,99.77,0,Cellular Bonded
2242,162,45,2025-12-19 14:29:33.582062,96.9,6085.0,0.03,99.97,0,Cellular Bonded
2243,295,111,2026-08-12 21:41:08.208253,91.1,8807.0,0.4,99.6,0,Cellular Bonded
2244,252,60,2026-07-10 07:14:23.570230,70.7,6624.0,0.02,99.98,0,Satellite Hybrid
2245,262,63,2026-05-02 09:51:29.302977,74.9,7580.0,0.26,99.74,0,Cellular Bonded
2246,114,16,2026-01-22 16:31:39.319067,47.3,9589.0,0.15,99.85,0,WiFi
2247,66,62,2026-04-13 20:11:33.850334,33.4,3800.0,0.17,99.83,0,Cellular Bonded
2248,217,19,2026-03-27 22:24:23.532367,11.4,10233.0,0.14,99.86,0,Wired IP
2249,277,115,2026-01-23 17:43:59.934525,64.3,8765.0,0.65,94.35,1,WiFi
2250,178,45,2025-09-06 18:55:14.989191,52.6,7645.0,0.06,99.94,0,WiFi
2251,90,12,2025-12-17 02:25:38.920086,99.9,11068.0,0.06,99.94,0,Satellite Hybrid
2252,62,103,2026-08-08 22:23:12.115395,85.3,8959.0,0.01,99.99,0,WiFi
2253,236,12,2026-01-14 15:24:20.317528,25.3,8956.0,0.58,99.42,0,Cellular Bonded
2254,5,61,2026-03-08 12:16:40.678091,43.2,9865.0,0.47,94.53,1,Wired IP
2255,108,25,2026-07-22 02:38:03.841641,66.5,2667.0,0.25,99.75,0,Cellular Bonded
2256,52,73,2026-03-03 09:44:18.284639,125.8,9412.0,0.99,99.01,0,Wired IP
2257,133,9,2026-04-16 09:11:34.170913,137.6,8207.0,0.65,99.35,0,Cellular Bonded
2258,135,58,2025-12-04 19:14:10.641924,58.6,5534.0,0.74,99.26,0,Satellite Hybrid
2259,242,76,2025-09-22 06:02:11.982765,32.0,9473.0,1.33,98.67,0,Cellular Bonded
2260,176,39,2026-01-08 15:55:18.110147,77.5,6964.0,1.38,98.62,0,Cellular Bonded
2261,256,101,2026-03-06 21:17:36.445289,60.8,7117.0,0.01,99.99,0,Cellular Bonded
2262,215,36,2026-02-13 10:53:57.545266,69.7,5885.0,0.12,99.88,0,Cellular Bonded
2263,191,77,2025-09-07 03:14:09.372138,80.7,4461.0,0.03,99.97,0,Cellular Bonded
2264,206,45,2025-08-19 15:08:57.070554,48.5,6350.0,0.08,99.92,0,Wired IP
2265,93,19,2025-09-19 05:25:46.782714,93.5,9004.0,0.19,99.81,0,Cellular Bonded
2266,295,111,2026-06-14 23:51:08.865268,58.1,7893.0,0.52,99.48,0,Cellular Bonded
2267,52,73,2026-04-03 10:07:04.630512,99.6,3888.0,0.23,99.77,0,Wired IP
2268,121,39,2026-02-09 13:51:32.356938,114.8,4075.0,0.15,99.85,0,Wired IP
2269,196,25,2025-09-22 15:25:09.985694,147.4,5893.0,0.05,99.95,0,WiFi
2270,77,30,2025-11-01 18:49:40.498989,50.0,3776.0,0.86,99.14,0,Wired IP
2271,5,61,2026-04-08 04:53:02.211493,112.9,7326.0,0.02,99.98,0,WiFi
2272,256,101,2026-08-09 21:41:04.212430,56.9,13781.0,0.88,99.12,0,WiFi
2273,265,33,2026-02-07 02:39:16.714587,103.4,6329.0,0.04,99.96,0,WiFi
2274,162,45,2025-09-29 09:41:24.617963,40.6,8650.0,0.46,99.54,0,Satellite Hybrid
2275,154,112,2026-05-31 17:59:36.141675,1.0,9818.0,0.12,99.88,0,WiFi
2276,291,118,2026-02-06 03:38:47.852248,50.6,3924.0,0.47,99.53,0,Cellular Bonded
2277,51,101,2026-07-10 21:42:25.013258,128.8,12216.0,0.46,99.54,0,Cellular Bonded
2278,31,26,2025-11-22 23:24:50.522698,1.0,6538.0,0.66,99.34,0,Cellular Bonded
2279,131,111,2026-04-09 13:05:12.530006,69.3,8914.0,0.87,99.13,0,Cellular Bonded
2280,50,10,2026-01-06 16:49:50.456075,92.7,7276.0,0.04,99.96,0,Cellular Bonded
2281,172,91,2025-12-31 16:13:01.518312,98.7,13171.0,0.49,99.51,0,Cellular Bonded
2282,185,72,2026-01-04 11:32:49.695024,41.7,11526.0,0.7,99.3,0,Cellular Bonded
2283,132,76,2025-10-25 08:22:00.463001,72.2,3537.0,0.23,99.77,0,Satellite Hybrid
2284,211,118,2025-09-03 12:36:29.533364,14.2,6401.0,0.25,99.75,0,Satellite Hybrid
2285,102,111,2026-01-25 18:16:09.717986,72.1,5192.0,0.15,99.85,0,Cellular Bonded
2286,276,82,2025-11-22 09:21:54.246710,77.6,7597.0,0.46,99.54,0,Cellular Bonded
2287,146,27,2026-06-19 19:20:04.471480,104.1,9018.0,0.21,99.79,0,WiFi
2288,262,63,2026-03-12 05:03:46.432680,77.9,7137.0,0.31,99.69,0,Cellular Bonded
2289,229,54,2025-10-12 09:46:15.256232,71.3,7925.0,0.61,99.39,0,Satellite Hybrid
2290,196,25,2026-04-29 11:28:30.915811,56.8,5607.0,0.12,99.88,0,Cellular Bonded
2291,238,96,2025-09-22 12:55:44.060923,104.3,8267.0,0.45,99.55,0,Cellular Bonded
2292,75,99,2026-04-19 03:16:45.155932,90.8,8268.0,0.51,99.49,0,WiFi
2293,173,74,2026-06-09 06:09:18.514517,49.9,5750.0,1.34,98.66,0,Cellular Bonded
2294,293,18,2026-01-16 08:38:29.822820,60.8,5529.0,0.48,99.52,0,Wired IP
2295,37,7,2026-05-21 09:00:34.676794,71.5,2916.0,0.85,99.15,0,Cellular Bonded
2296,176,39,2025-11-09 06:57:04.640078,101.2,500.0,0.39,99.61,0,Cellular Bonded
2297,163,4,2025-09-09 11:59:50.175503,57.3,9498.0,0.2,99.8,0,Cellular Bonded
2298,137,17,2026-01-06 13:08:31.709931,113.3,6790.0,0.64,99.36,0,Wired IP
2299,203,44,2026-02-25 00:02:36.615885,128.9,6147.0,0.28,99.72,0,WiFi
2300,228,117,2026-08-05 17:32:48.485222,29.9,11533.0,0.16,99.84,0,Cellular Bonded
2301,186,61,2026-04-26 01:05:44.822590,84.6,8202.0,0.09,99.91,0,Cellular Bonded
2302,267,84,2026-07-26 01:08:46.298620,76.0,7079.0,0.17,99.83,0,Cellular Bonded
2303,212,85,2026-03-15 07:14:53.169935,117.8,4658.0,0.32,99.68,0,WiFi
2304,12,33,2025-11-12 06:10:17.105217,41.1,2995.0,0.04,99.96,0,Cellular Bonded
2305,121,39,2025-12-05 07:57:08.942540,1.0,7110.0,0.38,99.62,0,Cellular Bonded
2306,41,114,2026-01-09 08:35:10.905104,133.8,9344.0,0.74,99.26,0,Cellular Bonded
2307,204,45,2026-06-25 23:03:13.432451,71.0,11999.0,0.1,99.9,0,Cellular Bonded
2308,33,90,2025-08-30 21:58:33.794492,1.0,7736.0,0.16,99.84,0,Cellular Bonded
2309,243,24,2026-03-14 18:09:22.014820,106.4,3695.0,0.08,99.92,0,Wired IP
2310,14,74,2026-02-22 21:32:15.549012,68.7,11460.0,0.52,99.48,0,Cellular Bonded
2311,269,92,2026-03-14 20:28:54.793459,1.0,9627.0,0.27,99.73,0,Cellular Bonded
2312,43,75,2026-08-11 23:35:46.641497,63.6,7708.0,0.54,99.46,0,Cellular Bonded
2313,80,62,2025-10-11 01:30:14.795982,34.5,5039.0,0.8,99.2,0,Cellular Bonded
2314,200,117,2026-07-30 18:06:16.516263,87.3,8086.0,0.15,99.85,0,Cellular Bonded
2315,127,93,2026-01-29 03:44:25.001755,88.4,9763.0,0.12,99.88,0,Cellular Bonded
2316,227,1,2026-07-30 16:24:38.885266,23.1,10170.0,1.02,98.98,0,Cellular Bonded
2317,68,37,2025-10-18 06:14:42.458299,50.4,7627.0,0.49,99.51,0,Wired IP
2318,88,49,2025-11-03 14:04:56.365864,87.5,8437.0,0.06,94.94,1,Cellular Bonded
2319,183,20,2025-10-27 14:11:11.847632,72.9,8469.0,0.71,99.29,0,WiFi
2320,167,19,2025-09-02 19:36:10.690289,16.0,6507.0,1.06,98.94,0,Cellular Bonded
2321,240,72,2025-09-15 20:18:16.555804,128.9,5967.0,0.14,99.86,0,WiFi
2322,277,115,2026-04-24 14:33:21.683115,119.8,12781.0,0.25,99.75,0,Cellular Bonded
2323,281,66,2025-10-30 22:43:40.246236,1.0,3775.0,0.35,99.65,0,Cellular Bonded
2324,277,115,2026-06-14 12:10:18.122097,82.5,10003.0,0.58,99.42,0,WiFi
2325,234,57,2025-10-11 05:16:35.582376,69.5,7673.0,0.28,99.72,0,Wired IP
2326,289,120,2026-03-23 10:54:35.321510,86.0,2174.0,0.45,99.55,0,Cellular Bonded
2327,274,35,2025-12-12 23:02:00.931833,38.3,4512.0,0.28,99.72,0,Wired IP
2328,178,45,2026-05-10 15:50:29.365517,48.7,11773.0,0.02,99.98,0,Cellular Bonded
2329,117,109,2026-06-08 22:49:36.148485,118.5,7530.0,0.19,99.81,0,Cellular Bonded
2330,227,1,2025-09-19 00:09:54.142317,108.7,5284.0,1.21,98.79,0,Cellular Bonded
2331,212,85,2026-03-09 08:00:20.331080,6.9,3537.0,0.08,99.92,0,Cellular Bonded
2332,156,65,2026-03-07 18:14:44.884808,1.0,10701.0,0.03,94.97,1,Wired IP
2333,268,77,2026-06-26 22:34:16.654028,90.2,6085.0,0.13,99.87,0,WiFi
2334,70,113,2026-02-23 22:41:18.409308,77.9,6794.0,0.04,99.96,0,Cellular Bonded
2335,241,102,2026-07-19 00:56:23.730024,34.6,9360.0,0.13,99.87,0,Wired IP
2336,252,60,2025-08-22 18:02:23.441757,4.0,14178.0,1.67,98.33,0,Satellite Hybrid
2337,245,117,2026-04-30 22:00:13.290658,14.5,11038.0,0.19,99.81,0,Satellite Hybrid
2338,221,47,2026-03-20 17:27:06.165686,60.9,7549.0,0.09,99.91,0,Cellular Bonded
2339,119,42,2026-05-30 14:02:16.508590,160.5,11609.0,0.19,99.81,0,Cellular Bonded
2340,281,66,2025-09-28 07:29:39.086172,29.3,8929.0,0.29,99.71,0,WiFi
2341,211,118,2025-10-11 20:43:53.354489,85.0,6339.0,0.57,99.43,0,Cellular Bonded
2342,224,14,2026-03-13 01:37:40.232222,84.8,6820.0,0.33,99.67,0,Cellular Bonded
2343,84,86,2026-03-18 22:31:54.343786,64.6,5257.0,0.21,99.79,0,WiFi
2344,200,117,2026-08-05 10:34:21.836485,89.4,7094.0,0.72,99.28,0,Wired IP
2345,113,23,2025-09-23 19:36:15.580506,126.7,7406.0,0.36,99.64,0,Cellular Bonded
2346,217,19,2025-09-25 19:11:00.763237,126.6,6931.0,0.35,99.65,0,Wired IP
2347,265,33,2026-05-29 19:16:51.669937,49.7,10102.0,0.04,99.96,0,Wired IP
2348,140,46,2026-06-01 01:36:25.734344,33.0,8081.0,0.68,99.32,0,Wired IP
2349,273,46,2026-06-30 21:38:14.038768,34.0,13149.0,0.43,99.57,0,WiFi
2350,212,85,2026-07-05 12:33:19.853207,122.3,8172.0,1.34,98.66,0,Cellular Bonded
2351,36,105,2026-07-04 16:54:41.393335,50.1,5277.0,0.1,99.9,0,Cellular Bonded
2352,149,29,2025-11-22 15:48:41.625247,43.9,8691.0,0.53,99.47,0,WiFi
2353,234,57,2026-04-14 06:17:22.929812,18.1,9723.0,0.22,99.78,0,WiFi
2354,140,46,2026-03-15 01:11:37.802604,112.9,10190.0,0.35,99.65,0,Cellular Bonded
2355,252,60,2026-02-06 22:03:48.931247,36.4,10394.0,0.13,99.87,0,WiFi
2356,10,67,2025-10-20 02:21:21.749411,72.2,10272.0,0.3,99.7,0,Cellular Bonded
2357,274,35,2026-01-12 08:09:35.431098,104.7,10643.0,1.36,93.64,1,Cellular Bonded
2358,53,24,2026-03-31 22:08:10.845499,49.1,11861.0,0.33,99.67,0,WiFi
2359,65,23,2026-04-23 18:17:43.343549,38.6,5085.0,0.59,99.41,0,Satellite Hybrid
2360,5,61,2026-01-11 21:10:23.055950,59.1,5852.0,0.35,99.65,0,Wired IP
2361,78,17,2026-01-09 17:14:43.841794,85.6,6687.0,0.06,94.94,1,Cellular Bonded
2362,112,53,2026-07-05 02:14:01.550034,85.0,7152.0,0.09,99.91,0,WiFi
2363,160,71,2026-04-27 07:17:04.167070,84.9,9759.0,0.82,99.18,0,Satellite Hybrid
2364,256,101,2025-09-05 05:33:26.553740,45.7,9732.0,0.04,99.96,0,Satellite Hybrid
2365,238,96,2026-02-07 17:05:19.230272,1.0,3767.0,0.3,99.7,0,Cellular Bonded
2366,17,29,2025-11-24 06:46:40.445069,52.0,8218.0,1.4,98.6,0,Wired IP
2367,75,99,2026-01-01 04:39:32.941370,57.8,9454.0,0.3,99.7,0,Wired IP
2368,201,6,2025-12-19 13:45:08.409057,69.1,8358.0,0.21,99.79,0,Satellite Hybrid
2369,241,102,2026-06-03 22:52:30.222703,38.2,10163.0,0.39,99.61,0,WiFi
2370,129,75,2025-12-09 17:56:07.697706,57.6,12654.0,0.35,99.65,0,Wired IP
2371,7,43,2026-06-21 21:51:58.265471,118.3,9189.0,0.52,99.48,0,WiFi
2372,128,107,2026-06-27 12:40:54.183465,50.1,12419.0,0.26,99.74,0,Cellular Bonded
2373,227,1,2026-04-25 05:40:56.376327,37.8,6942.0,0.05,99.95,0,WiFi
2374,18,13,2026-08-08 05:43:31.072133,64.5,7487.0,0.05,99.95,0,WiFi
2375,49,36,2025-11-09 10:50:48.816167,145.2,5988.0,0.37,99.63,0,Cellular Bonded
2376,107,12,2025-12-05 22:13:05.853338,36.4,7771.0,0.64,99.36,0,Cellular Bonded
2377,160,71,2026-05-16 17:27:15.072206,10.0,1002.0,0.33,99.67,0,WiFi
2378,82,112,2026-05-27 18:58:29.519307,107.9,11156.0,0.3,99.7,0,Cellular Bonded
2379,22,2,2025-12-13 08:50:08.112825,85.2,7729.0,2.17,97.83,0,WiFi
2380,282,10,2026-05-11 06:42:13.027641,52.5,7466.0,0.21,99.79,0,Wired IP
2381,130,18,2026-03-27 01:55:08.728991,89.0,8867.0,0.38,99.62,0,Cellular Bonded
2382,153,8,2025-09-19 19:57:34.686508,3.5,9004.0,0.53,99.47,0,WiFi
2383,27,81,2026-01-26 11:34:57.208957,26.9,6660.0,0.04,99.96,0,WiFi
2384,112,53,2026-07-17 16:16:09.775461,1.0,6646.0,0.78,99.22,0,Satellite Hybrid
2385,121,39,2026-01-13 20:55:27.680231,132.6,8312.0,0.68,99.32,0,WiFi
2386,167,19,2026-02-11 02:03:31.252560,1.0,5452.0,0.59,94.41,1,Cellular Bonded
2387,142,40,2026-02-22 18:46:09.755044,90.2,8824.0,0.99,99.01,0,Cellular Bonded
2388,203,44,2026-01-01 17:32:00.606568,41.1,6050.0,0.56,99.44,0,Cellular Bonded
2389,5,61,2025-09-07 18:08:16.999639,31.4,7003.0,0.07,99.93,0,WiFi
2390,298,85,2026-06-03 03:56:12.395469,74.0,8565.0,0.16,99.84,0,Cellular Bonded
2391,244,28,2025-09-11 04:35:19.462850,27.3,11457.0,0.02,99.98,0,Cellular Bonded
2392,80,62,2026-05-04 06:13:48.818660,75.3,5378.0,0.91,99.09,0,WiFi
2393,46,36,2026-01-12 11:45:43.906016,1.0,11351.0,0.39,99.61,0,Cellular Bonded
2394,256,101,2026-05-30 03:47:39.589519,96.8,5183.0,0.83,99.17,0,Cellular Bonded
2395,174,90,2026-02-25 14:58:18.075269,55.5,10946.0,0.21,99.79,0,Cellular Bonded
2396,31,26,2026-03-13 19:50:10.971677,103.0,9508.0,0.44,99.56,0,Cellular Bonded
2397,79,113,2025-10-20 15:49:37.695522,71.7,5721.0,0.21,99.79,0,Cellular Bonded
2398,55,99,2026-07-03 17:08:34.641973,53.2,7865.0,0.01,99.99,0,WiFi
2399,120,58,2025-10-30 12:16:49.322844,85.2,10051.0,0.21,99.79,0,Cellular Bonded
2400,286,109,2025-09-08 06:35:36.500968,34.7,8218.0,0.31,99.69,0,Wired IP
2401,178,45,2025-08-30 07:27:18.753134,111.5,10379.0,0.04,99.96,0,Cellular Bonded
2402,225,15,2025-09-05 16:40:08.240321,123.3,8323.0,0.05,99.95,0,Wired IP
2403,11,65,2025-12-27 18:57:10.035369,43.7,9553.0,0.83,99.17,0,Cellular Bonded
2404,184,92,2025-10-29 22:06:49.905745,38.5,5929.0,0.96,99.04,0,Wired IP
2405,129,75,2025-12-30 16:50:15.412260,113.7,5469.0,0.45,99.55,0,WiFi
2406,249,90,2026-02-03 16:43:13.812994,68.8,3268.0,0.44,99.56,0,Cellular Bonded
2407,287,5,2026-01-10 03:18:59.496271,124.4,5663.0,0.12,99.88,0,Wired IP
2408,251,58,2026-07-21 04:43:55.194462,103.1,6273.0,0.56,99.44,0,Cellular Bonded
2409,96,71,2026-04-23 21:27:45.769532,86.5,5137.0,0.25,99.75,0,WiFi
2410,166,31,2025-11-14 13:19:52.889033,67.8,7257.0,0.52,99.48,0,Wired IP
2411,141,13,2026-02-12 15:57:44.850173,20.9,9838.0,0.05,99.95,0,Satellite Hybrid
2412,284,30,2026-01-28 02:00:56.584174,102.8,8137.0,0.52,99.48,0,Cellular Bonded
2413,272,13,2026-08-03 20:48:07.207875,1.0,3947.0,0.1,99.9,0,Cellular Bonded
2414,152,83,2026-02-07 11:31:04.224236,9.2,8909.0,0.09,99.91,0,Cellular Bonded
2415,278,69,2026-03-07 11:56:02.622425,27.3,12163.0,0.33,99.67,0,Satellite Hybrid
2416,1,50,2025-12-21 21:40:23.310089,4.7,6783.0,0.26,99.74,0,Wired IP
2417,260,27,2026-06-20 00:22:21.230246,101.1,11120.0,0.23,99.77,0,WiFi
2418,95,9,2025-11-20 15:49:50.391838,68.3,6898.0,0.32,99.68,0,Cellular Bonded
2419,187,105,2026-06-17 12:56:31.157366,87.5,6633.0,0.02,99.98,0,Cellular Bonded
2420,123,95,2025-09-20 05:38:29.019575,1.1,7040.0,0.55,99.45,0,Satellite Hybrid
2421,33,90,2025-08-28 06:12:50.518309,36.5,10769.0,0.54,99.46,0,Wired IP
2422,276,82,2025-09-05 08:42:43.881028,13.3,4875.0,0.92,99.08,0,Cellular Bonded
2423,98,78,2026-06-25 22:00:57.161706,31.8,7184.0,0.01,99.99,0,Cellular Bonded
2424,255,92,2026-05-29 21:46:55.234838,137.0,6344.0,0.14,99.86,0,WiFi
2425,79,113,2025-11-04 11:21:28.654491,83.9,7843.0,1.23,98.77,0,WiFi
2426,166,31,2025-11-07 00:58:09.554085,72.1,8924.0,0.9,99.1,0,Cellular Bonded
2427,165,70,2025-11-08 09:55:08.309659,114.4,6115.0,0.22,99.78,0,WiFi
2428,268,77,2025-11-01 16:52:59.841710,50.2,9749.0,0.69,99.31,0,Cellular Bonded
2429,23,115,2026-04-13 02:15:07.014768,74.0,2791.0,0.1,99.9,0,Satellite Hybrid
2430,67,96,2026-02-21 14:33:27.887740,10.4,8916.0,0.64,99.36,0,Satellite Hybrid
2431,17,29,2026-06-29 20:42:34.637021,21.4,6147.0,0.84,99.16,0,WiFi
2432,249,90,2026-08-06 06:46:54.616420,83.6,11061.0,0.04,99.96,0,Satellite Hybrid
2433,17,29,2026-04-24 06:26:45.415974,125.3,7344.0,0.09,99.91,0,Cellular Bonded
2434,199,38,2026-02-07 07:16:04.985055,94.0,10132.0,0.47,99.53,0,Cellular Bonded
2435,270,112,2025-10-05 12:55:11.444452,41.5,9563.0,0.16,99.84,0,Cellular Bonded
2436,132,76,2025-10-20 11:07:31.484290,86.8,9135.0,0.35,99.65,0,Cellular Bonded
2437,114,16,2026-06-06 14:03:57.384098,83.3,11099.0,0.19,99.81,0,Cellular Bonded
2438,37,7,2025-11-07 22:09:42.069656,1.0,6974.0,0.04,94.96,1,Cellular Bonded
2439,107,12,2026-03-28 07:23:52.127488,112.2,4079.0,0.73,99.27,0,Cellular Bonded
2440,41,114,2026-07-28 11:21:00.697847,1.0,4697.0,0.29,99.71,0,WiFi
2441,32,74,2026-05-05 10:00:44.263997,112.1,8455.0,0.29,99.71,0,Satellite Hybrid
2442,213,75,2026-05-04 04:28:04.019679,115.8,7385.0,1.03,98.97,0,Satellite Hybrid
2443,30,93,2025-11-26 18:18:06.920230,97.3,7903.0,1.4,98.6,0,Cellular Bonded
2444,137,17,2026-07-11 03:00:42.890946,85.1,5437.0,1.48,98.52,0,Wired IP
2445,37,7,2026-06-25 02:26:01.636464,74.0,8802.0,0.51,99.49,0,Cellular Bonded
2446,40,117,2026-02-01 18:59:04.820888,81.5,13827.0,0.79,99.21,0,Cellular Bonded
2447,266,117,2025-11-05 21:26:31.859735,86.6,12804.0,0.16,99.84,0,Cellular Bonded
2448,119,42,2025-12-06 12:48:08.811863,27.6,7805.0,0.16,99.84,0,Cellular Bonded
2449,98,78,2026-02-24 07:00:33.086256,1.0,2506.0,0.12,99.88,0,Wired IP
2450,128,107,2026-04-02 21:06:34.032018,15.6,6352.0,0.08,99.92,0,Cellular Bonded
2451,92,105,2026-03-19 14:23:23.934248,129.2,11542.0,0.3,99.7,0,WiFi
2452,286,109,2025-08-20 22:05:35.445269,76.2,6368.0,0.06,99.94,0,Wired IP
2453,55,99,2026-08-18 01:40:55.951460,31.1,8054.0,0.38,99.62,0,Cellular Bonded
2454,296,49,2026-08-06 01:03:42.465726,91.1,10989.0,0.1,99.9,0,Cellular Bonded
2455,235,75,2026-06-20 15:28:55.723697,94.4,3455.0,1.26,98.74,0,Cellular Bonded
2456,219,57,2026-03-11 04:37:29.045538,49.8,4137.0,0.54,99.46,0,Cellular Bonded
2457,86,59,2026-03-22 23:44:19.979577,88.7,10904.0,0.34,99.66,0,Cellular Bonded
2458,282,10,2025-11-29 10:14:31.950067,68.5,8269.0,0.38,99.62,0,Wired IP
2459,173,74,2026-04-25 01:50:14.984189,17.4,9533.0,0.52,99.48,0,Satellite Hybrid
2460,274,35,2026-02-10 02:12:44.663766,119.5,9191.0,0.17,99.83,0,Cellular Bonded
2461,227,1,2025-12-18 23:53:20.505314,55.9,10299.0,0.39,99.61,0,Wired IP
2462,162,45,2025-11-27 03:58:48.297064,63.5,12759.0,0.23,99.77,0,Wired IP
2463,167,19,2025-12-14 22:14:03.322049,39.2,5478.0,0.15,99.85,0,Cellular Bonded
2464,212,85,2025-11-27 07:29:57.075988,76.2,7955.0,0.88,99.12,0,Cellular Bonded
2465,221,47,2026-04-14 17:57:32.420093,137.4,5942.0,0.01,99.99,0,WiFi
2466,166,31,2026-07-31 19:48:02.162398,38.0,2457.0,0.0,100.0,0,Cellular Bonded
2467,289,120,2026-04-13 01:11:35.025437,100.7,7783.0,0.9,99.1,0,Wired IP
2468,193,62,2025-10-25 23:56:11.494426,41.5,8482.0,0.13,99.87,0,Satellite Hybrid
2469,131,111,2026-02-23 01:42:35.281472,105.3,11266.0,0.02,99.98,0,Cellular Bonded
2470,232,16,2025-11-13 22:59:53.805650,86.9,5664.0,0.71,99.29,0,Cellular Bonded
2471,204,45,2025-09-07 23:07:19.345041,25.9,9572.0,1.45,93.55,1,Cellular Bonded
2472,18,13,2026-06-27 04:37:37.075705,31.6,8827.0,0.0,100.0,0,Cellular Bonded
2473,9,12,2026-06-09 22:21:10.206659,75.4,4227.0,1.24,98.76,0,Cellular Bonded
2474,155,109,2026-01-12 18:00:41.534588,49.6,1881.0,0.62,94.38,1,Cellular Bonded
2475,114,16,2025-12-12 21:35:57.327798,51.2,11572.0,0.12,99.88,0,Cellular Bonded
2476,162,45,2025-10-08 07:38:17.578847,64.8,5944.0,0.06,94.94,1,WiFi
2477,142,40,2025-08-27 12:44:02.403469,124.0,6896.0,1.24,98.76,0,WiFi
2478,262,63,2026-02-15 19:11:05.437079,68.6,9491.0,0.07,99.93,0,Wired IP
2479,293,18,2025-12-04 03:30:06.323394,103.3,11699.0,0.01,99.99,0,WiFi
2480,20,95,2026-07-15 07:08:14.322038,55.6,7002.0,0.32,99.68,0,Cellular Bonded
2481,80,62,2026-01-12 22:23:46.034767,79.4,9880.0,0.31,99.69,0,Wired IP
2482,188,39,2026-05-14 04:12:06.517478,79.0,6601.0,0.05,99.95,0,Cellular Bonded
2483,128,107,2026-03-19 01:34:07.409223,127.3,9404.0,0.0,100.0,0,Cellular Bonded
2484,154,112,2026-08-16 08:43:08.500971,144.0,13741.0,0.41,99.59,0,Cellular Bonded
2485,205,32,2026-06-12 02:47:36.759210,10.7,8444.0,0.08,99.92,0,Satellite Hybrid
2486,112,53,2025-12-21 12:11:39.062631,35.5,8901.0,0.05,99.95,0,Satellite Hybrid
2487,167,19,2026-05-05 15:31:16.308701,37.1,4271.0,0.2,99.8,0,Cellular Bonded
2488,89,100,2026-04-25 18:31:36.861764,104.5,10786.0,0.32,99.68,0,WiFi
2489,296,49,2026-04-08 05:57:40.382147,72.5,9238.0,0.12,99.88,0,Satellite Hybrid
2490,49,36,2026-02-07 21:37:06.462780,140.6,3173.0,0.29,99.71,0,Wired IP
2491,154,112,2026-07-27 14:52:32.565433,21.4,9328.0,0.03,94.97,1,Cellular Bonded
2492,296,49,2025-12-27 02:30:01.510444,9.7,4336.0,1.55,98.45,0,Cellular Bonded
2493,29,8,2025-12-05 19:42:58.586501,40.6,7033.0,0.29,99.71,0,Cellular Bonded
2494,172,91,2025-10-19 06:58:03.911756,22.3,8901.0,0.34,99.66,0,WiFi
2495,223,49,2026-04-15 07:03:26.412256,61.2,6663.0,0.25,99.75,0,WiFi
2496,62,103,2026-03-10 00:30:36.633751,164.6,5042.0,0.63,99.37,0,Satellite Hybrid
2497,117,109,2025-12-03 11:33:06.208704,37.4,7410.0,0.52,99.48,0,Wired IP
2498,6,51,2026-02-06 02:12:49.622112,87.4,10901.0,0.61,99.39,0,Cellular Bonded
2499,196,25,2026-05-15 16:52:55.780205,1.0,10694.0,0.16,99.84,0,WiFi
2500,269,92,2026-05-09 23:03:09.032796,7.0,7420.0,0.09,99.91,0,Wired IP
2501,277,115,2026-03-10 07:22:31.320431,85.1,12844.0,0.2,99.8,0,Cellular Bonded
2502,168,61,2026-07-17 09:11:25.551667,62.2,6300.0,0.63,99.37,0,Cellular Bonded
2503,114,16,2026-07-29 21:40:45.284998,60.2,7928.0,0.24,99.76,0,Cellular Bonded
2504,202,58,2026-07-12 15:00:12.741026,75.7,14961.0,0.73,99.27,0,Satellite Hybrid
2505,295,111,2026-04-14 03:11:49.670389,72.5,2931.0,0.48,99.52,0,Cellular Bonded
2506,114,16,2025-11-07 08:52:31.847207,93.9,8526.0,0.14,99.86,0,Satellite Hybrid
2507,202,58,2025-11-07 18:17:18.276271,67.0,11320.0,0.51,99.49,0,Cellular Bonded
2508,173,74,2026-07-02 08:18:15.543334,107.8,4907.0,0.49,99.51,0,Wired IP
2509,293,18,2026-01-18 17:27:53.063472,57.9,4183.0,0.12,99.88,0,Cellular Bonded
2510,281,66,2026-07-07 23:19:20.114442,1.0,4737.0,0.13,99.87,0,Cellular Bonded
2511,44,29,2025-12-31 22:00:58.639542,78.1,10279.0,0.89,99.11,0,Cellular Bonded
2512,223,49,2026-03-19 23:52:58.176368,103.1,7787.0,0.13,99.87,0,Wired IP
2513,67,96,2026-02-03 12:42:34.927260,20.1,6133.0,0.16,99.84,0,Wired IP
2514,247,92,2025-09-30 05:36:00.529838,94.5,3283.0,0.21,99.79,0,Cellular Bonded
2515,250,8,2025-09-06 19:58:58.941716,71.7,4555.0,0.76,99.24,0,Cellular Bonded
2516,293,18,2026-04-06 19:38:45.182957,77.8,9883.0,0.38,99.62,0,Satellite Hybrid
2517,269,92,2026-03-18 01:49:16.750070,37.2,3826.0,0.64,99.36,0,Cellular Bonded
2518,37,7,2026-04-01 19:15:08.452554,49.4,7939.0,0.53,99.47,0,Cellular Bonded
2519,221,47,2026-02-06 14:49:08.895581,24.4,8167.0,1.92,98.08,0,Cellular Bonded
2520,295,111,2025-10-28 06:06:42.777142,109.3,12604.0,0.62,99.38,0,Cellular Bonded
2521,212,85,2025-09-30 23:25:26.479024,39.7,11443.0,0.21,99.79,0,WiFi
2522,179,13,2026-04-23 17:17:14.187059,91.1,10783.0,0.92,99.08,0,Cellular Bonded
2523,177,67,2026-02-27 15:36:55.203884,89.0,13024.0,0.27,99.73,0,Cellular Bonded
2524,13,40,2026-01-16 00:56:15.061252,15.0,8034.0,0.18,99.82,0,Cellular Bonded
2525,87,19,2026-07-02 03:11:45.334038,30.0,8388.0,0.07,99.93,0,Cellular Bonded
2526,227,1,2025-10-12 06:41:07.324067,108.0,7068.0,0.95,99.05,0,Cellular Bonded
2527,226,31,2026-08-15 11:38:28.442853,122.2,10610.0,0.31,99.69,0,WiFi
2528,120,58,2025-12-21 07:50:18.758243,62.5,4037.0,0.2,99.8,0,Cellular Bonded
2529,192,92,2026-08-13 14:28:03.012200,61.4,13872.0,0.13,99.87,0,Cellular Bonded
2530,44,29,2026-07-10 03:54:06.481467,91.6,9516.0,0.42,99.58,0,Cellular Bonded
2531,28,90,2026-08-13 09:42:57.793370,1.0,11124.0,0.05,99.95,0,Cellular Bonded
2532,76,105,2025-10-09 12:30:08.849592,161.0,9842.0,1.1,98.9,0,WiFi
2533,148,5,2026-06-29 01:07:12.830548,53.1,7203.0,0.04,94.96,1,WiFi
2534,57,99,2025-10-23 01:49:11.383548,117.0,8219.0,0.34,99.66,0,Wired IP
2535,242,76,2025-09-16 17:42:26.705508,99.8,11364.0,0.33,94.67,1,WiFi
2536,108,25,2025-12-17 15:52:28.805328,30.3,7569.0,0.02,99.98,0,Cellular Bonded
2537,109,52,2026-08-13 09:38:17.622585,35.4,8436.0,0.14,99.86,0,Cellular Bonded
2538,268,77,2025-12-10 15:31:46.325971,1.0,9201.0,0.04,99.96,0,Cellular Bonded
2539,281,66,2025-09-08 09:58:34.013231,78.6,7188.0,0.13,99.87,0,WiFi
2540,73,23,2026-01-30 06:08:29.912094,80.2,8135.0,0.13,99.87,0,Cellular Bonded
2541,10,67,2025-11-02 16:06:42.993280,42.2,8632.0,0.11,99.89,0,Wired IP
2542,270,112,2026-05-27 14:41:39.430455,36.5,8343.0,0.02,99.98,0,Cellular Bonded
2543,88,49,2026-03-16 14:28:40.506605,1.0,8086.0,0.21,99.79,0,WiFi
2544,103,16,2025-10-15 01:45:54.413325,57.9,10561.0,0.31,99.69,0,Wired IP
2545,139,7,2026-05-31 20:55:21.810973,62.7,4911.0,0.1,99.9,0,Satellite Hybrid
2546,5,61,2026-05-29 21:06:05.286609,1.0,10520.0,0.8,99.2,0,WiFi
2547,139,7,2025-10-04 11:26:30.504863,35.5,9166.0,0.86,99.14,0,Cellular Bonded
2548,185,72,2026-01-23 13:26:59.067654,47.4,7182.0,0.23,99.77,0,Wired IP
2549,10,67,2026-01-21 23:45:46.064818,37.1,4586.0,0.75,99.25,0,Satellite Hybrid
2550,198,33,2026-01-21 20:23:46.259013,33.7,9722.0,0.5,99.5,0,Cellular Bonded
2551,195,113,2026-02-08 12:12:21.997416,66.3,8670.0,0.48,99.52,0,Cellular Bonded
2552,51,101,2025-08-19 22:37:39.059267,41.1,6966.0,0.2,99.8,0,Cellular Bonded
2553,249,90,2026-03-01 02:10:09.915909,44.0,8782.0,0.56,99.44,0,Cellular Bonded
2554,273,46,2026-05-11 22:59:46.602216,88.8,6480.0,0.54,99.46,0,Cellular Bonded
2555,102,111,2026-07-31 01:14:04.294970,70.2,6658.0,0.21,99.79,0,Cellular Bonded
2556,235,75,2026-07-09 20:33:13.358429,29.3,12945.0,0.04,99.96,0,Wired IP
2557,12,33,2026-05-21 12:26:02.930629,31.1,8128.0,0.73,94.27,1,Satellite Hybrid
2558,272,13,2026-02-28 02:05:13.714530,65.3,6724.0,0.53,99.47,0,Cellular Bonded
2559,251,58,2025-08-24 18:41:01.856028,37.6,5240.0,0.1,99.9,0,Cellular Bonded
2560,81,84,2025-08-19 17:51:00.480186,139.0,9491.0,1.33,93.67,1,Wired IP
2561,181,92,2026-05-13 00:47:24.138243,129.8,9214.0,1.21,98.79,0,Cellular Bonded
2562,155,109,2025-11-08 20:01:34.445511,126.0,8919.0,0.18,99.82,0,Cellular Bonded
2563,257,41,2026-07-04 08:57:11.086182,28.4,8092.0,0.16,99.84,0,Cellular Bonded
2564,32,74,2025-12-10 03:56:57.117566,67.4,7809.0,0.71,99.29,0,WiFi
2565,199,38,2025-09-24 17:32:38.490856,99.6,9672.0,0.44,99.56,0,WiFi
2566,16,44,2026-02-17 23:25:55.722692,72.0,13204.0,0.18,99.82,0,WiFi
2567,144,9,2025-12-07 23:35:00.477953,80.7,3393.0,0.23,99.77,0,Cellular Bonded
2568,175,19,2025-09-11 01:41:54.172572,30.0,6767.0,0.69,99.31,0,Satellite Hybrid
2569,71,55,2025-09-03 22:15:28.943039,111.9,9033.0,0.17,99.83,0,Cellular Bonded
2570,196,25,2026-07-30 11:10:15.885096,90.5,5935.0,0.38,99.62,0,Cellular Bonded
2571,117,109,2026-01-31 16:04:24.855573,63.1,7473.0,0.47,99.53,0,WiFi
2572,294,96,2026-02-24 03:56:50.485339,136.2,6371.0,0.29,99.71,0,Wired IP
2573,160,71,2026-02-25 13:29:42.361291,78.5,5164.0,0.27,99.73,0,Cellular Bonded
2574,169,108,2026-01-23 13:02:42.441437,31.3,10346.0,0.19,99.81,0,Cellular Bonded
2575,68,37,2026-04-25 22:34:29.469929,48.3,4155.0,0.26,99.74,0,WiFi
2576,71,55,2025-10-06 01:50:42.844913,40.9,9170.0,0.36,99.64,0,Wired IP
2577,104,117,2026-08-16 20:51:16.469590,62.3,5541.0,0.56,99.44,0,Satellite Hybrid
2578,159,17,2026-02-13 04:09:26.054659,56.2,5878.0,0.28,99.72,0,Wired IP
2579,269,92,2026-05-19 01:27:14.401625,16.3,6743.0,0.21,99.79,0,Satellite Hybrid
2580,221,47,2025-10-17 10:15:33.173809,37.4,5628.0,0.77,99.23,0,Wired IP
2581,75,99,2026-07-15 06:59:07.859083,30.6,6886.0,0.63,99.37,0,Satellite Hybrid
2582,290,33,2026-06-10 15:41:37.580615,73.1,6289.0,0.22,99.78,0,Satellite Hybrid
2583,163,4,2025-08-25 05:16:20.678855,91.9,5433.0,1.28,98.72,0,Cellular Bonded
2584,273,46,2025-11-08 02:59:30.768408,1.0,8354.0,0.89,99.11,0,Wired IP
2585,61,113,2026-08-12 18:12:41.428056,73.7,11656.0,1.26,98.74,0,Cellular Bonded
2586,75,99,2025-11-03 07:57:01.940321,173.6,4118.0,0.27,99.73,0,WiFi
2587,164,36,2025-08-26 05:42:09.680130,32.7,8923.0,0.17,99.83,0,Cellular Bonded
2588,212,85,2026-02-18 10:47:44.790962,1.0,9365.0,0.05,99.95,0,WiFi
2589,156,65,2025-10-02 04:44:18.904307,125.9,6343.0,0.3,99.7,0,WiFi
2590,141,13,2026-05-04 19:43:42.397734,37.9,7713.0,0.33,99.67,0,Cellular Bonded
2591,97,28,2026-06-03 09:30:56.552975,66.2,9319.0,0.32,99.68,0,Wired IP
2592,95,9,2026-01-02 04:46:02.221913,5.9,10331.0,0.14,94.86,1,Cellular Bonded
2593,137,17,2026-04-08 23:32:55.694829,77.4,8963.0,1.32,98.68,0,Cellular Bonded
2594,119,42,2026-05-26 18:36:31.822038,50.7,7505.0,0.56,99.44,0,Cellular Bonded
2595,119,42,2026-04-02 16:58:48.891098,70.6,5729.0,0.21,99.79,0,WiFi
2596,184,92,2026-03-23 01:03:59.006080,1.0,6823.0,0.22,99.78,0,Wired IP
2597,245,117,2025-09-04 17:54:01.159484,1.0,5430.0,0.17,99.83,0,Cellular Bonded
2598,241,102,2025-09-26 16:53:56.405939,54.5,9235.0,0.92,99.08,0,WiFi
2599,192,92,2026-06-19 10:56:07.252533,136.2,10152.0,0.16,99.84,0,Satellite Hybrid
2600,199,38,2025-09-04 20:18:24.441286,34.9,4007.0,0.58,99.42,0,Cellular Bonded
2601,71,55,2025-09-29 12:09:05.133076,49.3,10681.0,0.3,99.7,0,Wired IP
2602,116,39,2026-01-27 10:20:27.966380,108.8,11411.0,0.5,94.5,1,Wired IP
2603,8,101,2025-10-02 08:31:58.051166,90.3,4484.0,0.2,99.8,0,Cellular Bonded
2604,212,85,2025-11-18 11:57:05.273783,50.3,6026.0,0.33,99.67,0,Wired IP
2605,104,117,2026-05-01 10:45:38.680188,75.4,11561.0,0.03,99.97,0,Cellular Bonded
2606,34,34,2025-11-01 06:03:14.850625,119.5,4273.0,0.03,99.97,0,Cellular Bonded
2607,225,15,2026-04-25 13:27:44.457815,76.7,9430.0,0.64,99.36,0,WiFi
2608,251,58,2025-08-21 15:14:17.384241,54.9,7524.0,0.71,99.29,0,WiFi
2609,235,75,2026-01-18 20:57:33.781631,13.0,8785.0,0.37,99.63,0,Cellular Bonded
2610,219,57,2025-09-24 02:24:06.447067,50.7,6193.0,0.23,99.77,0,Cellular Bonded
2611,22,2,2026-02-24 04:07:47.198030,79.3,6492.0,0.34,99.66,0,Cellular Bonded
2612,195,113,2026-04-02 14:01:40.078302,81.5,7897.0,0.02,99.98,0,Cellular Bonded
2613,202,58,2026-05-01 00:45:24.764123,28.5,8925.0,0.36,99.64,0,Satellite Hybrid
2614,293,18,2026-01-18 03:02:13.369662,120.8,10108.0,0.07,99.93,0,Satellite Hybrid
2615,269,92,2026-07-12 06:30:43.664273,61.0,7460.0,1.02,98.98,0,Cellular Bonded
2616,20,95,2026-02-20 23:41:42.862998,61.3,6201.0,0.76,99.24,0,Cellular Bonded
2617,232,16,2026-03-31 17:20:54.474749,95.3,7315.0,0.05,99.95,0,Cellular Bonded
2618,22,2,2025-11-29 10:30:14.675603,74.3,11742.0,0.71,99.29,0,Cellular Bonded
2619,126,87,2026-05-31 16:58:22.577478,64.6,8704.0,0.34,99.66,0,Satellite Hybrid
2620,203,44,2026-02-15 22:23:36.283065,88.5,9364.0,0.09,99.91,0,Cellular Bonded
2621,21,46,2026-03-28 13:09:42.770127,70.7,8417.0,0.38,99.62,0,Wired IP
2622,265,33,2026-05-29 05:23:18.019819,31.0,9758.0,0.75,99.25,0,Cellular Bonded
2623,26,87,2026-06-17 18:26:57.463436,62.8,7640.0,0.58,99.42,0,Wired IP
2624,226,31,2026-08-08 11:11:03.664819,27.5,5930.0,0.33,99.67,0,WiFi
2625,156,65,2025-12-26 21:27:37.015333,80.6,12002.0,0.4,99.6,0,Cellular Bonded
2626,147,66,2026-01-14 19:34:45.603473,1.5,6906.0,0.86,99.14,0,Cellular Bonded
2627,217,19,2025-10-15 18:44:53.057577,19.2,10146.0,0.26,99.74,0,Cellular Bonded
2628,28,90,2026-03-06 07:56:35.420506,18.6,5863.0,0.56,99.44,0,Cellular Bonded
2629,73,23,2026-07-16 13:19:09.796147,51.6,12318.0,0.32,99.68,0,Cellular Bonded
2630,232,16,2026-04-26 11:02:54.110533,62.6,8526.0,0.09,99.91,0,Wired IP
2631,257,41,2026-02-09 16:47:56.273897,80.1,7081.0,0.07,99.93,0,WiFi
2632,300,63,2025-11-11 20:12:45.517878,1.0,9785.0,0.06,99.94,0,Cellular Bonded
2633,280,25,2025-08-22 21:25:06.180338,31.0,11788.0,0.11,99.89,0,Satellite Hybrid
2634,212,85,2025-09-19 17:28:18.141141,17.5,7270.0,0.07,99.93,0,WiFi
2635,13,40,2025-09-27 13:12:08.060576,58.1,8286.0,0.19,99.81,0,Cellular Bonded
2636,104,117,2026-03-15 19:51:02.875059,73.9,3668.0,0.86,99.14,0,Wired IP
2637,47,89,2026-02-14 14:32:49.277631,53.5,6746.0,1.55,98.45,0,Cellular Bonded
2638,84,86,2026-07-30 19:46:47.837527,21.9,10108.0,0.18,99.82,0,Cellular Bonded
2639,64,24,2026-05-29 19:07:09.998048,100.1,6621.0,0.18,99.82,0,Cellular Bonded
2640,231,3,2025-09-14 15:12:56.831588,86.6,11616.0,0.13,99.87,0,Cellular Bonded
2641,44,29,2026-05-09 08:56:38.250532,53.9,8575.0,0.56,99.44,0,Cellular Bonded
2642,197,56,2026-07-14 12:27:26.570006,28.3,3248.0,0.7,99.3,0,WiFi
2643,262,63,2026-04-10 10:43:48.886862,106.8,3020.0,0.72,99.28,0,Cellular Bonded
2644,82,112,2026-01-31 23:18:02.471185,38.4,7372.0,0.26,99.74,0,WiFi
2645,195,113,2026-08-09 23:43:42.008852,11.1,8742.0,0.43,99.57,0,WiFi
2646,88,49,2025-11-22 15:42:36.534186,87.5,8657.0,0.28,99.72,0,Cellular Bonded
2647,290,33,2025-09-05 12:28:19.132314,72.1,7600.0,0.2,99.8,0,Wired IP
2648,77,30,2026-06-11 01:56:41.805913,50.3,10597.0,0.34,99.66,0,Cellular Bonded
2649,75,99,2026-07-03 08:01:51.234170,100.9,5473.0,0.45,99.55,0,Cellular Bonded
2650,27,81,2026-06-25 08:14:16.924851,41.3,9731.0,0.25,99.75,0,Cellular Bonded
2651,159,17,2025-12-27 17:32:51.547482,79.6,7681.0,0.48,99.52,0,Cellular Bonded
2652,229,54,2026-04-22 06:50:45.258575,15.5,8095.0,0.19,99.81,0,WiFi
2653,93,19,2026-01-20 17:50:54.067674,41.6,3582.0,0.03,99.97,0,Cellular Bonded
2654,68,37,2025-09-29 13:07:33.182251,154.5,2489.0,0.12,99.88,0,Satellite Hybrid
2655,2,35,2026-06-24 23:27:09.629588,23.0,10660.0,0.57,99.43,0,Cellular Bonded
2656,130,18,2026-07-09 05:32:02.725221,120.2,8502.0,0.31,94.69,1,Wired IP
2657,255,92,2025-08-21 18:27:36.954766,70.1,6413.0,0.33,99.67,0,WiFi
2658,279,47,2025-10-07 18:11:22.435320,85.9,9926.0,0.62,99.38,0,Cellular Bonded
2659,253,50,2026-04-11 11:48:09.593644,127.2,4548.0,0.32,99.68,0,Wired IP
2660,244,28,2025-12-16 05:06:20.662714,44.2,5267.0,0.34,99.66,0,Wired IP
2661,227,1,2026-07-10 18:38:31.429075,56.7,9356.0,0.03,99.97,0,Cellular Bonded
2662,4,33,2026-08-01 21:13:09.427260,70.2,7930.0,0.23,99.77,0,Cellular Bonded
2663,281,66,2025-11-24 04:22:09.470906,14.4,3871.0,0.69,99.31,0,Cellular Bonded
2664,286,109,2026-05-12 20:06:01.207012,83.7,6328.0,0.18,99.82,0,Satellite Hybrid
2665,107,12,2026-01-01 06:14:57.007825,53.1,6460.0,0.28,99.72,0,Cellular Bonded
2666,76,105,2025-12-21 08:18:05.234701,5.4,8557.0,0.42,99.58,0,Wired IP
2667,179,13,2025-09-28 18:59:56.352356,80.8,10578.0,0.03,94.97,1,Cellular Bonded
2668,17,29,2026-01-11 08:17:51.391236,40.6,6532.0,1.13,98.87,0,WiFi
2669,153,8,2026-01-31 21:26:18.821203,23.3,9961.0,0.05,99.95,0,Wired IP
2670,45,120,2026-06-19 07:19:43.587516,86.1,3837.0,0.12,99.88,0,Cellular Bonded
2671,214,101,2026-04-27 01:55:44.371558,77.7,10691.0,0.06,99.94,0,WiFi
2672,83,89,2026-02-08 19:36:24.480748,52.2,4518.0,0.42,99.58,0,Cellular Bonded
2673,294,96,2026-01-19 04:34:01.543645,122.8,6213.0,1.11,98.89,0,Cellular Bonded
2674,91,61,2026-07-07 17:01:02.334538,1.0,5378.0,0.23,99.77,0,Satellite Hybrid
2675,297,11,2025-10-18 02:51:47.391599,50.5,6493.0,0.28,99.72,0,Cellular Bonded
2676,19,12,2025-10-05 14:39:00.028204,64.0,8452.0,0.82,99.18,0,Wired IP
2677,154,112,2026-05-10 09:46:48.307667,61.6,6850.0,0.09,99.91,0,Cellular Bonded
2678,195,113,2026-08-11 13:12:34.664673,25.5,5915.0,0.46,99.54,0,Cellular Bonded
2679,219,57,2026-06-22 11:02:11.861671,77.2,8068.0,0.23,99.77,0,Satellite Hybrid
2680,34,34,2025-09-25 02:20:51.935059,109.8,7350.0,1.08,98.92,0,Satellite Hybrid
2681,69,12,2026-07-16 20:56:33.343166,45.9,5358.0,0.19,99.81,0,Cellular Bonded
2682,141,13,2026-02-10 10:24:59.210924,89.3,9457.0,0.51,99.49,0,Cellular Bonded
2683,212,85,2026-03-13 22:12:43.310640,128.3,9037.0,0.24,99.76,0,Wired IP
2684,108,25,2026-01-25 04:26:53.509147,83.6,10724.0,0.03,99.97,0,WiFi
2685,56,49,2026-03-29 09:29:56.852735,56.2,9880.0,0.73,99.27,0,Cellular Bonded
2686,271,29,2026-05-29 15:56:54.985994,141.3,10254.0,0.45,99.55,0,Wired IP
2687,248,36,2026-03-29 09:48:28.964966,33.9,5831.0,0.49,99.51,0,Cellular Bonded
2688,148,5,2026-06-29 02:42:47.687268,49.4,7928.0,0.06,99.94,0,WiFi
2689,163,4,2026-07-05 10:55:49.081738,44.9,8807.0,0.1,99.9,0,Cellular Bonded
2690,295,111,2026-05-10 17:22:49.499112,23.7,7540.0,0.23,99.77,0,WiFi
2691,182,58,2026-07-09 18:25:10.639972,19.1,10395.0,0.45,99.55,0,Wired IP
2692,289,120,2026-02-10 13:57:46.566435,12.3,5058.0,0.34,99.66,0,Cellular Bonded
2693,255,92,2026-02-12 10:08:43.847542,105.8,9163.0,0.25,99.75,0,WiFi
2694,93,19,2026-07-08 05:53:46.640027,52.1,8266.0,0.08,99.92,0,Wired IP
2695,120,58,2026-01-26 02:34:13.009273,55.8,9247.0,0.11,99.89,0,Cellular Bonded
2696,100,52,2025-09-10 08:36:21.451773,1.0,9201.0,0.09,94.91,1,Cellular Bonded
2697,13,40,2026-04-14 07:55:07.056645,40.2,12881.0,1.09,98.91,0,Wired IP
2698,61,113,2025-08-22 18:00:31.393620,20.6,9818.0,0.63,99.37,0,Satellite Hybrid
2699,107,12,2026-07-01 05:08:44.481662,60.1,4099.0,0.21,99.79,0,Wired IP
2700,213,75,2026-02-25 19:37:48.444754,116.0,10040.0,0.0,100.0,0,Satellite Hybrid
2701,171,39,2026-05-16 16:34:47.509304,104.8,13921.0,0.62,99.38,0,Satellite Hybrid
2702,109,52,2026-05-09 10:40:20.822117,48.8,9352.0,0.66,94.34,1,Cellular Bonded
2703,104,117,2025-11-08 00:02:39.507675,80.0,2849.0,0.43,99.57,0,Cellular Bonded
2704,131,111,2026-08-02 03:06:32.573907,1.0,7760.0,0.82,99.18,0,Wired IP
2705,158,116,2026-07-02 23:17:50.009155,105.3,11251.0,0.53,99.47,0,Cellular Bonded
2706,282,10,2026-02-23 17:31:58.485950,113.3,2630.0,1.11,98.89,0,WiFi
2707,4,33,2026-04-26 11:22:44.031367,125.8,8716.0,0.19,99.81,0,WiFi
2708,171,39,2026-03-31 22:05:19.244205,1.1,6380.0,0.38,99.62,0,WiFi
2709,292,65,2026-01-23 05:53:04.520954,157.9,4392.0,0.47,99.53,0,WiFi
2710,15,43,2026-05-10 11:53:24.785417,53.6,9940.0,1.21,98.79,0,Satellite Hybrid
2711,100,52,2026-02-10 03:53:16.852948,92.2,10450.0,0.09,99.91,0,Cellular Bonded
2712,174,90,2026-04-17 12:27:49.650631,68.5,12443.0,0.48,99.52,0,Cellular Bonded
2713,246,8,2026-04-09 09:02:24.517519,19.9,5537.0,0.52,99.48,0,Cellular Bonded
2714,19,12,2025-10-11 12:04:37.556167,32.8,11725.0,0.59,99.41,0,Cellular Bonded
2715,247,92,2026-06-15 22:06:36.266423,90.6,5461.0,0.33,99.67,0,Cellular Bonded
2716,236,12,2026-07-09 21:02:23.464948,53.9,9246.0,0.22,99.78,0,Cellular Bonded
2717,275,6,2026-03-29 23:26:11.490831,57.7,1906.0,0.14,99.86,0,WiFi
2718,237,74,2025-08-22 11:44:29.782544,125.0,6268.0,0.09,99.91,0,Cellular Bonded
2719,212,85,2026-07-25 07:42:43.301999,110.9,9135.0,0.24,99.76,0,WiFi
2720,29,8,2026-02-18 18:58:43.188485,63.3,3795.0,0.39,99.61,0,Cellular Bonded
2721,154,112,2026-02-05 13:08:34.768565,80.5,12560.0,0.3,99.7,0,Cellular Bonded
2722,162,45,2026-02-15 05:42:40.981914,50.0,8189.0,0.03,99.97,0,WiFi
2723,10,67,2025-10-17 14:49:05.183738,19.7,4703.0,0.09,99.91,0,Cellular Bonded
2724,170,54,2026-05-19 12:58:10.455121,60.5,7367.0,0.3,99.7,0,Cellular Bonded
2725,182,58,2025-12-13 06:46:53.117134,68.1,1907.0,0.08,99.92,0,Wired IP
2726,77,30,2025-12-17 00:40:40.326332,12.3,8773.0,0.63,99.37,0,Cellular Bonded
2727,16,44,2025-11-27 18:38:41.570887,27.3,8483.0,0.1,99.9,0,Cellular Bonded
2728,193,62,2026-02-19 06:54:32.367624,64.4,3945.0,1.16,98.84,0,Cellular Bonded
2729,85,13,2026-03-07 04:35:27.799716,115.8,10721.0,0.82,99.18,0,Cellular Bonded
2730,200,117,2026-01-03 10:57:00.689196,119.1,6863.0,0.67,99.33,0,Wired IP
2731,60,82,2026-06-12 12:19:50.758204,24.0,10038.0,0.28,99.72,0,Cellular Bonded
2732,158,116,2025-09-16 00:21:11.106262,94.9,13053.0,0.44,99.56,0,Wired IP
2733,162,45,2026-01-27 09:14:32.524783,20.2,10923.0,0.09,99.91,0,Wired IP
2734,140,46,2026-03-15 10:03:26.979729,47.0,6983.0,0.09,99.91,0,Cellular Bonded
2735,255,92,2025-09-19 08:51:35.555293,113.7,10587.0,0.05,99.95,0,Wired IP
2736,191,77,2026-02-16 04:40:32.690175,58.3,6988.0,1.89,98.11,0,Cellular Bonded
2737,155,109,2025-12-11 14:43:25.637399,53.0,10498.0,0.19,99.81,0,Cellular Bonded
2738,155,109,2026-08-11 05:20:18.621465,96.0,8811.0,0.51,99.49,0,Cellular Bonded
2739,192,92,2026-05-17 06:43:48.535294,33.3,7225.0,0.49,99.51,0,WiFi
2740,104,117,2025-08-24 17:23:45.657489,76.5,5372.0,0.39,99.61,0,Cellular Bonded
2741,228,117,2026-01-12 12:14:24.372808,123.2,3544.0,0.54,99.46,0,Cellular Bonded
2742,248,36,2025-08-31 07:38:36.655455,119.4,7826.0,1.23,98.77,0,Cellular Bonded
2743,79,113,2026-03-06 16:21:14.117182,126.5,6167.0,0.38,99.62,0,Cellular Bonded
2744,248,36,2026-06-15 17:28:29.946311,116.8,11195.0,0.36,99.64,0,Cellular Bonded
2745,269,92,2026-06-03 06:30:11.084228,98.6,8752.0,0.22,99.78,0,WiFi
2746,168,61,2026-08-04 20:01:34.205592,62.2,8590.0,0.21,99.79,0,Wired IP
2747,51,101,2026-04-07 23:10:02.560388,102.1,12012.0,0.18,99.82,0,Cellular Bonded
2748,265,33,2026-07-09 03:56:50.528614,103.7,12819.0,0.05,99.95,0,Wired IP
2749,68,37,2026-03-11 12:17:40.414925,90.4,6034.0,0.87,99.13,0,Satellite Hybrid
2750,19,12,2026-04-14 04:36:38.221297,32.5,5304.0,0.87,99.13,0,Cellular Bonded
2751,268,77,2026-01-31 18:32:26.721288,10.2,6267.0,0.05,99.95,0,Cellular Bonded
2752,160,71,2025-12-20 15:55:53.057434,75.9,10726.0,0.83,99.17,0,WiFi
2753,45,120,2026-06-15 12:14:16.674936,105.2,11993.0,0.02,99.98,0,Wired IP
2754,24,114,2026-06-12 07:49:19.950405,124.4,2897.0,0.01,99.99,0,Wired IP
2755,160,71,2026-06-22 10:45:09.736431,68.9,10281.0,0.34,94.66,1,WiFi
2756,160,71,2025-12-17 10:07:13.016888,30.6,6182.0,0.45,99.55,0,Cellular Bonded
2757,108,25,2026-05-25 09:01:32.777206,45.8,500.0,0.19,99.81,0,Cellular Bonded
2758,99,95,2026-03-25 05:52:09.946721,10.5,4966.0,0.28,99.72,0,WiFi
2759,273,46,2026-05-06 20:20:02.606805,49.6,9668.0,0.36,99.64,0,Cellular Bonded
2760,226,31,2025-12-28 20:31:49.385500,133.2,9087.0,0.19,99.81,0,Cellular Bonded
2761,140,46,2026-01-30 10:20:24.490093,48.9,9266.0,0.08,99.92,0,Cellular Bonded
2762,141,13,2025-09-22 19:21:47.678337,68.8,4317.0,0.31,99.69,0,Cellular Bonded
2763,287,5,2026-04-15 18:24:27.957864,69.8,7475.0,0.57,99.43,0,Wired IP
2764,106,99,2025-08-19 00:58:07.538262,84.3,11117.0,0.06,99.94,0,Satellite Hybrid
2765,282,10,2025-12-25 21:04:47.188958,141.6,7559.0,0.02,99.98,0,Cellular Bonded
2766,73,23,2026-04-06 13:12:05.920331,22.0,5518.0,0.2,99.8,0,Cellular Bonded
2767,146,27,2026-06-06 05:43:28.898879,16.5,500.0,0.8,99.2,0,Cellular Bonded
2768,88,49,2026-03-06 04:01:00.002957,25.6,14399.0,0.27,99.73,0,WiFi
2769,174,90,2026-01-01 17:21:35.572565,20.6,4007.0,0.56,99.44,0,Cellular Bonded
2770,26,87,2025-09-26 01:12:22.271240,56.8,10673.0,0.35,99.65,0,WiFi
2771,242,76,2026-07-11 15:13:33.421953,86.1,7211.0,1.55,98.45,0,Cellular Bonded
2772,26,87,2026-02-13 23:48:43.486749,52.3,9652.0,0.15,99.85,0,Cellular Bonded
2773,28,90,2026-06-14 05:49:01.253606,23.1,6328.0,0.95,99.05,0,Wired IP
2774,201,6,2026-05-16 06:49:46.556543,53.5,10573.0,0.07,99.93,0,Cellular Bonded
2775,229,54,2026-01-14 14:48:01.672004,8.9,6960.0,0.51,99.49,0,Satellite Hybrid
2776,160,71,2025-11-19 01:32:23.543485,1.4,8931.0,0.09,99.91,0,Cellular Bonded
2777,102,111,2025-10-28 18:10:53.492690,22.4,7450.0,0.22,99.78,0,Cellular Bonded
2778,274,35,2025-10-01 07:34:14.078611,110.9,9578.0,0.32,99.68,0,WiFi
2779,239,16,2026-06-25 07:45:43.891779,72.0,9382.0,0.18,99.82,0,Cellular Bonded
2780,48,21,2025-11-04 22:29:32.687106,96.8,3512.0,0.45,99.55,0,WiFi
2781,240,72,2026-06-15 05:36:26.135084,31.0,6910.0,1.24,98.76,0,Cellular Bonded
2782,159,17,2025-10-26 19:22:27.543512,64.5,5695.0,0.68,99.32,0,WiFi
2783,239,16,2025-12-19 14:20:37.286922,7.3,5942.0,0.79,99.21,0,Cellular Bonded
2784,115,57,2026-05-21 15:04:35.351454,91.1,2173.0,0.9,99.1,0,Cellular Bonded
2785,133,9,2025-09-04 05:06:33.118418,33.0,5806.0,0.17,99.83,0,Cellular Bonded
2786,201,6,2026-04-06 09:30:56.864946,25.8,9650.0,1.04,98.96,0,Cellular Bonded
2787,170,54,2026-04-20 14:19:42.857168,30.6,5410.0,0.59,99.41,0,Cellular Bonded
2788,167,19,2025-10-02 05:14:23.231781,86.0,9472.0,1.06,98.94,0,WiFi
2789,16,44,2026-07-09 18:20:44.239581,76.5,5633.0,0.09,99.91,0,Cellular Bonded
2790,58,112,2026-02-01 04:52:41.819877,108.7,8738.0,0.0,100.0,0,Cellular Bonded
2791,237,74,2026-03-21 08:41:48.306915,1.0,11632.0,0.88,99.12,0,Cellular Bonded
2792,145,50,2026-02-18 06:58:34.268448,107.1,1595.0,0.13,99.87,0,Wired IP
2793,295,111,2026-08-05 02:00:51.673483,1.0,5169.0,0.76,99.24,0,Cellular Bonded
2794,53,24,2025-08-19 19:43:23.416945,58.0,8370.0,0.08,99.92,0,Wired IP
2795,55,99,2026-05-13 23:39:43.861696,50.8,10720.0,0.41,99.59,0,Wired IP
2796,37,7,2026-03-08 04:30:54.458517,19.3,8300.0,0.08,99.92,0,Wired IP
2797,273,46,2026-01-23 05:33:20.931747,176.3,9988.0,0.45,99.55,0,Cellular Bonded
2798,212,85,2026-03-19 19:56:25.930263,33.7,9786.0,0.01,99.99,0,Wired IP
2799,125,35,2026-07-21 16:05:51.501314,63.2,8455.0,0.01,99.99,0,WiFi
2800,247,92,2026-05-30 08:44:42.509627,73.8,7381.0,1.02,98.98,0,WiFi
2801,175,19,2026-07-16 11:47:05.943486,49.4,4708.0,0.37,99.63,0,Cellular Bonded
2802,221,47,2026-04-27 18:42:31.307326,37.7,5725.0,0.28,99.72,0,Cellular Bonded
2803,223,49,2025-10-20 15:03:52.055812,88.2,9804.0,0.98,99.02,0,WiFi
2804,176,39,2026-06-11 20:02:34.127447,32.5,5037.0,0.28,99.72,0,Cellular Bonded
2805,121,39,2025-09-25 00:57:12.600482,93.5,3424.0,0.29,99.71,0,WiFi
2806,40,117,2026-04-15 06:14:37.231230,3.0,8394.0,0.09,99.91,0,Wired IP
2807,294,96,2026-03-27 12:16:18.059017,28.9,5569.0,0.21,99.79,0,Cellular Bonded
2808,59,36,2025-12-13 17:22:54.169885,149.1,8232.0,0.62,99.38,0,WiFi
2809,238,96,2026-07-05 23:32:56.007015,59.2,5097.0,0.02,99.98,0,Cellular Bonded
2810,50,10,2026-01-18 01:37:35.329974,1.1,7031.0,0.46,99.54,0,WiFi
2811,91,61,2026-03-28 13:05:26.802303,75.3,8972.0,0.02,99.98,0,Cellular Bonded
2812,208,47,2026-04-28 00:49:20.257191,35.5,4321.0,0.07,99.93,0,Cellular Bonded
2813,56,49,2025-11-16 20:31:53.366107,136.9,8428.0,0.48,99.52,0,Cellular Bonded
2814,195,113,2026-01-10 11:26:40.246921,145.5,14863.0,0.47,99.53,0,Cellular Bonded
2815,32,74,2025-12-21 09:29:37.227078,91.0,12155.0,0.09,99.91,0,Cellular Bonded
2816,72,13,2025-12-03 14:57:50.486128,67.5,5542.0,0.57,99.43,0,Cellular Bonded
2817,1,50,2026-06-08 00:30:51.234378,89.8,7568.0,0.1,99.9,0,Cellular Bonded
2818,77,30,2025-10-07 16:18:39.208131,114.6,6028.0,0.39,99.61,0,Cellular Bonded
2819,150,37,2026-03-26 04:24:50.369493,66.0,7802.0,0.09,99.91,0,WiFi
2820,296,49,2026-07-07 19:45:33.197943,95.0,7043.0,0.16,99.84,0,Satellite Hybrid
2821,106,99,2026-02-21 05:54:50.705456,83.0,7422.0,0.61,99.39,0,Cellular Bonded
2822,163,4,2026-06-21 23:51:45.930128,59.1,9165.0,0.42,99.58,0,WiFi
2823,156,65,2026-03-06 05:01:39.330231,21.8,6646.0,0.76,99.24,0,WiFi
2824,223,49,2025-12-10 19:52:52.709718,49.4,8495.0,1.0,99.0,0,WiFi
2825,177,67,2026-05-14 04:57:36.341011,17.8,4462.0,0.28,99.72,0,Cellular Bonded
2826,299,26,2026-03-08 07:37:38.344898,10.4,13342.0,0.1,94.9,1,WiFi
2827,262,63,2025-11-05 13:51:03.014049,110.4,10844.0,0.01,99.99,0,Wired IP
2828,66,62,2025-11-02 19:00:21.356192,113.7,5980.0,0.57,99.43,0,WiFi
2829,32,74,2026-05-06 00:24:56.628579,127.8,4191.0,0.02,99.98,0,WiFi
2830,282,10,2026-04-25 21:05:43.800897,56.3,5890.0,0.04,99.96,0,WiFi
2831,1,50,2026-07-20 12:14:44.121395,139.6,9228.0,0.46,99.54,0,WiFi
2832,184,92,2025-10-05 16:03:11.146344,80.0,5842.0,0.34,99.66,0,Cellular Bonded
2833,145,50,2026-05-04 13:28:34.378020,39.1,5917.0,0.03,99.97,0,Cellular Bonded
2834,121,39,2026-08-09 05:13:47.715259,67.0,6893.0,0.1,99.9,0,Cellular Bonded
2835,202,58,2025-10-22 03:31:52.804474,65.2,10221.0,0.13,99.87,0,Satellite Hybrid
2836,196,25,2026-03-04 06:28:03.114336,99.4,9610.0,1.58,98.42,0,Wired IP
2837,223,49,2026-04-07 17:22:44.834396,100.5,10709.0,0.16,99.84,0,Cellular Bonded
2838,89,100,2026-05-04 13:05:35.582129,136.6,12328.0,1.22,98.78,0,Cellular Bonded
2839,97,28,2026-05-22 22:50:27.421621,92.6,12394.0,0.08,99.92,0,Satellite Hybrid
2840,185,72,2026-03-11 11:50:08.988743,46.0,15834.0,0.29,99.71,0,Cellular Bonded
2841,79,113,2026-03-18 23:39:49.743752,157.5,6001.0,0.27,99.73,0,Cellular Bonded
2842,65,23,2026-07-28 08:26:51.134425,33.2,3593.0,0.36,99.64,0,Wired IP
2843,37,7,2026-05-04 11:05:10.029888,1.0,4012.0,0.32,99.68,0,WiFi
2844,74,89,2026-04-21 08:44:29.745449,122.3,10798.0,0.46,99.54,0,Cellular Bonded
2845,250,8,2026-07-10 12:50:44.420355,87.5,3096.0,0.09,99.91,0,Cellular Bonded
2846,70,113,2026-03-01 03:13:20.985687,10.5,14094.0,0.43,99.57,0,Cellular Bonded
2847,213,75,2026-07-04 13:15:51.642846,57.4,8459.0,0.89,99.11,0,Cellular Bonded
2848,218,20,2026-01-19 10:13:53.305470,102.6,8295.0,0.14,99.86,0,Cellular Bonded
2849,233,87,2025-08-22 21:36:12.099239,2.0,7164.0,0.3,99.7,0,Cellular Bonded
2850,283,56,2025-09-26 02:30:17.572925,76.8,10513.0,0.0,100.0,0,WiFi
2851,197,56,2026-01-04 06:30:39.495446,16.2,5120.0,0.19,99.81,0,Satellite Hybrid
2852,96,71,2025-09-06 14:37:18.217115,147.0,5690.0,0.06,99.94,0,Wired IP
2853,4,33,2025-09-07 21:38:00.788285,28.3,10107.0,0.52,99.48,0,Satellite Hybrid
2854,122,14,2025-11-23 16:42:26.382094,1.0,9334.0,0.05,99.95,0,Cellular Bonded
2855,138,102,2026-05-31 23:44:15.024928,140.3,8588.0,1.4,98.6,0,Cellular Bonded
2856,280,25,2026-08-12 06:24:33.653279,1.0,4878.0,0.7,99.3,0,Cellular Bonded
2857,18,13,2026-04-24 16:52:36.201749,116.0,5788.0,0.01,99.99,0,Cellular Bonded
2858,291,118,2025-10-10 16:34:28.767993,20.5,9254.0,0.14,99.86,0,Cellular Bonded
2859,189,1,2025-09-09 21:11:18.521198,28.3,7546.0,1.11,98.89,0,Cellular Bonded
2860,247,92,2026-05-31 13:26:42.735454,58.8,8225.0,0.25,99.75,0,Cellular Bonded
2861,41,114,2025-10-31 16:57:54.514230,102.9,781.0,0.06,99.94,0,Wired IP
2862,270,112,2026-03-03 18:54:30.240029,53.7,3845.0,0.1,99.9,0,Cellular Bonded
2863,144,9,2025-12-27 04:07:25.950634,70.4,12067.0,0.13,99.87,0,Cellular Bonded
2864,41,114,2026-01-30 10:53:01.461272,46.2,8797.0,0.18,99.82,0,Cellular Bonded
2865,46,36,2026-03-31 03:25:34.453594,38.2,6834.0,0.87,99.13,0,WiFi
2866,40,117,2026-04-21 19:58:39.980256,5.9,8816.0,0.29,99.71,0,Cellular Bonded
2867,277,115,2026-03-11 08:22:23.709965,39.3,8330.0,1.44,98.56,0,Cellular Bonded
2868,160,71,2025-11-08 02:52:09.935892,48.1,7327.0,0.59,99.41,0,Cellular Bonded
2869,176,39,2026-04-11 11:06:32.240879,77.4,8796.0,0.44,99.56,0,WiFi
2870,6,51,2026-01-07 04:44:30.768532,106.8,11008.0,0.2,99.8,0,WiFi
2871,263,17,2026-02-20 17:53:28.516299,53.1,9772.0,1.16,98.84,0,Cellular Bonded
2872,294,96,2026-06-05 02:44:56.773439,29.6,7092.0,0.05,99.95,0,WiFi
2873,216,99,2026-04-29 08:28:31.107175,67.6,5137.0,0.71,99.29,0,Cellular Bonded
2874,151,38,2026-04-28 04:30:23.855032,63.5,8335.0,0.25,99.75,0,WiFi
2875,19,12,2025-09-04 09:18:36.898369,39.0,9782.0,1.06,98.94,0,Wired IP
2876,156,65,2026-01-04 12:45:05.509255,1.0,7207.0,0.49,99.51,0,Cellular Bonded
2877,289,120,2026-01-17 07:14:29.518234,114.8,11878.0,0.11,99.89,0,Cellular Bonded
2878,243,24,2026-06-01 22:20:05.925553,44.4,6989.0,0.34,99.66,0,Wired IP
2879,294,96,2026-04-25 08:16:56.264277,37.5,4871.0,0.12,99.88,0,Cellular Bonded
2880,150,37,2026-08-05 19:20:51.142687,129.9,6076.0,0.02,99.98,0,Wired IP
2881,14,74,2025-09-06 21:04:48.876994,67.4,10421.0,0.06,99.94,0,Satellite Hybrid
2882,43,75,2026-05-16 16:59:03.178929,104.4,8885.0,0.32,99.68,0,Cellular Bonded
2883,40,117,2025-10-31 08:57:37.525434,99.9,8846.0,0.37,99.63,0,WiFi
2884,143,42,2026-07-01 09:40:52.125576,110.1,10591.0,0.15,99.85,0,Satellite Hybrid
2885,144,9,2026-06-28 08:02:35.970139,1.0,10127.0,0.17,99.83,0,WiFi
2886,132,76,2026-01-26 23:23:09.925411,20.4,8657.0,0.73,94.27,1,Wired IP
2887,58,112,2025-11-08 13:44:33.918224,6.9,7578.0,1.18,98.82,0,Wired IP
2888,78,17,2026-04-06 14:19:01.321560,50.8,7439.0,0.23,99.77,0,WiFi
2889,190,3,2026-05-04 06:01:14.602705,67.1,4720.0,0.22,99.78,0,Wired IP
2890,134,74,2025-12-30 11:29:11.905714,112.1,1857.0,1.24,98.76,0,Cellular Bonded
2891,121,39,2026-03-21 00:32:30.547452,101.5,6395.0,0.13,99.87,0,WiFi
2892,271,29,2026-05-14 19:15:09.308164,68.8,10305.0,0.51,99.49,0,Cellular Bonded
2893,176,39,2025-10-28 22:58:44.959547,78.4,7166.0,0.18,99.82,0,Cellular Bonded
2894,75,99,2026-05-09 20:40:06.629785,61.8,7170.0,0.59,99.41,0,WiFi
2895,79,113,2025-10-27 20:56:49.577564,107.8,10767.0,0.28,99.72,0,Cellular Bonded
2896,212,85,2026-01-29 01:46:15.497272,30.6,10065.0,0.11,99.89,0,Wired IP
2897,122,14,2026-08-12 05:42:59.826565,129.2,9187.0,0.31,99.69,0,Cellular Bonded
2898,86,59,2025-09-14 10:08:28.561002,39.8,4695.0,0.08,99.92,0,Cellular Bonded
2899,177,67,2026-08-04 13:55:42.766168,72.5,4185.0,0.48,99.52,0,WiFi
2900,136,108,2026-05-13 13:43:24.106027,61.5,6625.0,0.05,99.95,0,Cellular Bonded
2901,60,82,2025-09-30 19:22:31.279076,61.9,889.0,0.89,99.11,0,WiFi
2902,238,96,2025-09-02 01:42:58.602910,98.8,8750.0,0.45,99.55,0,WiFi
2903,155,109,2025-11-28 03:00:45.411530,106.5,14554.0,0.52,99.48,0,Cellular Bonded
2904,273,46,2025-11-22 16:42:50.089719,81.8,8460.0,0.5,99.5,0,Cellular Bonded
2905,200,117,2025-10-15 23:36:45.376029,112.5,6829.0,1.27,98.73,0,Cellular Bonded
2906,75,99,2026-06-23 01:37:04.512972,67.9,8170.0,0.05,99.95,0,WiFi
2907,223,49,2025-08-20 07:10:41.519048,101.0,3760.0,0.31,94.69,1,WiFi
2908,230,118,2026-02-04 11:13:53.722882,49.0,12070.0,0.88,99.12,0,WiFi
2909,162,45,2026-07-26 11:04:21.970870,56.4,11669.0,0.02,99.98,0,Cellular Bonded
2910,22,2,2025-09-01 19:38:21.459517,105.0,10957.0,0.35,99.65,0,WiFi
2911,273,46,2026-07-23 05:23:46.467240,110.9,7352.0,0.48,99.52,0,WiFi
2912,222,105,2026-03-24 02:57:57.968833,86.2,4107.0,0.23,99.77,0,Cellular Bonded
2913,140,46,2026-05-27 15:44:02.486993,86.3,14002.0,1.16,98.84,0,Cellular Bonded
2914,137,17,2026-04-03 12:32:01.337646,99.4,5975.0,0.6,99.4,0,Cellular Bonded
2915,131,111,2026-06-22 00:26:13.338725,44.0,10547.0,0.04,99.96,0,WiFi
2916,201,6,2025-12-06 04:07:36.141448,44.6,500.0,0.08,99.92,0,WiFi
2917,124,5,2026-06-02 14:04:31.363394,8.3,8619.0,0.17,99.83,0,Satellite Hybrid
2918,100,52,2026-03-07 01:39:09.781230,105.1,5742.0,0.6,99.4,0,WiFi
2919,93,19,2025-09-13 20:13:37.642257,56.7,8075.0,0.57,99.43,0,Cellular Bonded
2920,6,51,2026-05-03 13:41:28.467612,75.2,5690.0,1.64,98.36,0,Cellular Bonded
2921,35,115,2026-02-26 00:41:11.604095,10.7,10521.0,0.92,94.08,1,Satellite Hybrid
2922,51,101,2026-08-02 13:51:09.012653,38.2,5939.0,0.23,99.77,0,Cellular Bonded
2923,229,54,2026-02-24 06:43:56.092622,74.3,6640.0,0.21,99.79,0,WiFi
2924,146,27,2026-06-01 06:05:54.144218,75.0,5792.0,0.23,99.77,0,Cellular Bonded
2925,18,13,2025-10-15 09:57:35.636452,31.7,8224.0,0.7,94.3,1,Satellite Hybrid
2926,48,21,2026-03-04 11:37:29.655692,21.8,8420.0,0.14,99.86,0,Cellular Bonded
2927,112,53,2026-01-12 12:02:31.816150,19.8,9187.0,0.0,100.0,0,Cellular Bonded
2928,63,96,2025-12-23 18:49:35.994983,10.9,7816.0,0.27,99.73,0,Cellular Bonded
2929,62,103,2026-07-06 17:07:29.576043,1.0,6489.0,0.4,99.6,0,Cellular Bonded
2930,67,96,2026-04-17 09:10:05.532971,54.9,4910.0,0.18,99.82,0,Cellular Bonded
2931,290,33,2025-12-17 02:10:55.464525,73.3,8406.0,0.11,99.89,0,WiFi
2932,95,9,2025-12-03 09:42:52.520698,1.0,7210.0,1.69,98.31,0,WiFi
2933,95,9,2026-07-31 03:20:03.068697,65.4,5088.0,0.41,99.59,0,Cellular Bonded
2934,240,72,2026-03-31 22:27:10.810377,69.0,10832.0,0.21,99.79,0,Satellite Hybrid
2935,39,58,2026-02-07 13:55:34.410427,48.2,8309.0,3.66,96.34,0,Cellular Bonded
2936,142,40,2026-03-11 03:33:07.541352,79.5,10540.0,1.02,98.98,0,Cellular Bonded
2937,166,31,2026-05-19 19:08:06.526672,94.1,10846.0,0.02,99.98,0,Cellular Bonded
2938,38,68,2026-04-12 06:12:49.356931,143.0,8383.0,0.03,99.97,0,WiFi
2939,32,74,2025-09-29 02:47:44.938486,55.3,5319.0,0.85,99.15,0,Satellite Hybrid
2940,171,39,2025-12-22 13:04:38.724584,45.0,7667.0,0.45,99.55,0,Wired IP
2941,133,9,2025-11-13 23:23:58.273460,75.0,9180.0,0.04,99.96,0,Cellular Bonded
2942,136,108,2026-04-09 16:34:25.390790,44.6,5234.0,0.11,99.89,0,Cellular Bonded
2943,36,105,2026-07-19 13:36:11.493996,3.3,10482.0,0.45,99.55,0,Wired IP
2944,103,16,2025-11-15 05:52:53.106384,117.2,9795.0,0.56,99.44,0,Cellular Bonded
2945,92,105,2025-09-01 19:05:03.722115,103.9,5205.0,0.95,99.05,0,Wired IP
2946,56,49,2026-07-07 12:57:16.615695,101.1,6832.0,0.08,99.92,0,Cellular Bonded
2947,221,47,2026-01-04 10:54:41.577575,104.9,7155.0,0.1,99.9,0,Cellular Bonded
2948,55,99,2026-06-04 21:15:19.575114,26.1,4299.0,0.25,99.75,0,Cellular Bonded
2949,133,9,2025-09-28 14:59:12.152024,170.2,9196.0,0.25,99.75,0,WiFi
2950,38,68,2025-11-19 21:42:03.571577,46.3,12291.0,0.06,99.94,0,Satellite Hybrid
2951,129,75,2026-05-09 12:26:33.845257,90.3,11127.0,0.35,99.65,0,Cellular Bonded
2952,10,67,2025-08-27 06:10:02.275390,10.5,10992.0,1.01,98.99,0,WiFi
2953,77,30,2026-02-22 21:58:46.947870,56.3,3546.0,0.75,99.25,0,Cellular Bonded
2954,1,50,2026-05-26 11:59:28.776185,144.7,8706.0,0.56,99.44,0,Cellular Bonded
2955,200,117,2026-02-21 23:33:45.034021,98.6,8332.0,1.38,98.62,0,WiFi
2956,169,108,2026-02-19 22:44:00.851143,66.7,8744.0,0.23,99.77,0,Satellite Hybrid
2957,295,111,2026-02-11 22:35:52.705308,55.5,5669.0,0.25,94.75,1,WiFi
2958,252,60,2025-12-04 10:46:03.140294,87.4,11568.0,0.17,99.83,0,Cellular Bonded
2959,207,61,2026-04-13 01:44:01.869903,118.0,5197.0,0.12,99.88,0,Cellular Bonded
2960,36,105,2025-12-13 03:58:07.110326,119.5,6547.0,0.86,99.14,0,WiFi
2961,2,35,2025-09-17 07:08:47.635526,32.9,3240.0,0.06,99.94,0,Cellular Bonded
2962,247,92,2025-09-22 06:23:30.636164,62.6,7863.0,0.08,99.92,0,Cellular Bonded
2963,275,6,2026-08-07 22:07:19.836798,76.9,5940.0,1.86,98.14,0,Wired IP
2964,184,92,2026-05-27 12:44:02.379892,61.2,6593.0,0.78,99.22,0,Cellular Bonded
2965,156,65,2026-02-28 21:06:58.567110,76.8,10771.0,1.07,98.93,0,Wired IP
2966,47,89,2026-04-04 02:15:25.164671,111.0,11223.0,0.1,99.9,0,Cellular Bonded
2967,175,19,2025-11-03 04:22:10.054344,14.2,7144.0,0.04,99.96,0,Cellular Bonded
2968,236,12,2026-04-05 00:52:21.366663,40.1,3756.0,0.29,99.71,0,Cellular Bonded
2969,149,29,2025-11-04 01:20:24.691734,68.3,9208.0,0.3,99.7,0,Cellular Bonded
2970,91,61,2026-04-25 10:31:43.611994,115.0,7868.0,0.1,99.9,0,Cellular Bonded
2971,197,56,2026-06-19 06:56:58.950287,96.9,3742.0,0.45,99.55,0,Cellular Bonded
2972,154,112,2025-11-01 06:47:44.738865,1.0,6464.0,0.02,99.98,0,WiFi
2973,55,99,2026-06-16 18:21:19.243617,70.2,7042.0,0.15,99.85,0,Cellular Bonded
2974,184,92,2026-07-04 23:25:37.309455,97.7,12578.0,0.15,99.85,0,Cellular Bonded
2975,225,15,2026-05-15 20:52:42.291554,87.7,7009.0,0.15,99.85,0,Cellular Bonded
2976,72,13,2026-01-24 02:49:19.265549,34.7,4473.0,0.86,94.14,1,Wired IP
2977,13,40,2026-06-12 09:16:24.825566,62.5,12570.0,0.41,99.59,0,Cellular Bonded
2978,123,95,2025-09-13 13:33:58.123706,73.3,7768.0,0.05,99.95,0,Cellular Bonded
2979,33,90,2026-04-25 16:07:17.021797,76.7,9305.0,0.01,99.99,0,Cellular Bonded
2980,158,116,2025-08-26 21:49:11.998480,1.0,14358.0,0.23,99.77,0,Cellular Bonded
2981,231,3,2026-05-06 22:10:32.695838,1.0,7330.0,0.07,99.93,0,Cellular Bonded
2982,9,12,2025-09-01 01:38:30.756938,77.2,7390.0,0.09,94.91,1,Satellite Hybrid
2983,29,8,2025-09-13 23:26:39.992763,68.1,6421.0,0.61,99.39,0,Cellular Bonded
2984,22,2,2025-10-22 05:06:13.010801,44.8,7737.0,0.46,99.54,0,Cellular Bonded
2985,109,52,2025-11-18 04:40:38.313315,94.1,8250.0,0.15,99.85,0,Cellular Bonded
2986,268,77,2025-09-12 22:51:42.268503,108.0,9644.0,1.27,98.73,0,Cellular Bonded
2987,275,6,2026-06-14 03:53:43.348732,108.6,7145.0,0.66,99.34,0,Satellite Hybrid
2988,297,11,2026-07-16 18:50:17.980861,28.0,5527.0,0.05,99.95,0,Wired IP
2989,37,7,2026-01-14 00:58:33.081526,76.0,4913.0,0.35,94.65,1,Cellular Bonded
2990,73,23,2026-01-29 22:00:55.022126,119.0,5050.0,0.2,99.8,0,Cellular Bonded
2991,10,67,2026-01-12 21:04:27.553290,115.1,6973.0,1.36,98.64,0,Satellite Hybrid
2992,24,114,2025-12-11 17:43:34.792397,72.0,11735.0,0.39,99.61,0,Wired IP
2993,67,96,2026-01-07 10:07:54.003872,36.2,7744.0,1.26,93.74,1,WiFi
2994,26,87,2025-09-30 10:11:36.363369,74.3,7878.0,0.17,99.83,0,Cellular Bonded
2995,50,10,2025-08-20 09:24:05.963096,5.3,9816.0,0.48,99.52,0,Cellular Bonded
2996,88,49,2026-05-08 04:06:55.544175,68.5,5563.0,0.32,99.68,0,Cellular Bonded
2997,33,90,2025-09-10 07:44:36.211312,68.1,9230.0,0.07,99.93,0,Cellular Bonded
2998,55,99,2026-05-17 12:58:06.721679,69.4,11550.0,0.08,99.92,0,Cellular Bonded
2999,113,23,2025-09-03 20:29:33.807246,1.0,6002.0,0.43,99.57,0,Wired IP
3000,104,117,2026-06-23 21:12:59.629580,89.2,6926.0,1.01,98.99,0,Wired IP
3001,206,45,2025-12-26 19:31:04.787238,1.0,12179.0,0.27,99.73,0,Wired IP
3002,295,111,2026-02-17 19:03:20.888529,31.3,6774.0,0.06,99.94,0,WiFi
3003,165,70,2025-12-02 00:58:05.656149,64.4,12025.0,0.13,99.87,0,WiFi
3004,110,85,2026-04-25 14:40:36.788440,68.1,6699.0,0.2,99.8,0,Wired IP
3005,89,100,2026-03-27 15:49:13.659215,183.7,9073.0,0.5,99.5,0,Cellular Bonded
3006,62,103,2025-11-29 00:05:04.047488,73.2,4203.0,1.15,98.85,0,Cellular Bonded
3007,213,75,2026-07-22 12:25:23.227314,84.4,10513.0,0.53,99.47,0,Wired IP
3008,190,3,2026-01-04 11:16:13.650126,8.9,11821.0,0.06,99.94,0,Cellular Bonded
3009,225,15,2026-06-14 08:18:09.320247,170.1,12200.0,0.15,99.85,0,Cellular Bonded
3010,298,85,2025-08-29 11:43:36.268173,36.3,11948.0,0.08,99.92,0,Cellular Bonded
3011,52,73,2025-10-14 07:15:54.334718,96.4,7475.0,0.1,99.9,0,Cellular Bonded
3012,193,62,2025-11-06 11:57:22.374070,117.3,9367.0,0.33,99.67,0,Cellular Bonded
3013,9,12,2026-05-17 20:00:09.137954,69.3,6949.0,0.06,99.94,0,Cellular Bonded
3014,42,109,2026-06-05 02:11:43.141220,38.5,8724.0,0.05,94.95,1,Cellular Bonded
3015,92,105,2026-06-24 07:52:17.885969,53.9,9364.0,0.56,99.44,0,Cellular Bonded
3016,146,27,2025-12-03 22:00:57.453851,117.6,7983.0,0.68,99.32,0,WiFi
3017,244,28,2026-04-06 16:34:12.480040,44.9,9408.0,0.26,99.74,0,Cellular Bonded
3018,106,99,2025-12-05 00:58:56.968698,51.8,9584.0,1.07,98.93,0,Cellular Bonded
3019,139,7,2026-07-08 00:30:04.356288,16.9,10207.0,0.21,99.79,0,WiFi
3020,211,118,2026-08-05 15:14:56.349777,95.8,8057.0,0.53,99.47,0,Satellite Hybrid
3021,90,12,2026-06-30 18:41:28.464377,78.1,9911.0,0.42,99.58,0,Cellular Bonded
3022,20,95,2026-04-11 18:18:11.317410,129.4,5691.0,0.89,99.11,0,Cellular Bonded
3023,256,101,2026-08-02 17:23:28.791813,82.9,4601.0,0.03,99.97,0,WiFi
3024,46,36,2025-08-22 07:24:28.487331,26.3,11392.0,0.89,99.11,0,Cellular Bonded
3025,155,109,2026-07-03 13:31:10.024014,18.1,9472.0,0.22,99.78,0,Wired IP
3026,3,33,2025-10-08 20:17:31.833339,45.1,4739.0,0.15,99.85,0,Cellular Bonded
3027,99,95,2025-09-02 11:41:39.125770,26.0,6080.0,1.03,98.97,0,WiFi
3028,272,13,2026-03-15 07:17:09.925599,108.6,6096.0,0.01,99.99,0,Cellular Bonded
3029,186,61,2026-01-09 02:15:19.464996,45.5,7210.0,0.86,99.14,0,Cellular Bonded
3030,277,115,2026-03-06 02:34:11.845218,51.8,11068.0,0.01,99.99,0,WiFi
3031,238,96,2025-09-18 07:30:51.752867,1.0,10635.0,0.13,99.87,0,Cellular Bonded
3032,107,12,2025-11-02 21:59:10.903602,64.6,9764.0,0.04,99.96,0,Wired IP
3033,100,52,2026-05-15 21:21:51.096893,29.8,6358.0,0.13,99.87,0,Satellite Hybrid
3034,77,30,2026-05-10 05:37:46.004867,63.6,6006.0,0.9,99.1,0,Cellular Bonded
3035,243,24,2025-11-03 12:44:24.994863,24.7,3904.0,0.35,99.65,0,Wired IP
3036,82,112,2026-07-14 19:53:32.415412,38.1,7589.0,0.17,99.83,0,Cellular Bonded
3037,23,115,2026-06-25 01:19:05.977697,57.1,8160.0,0.14,99.86,0,Cellular Bonded
3038,187,105,2025-10-09 05:45:53.898178,80.8,3686.0,0.05,99.95,0,Wired IP
3039,223,49,2025-10-24 09:40:27.384610,82.3,7467.0,0.16,99.84,0,WiFi
3040,233,87,2026-03-31 10:13:31.893596,96.2,5082.0,0.16,99.84,0,Cellular Bonded
3041,27,81,2025-11-18 11:58:55.182007,100.3,12317.0,0.34,99.66,0,Cellular Bonded
3042,91,61,2025-09-29 01:55:29.623902,82.8,4124.0,0.01,99.99,0,Cellular Bonded
3043,15,43,2026-04-20 04:07:55.312013,35.0,5972.0,0.31,99.69,0,Satellite Hybrid
3044,60,82,2026-03-13 07:44:58.399474,56.3,9948.0,1.04,98.96,0,WiFi
3045,121,39,2025-09-07 02:12:54.581722,22.9,11433.0,0.11,99.89,0,Cellular Bonded
3046,297,11,2026-05-19 09:34:07.252521,88.6,8864.0,1.01,98.99,0,Cellular Bonded
3047,102,111,2026-08-14 15:44:28.768775,18.6,12611.0,0.22,99.78,0,Cellular Bonded
3048,167,19,2026-03-06 14:11:02.544085,139.4,6226.0,0.22,99.78,0,Wired IP
3049,57,99,2026-04-10 13:41:20.464179,31.3,7041.0,0.67,99.33,0,WiFi
3050,51,101,2025-09-13 22:32:17.015234,74.0,4005.0,0.21,99.79,0,Wired IP
3051,212,85,2026-04-20 10:19:44.360319,20.9,8866.0,0.28,99.72,0,Wired IP
3052,193,62,2025-11-17 17:59:07.997201,101.9,9156.0,0.12,99.88,0,Wired IP
3053,38,68,2025-10-29 07:17:20.470637,97.7,10285.0,0.17,99.83,0,Wired IP
3054,249,90,2026-03-18 04:17:48.064475,104.4,8966.0,0.18,99.82,0,Cellular Bonded
3055,224,14,2026-07-31 14:07:28.008387,43.8,3030.0,0.3,99.7,0,Cellular Bonded
3056,233,87,2025-12-26 14:35:46.559966,113.3,8407.0,0.07,99.93,0,Cellular Bonded
3057,192,92,2026-04-20 06:54:53.959915,71.0,10421.0,0.35,99.65,0,Cellular Bonded
3058,100,52,2025-11-11 20:27:15.463577,9.6,8561.0,0.32,99.68,0,Wired IP
3059,139,7,2025-11-30 07:47:47.403259,42.2,8206.0,0.64,99.36,0,Cellular Bonded
3060,66,62,2025-09-12 17:18:51.247750,129.8,7029.0,0.32,94.68,1,Cellular Bonded
3061,292,65,2025-10-27 20:57:16.606647,76.3,8263.0,0.59,99.41,0,Satellite Hybrid
3062,70,113,2026-02-11 14:19:55.894329,98.3,9329.0,0.4,99.6,0,Wired IP
3063,239,16,2025-12-16 02:20:53.686779,27.2,11626.0,0.08,99.92,0,Wired IP
3064,88,49,2026-04-15 22:53:36.067031,69.1,5635.0,0.15,99.85,0,Cellular Bonded
3065,113,23,2026-04-28 09:04:49.158402,15.7,9672.0,0.99,99.01,0,Cellular Bonded
3066,81,84,2025-10-12 20:50:51.200328,111.8,10277.0,0.46,99.54,0,Wired IP
3067,88,49,2026-03-13 03:58:32.731470,57.4,7691.0,0.02,99.98,0,Wired IP
3068,284,30,2026-06-09 01:56:48.188125,88.4,5597.0,0.03,99.97,0,Cellular Bonded
3069,45,120,2026-08-03 04:29:37.887203,111.9,9793.0,0.24,99.76,0,Satellite Hybrid
3070,268,77,2025-10-18 19:09:55.434081,39.0,8144.0,0.54,99.46,0,Cellular Bonded
3071,111,100,2025-12-10 13:47:00.795519,63.0,6779.0,0.8,99.2,0,Cellular Bonded
3072,237,74,2026-06-01 00:51:29.535414,108.5,3376.0,0.09,99.91,0,WiFi
3073,220,18,2026-05-05 05:16:10.036373,97.7,10641.0,0.27,99.73,0,Cellular Bonded
3074,127,93,2026-04-09 04:04:56.072311,67.3,2105.0,0.03,99.97,0,WiFi
3075,223,49,2025-11-27 05:42:08.482774,16.8,6374.0,0.13,99.87,0,Cellular Bonded
3076,77,30,2025-12-27 11:09:49.871743,72.4,10453.0,0.81,99.19,0,Cellular Bonded
3077,3,33,2026-04-23 07:29:46.180775,23.2,8382.0,0.24,99.76,0,Satellite Hybrid
3078,23,115,2025-12-17 06:31:52.082133,1.0,11200.0,0.03,99.97,0,WiFi
3079,241,102,2026-02-09 10:34:44.134084,19.8,7910.0,1.1,98.9,0,Wired IP
3080,259,64,2026-01-27 19:29:05.211541,70.3,8346.0,0.04,94.96,1,Wired IP
3081,272,13,2026-05-28 01:25:25.493300,19.4,7158.0,0.67,99.33,0,Cellular Bonded
3082,51,101,2026-02-12 00:03:29.489621,21.8,8190.0,0.26,99.74,0,Satellite Hybrid
3083,124,5,2025-09-26 23:11:59.143791,35.1,7765.0,0.27,99.73,0,Cellular Bonded
3084,7,43,2026-04-10 21:22:23.412670,77.4,7561.0,0.22,99.78,0,Wired IP
3085,209,21,2025-09-17 03:53:22.686248,52.0,6243.0,0.08,99.92,0,Cellular Bonded
3086,68,37,2025-11-28 16:11:11.081092,59.1,5572.0,0.17,99.83,0,Cellular Bonded
3087,123,95,2026-06-15 22:09:40.868104,83.0,8356.0,0.09,99.91,0,WiFi
3088,47,89,2026-07-09 14:20:20.742335,64.5,12254.0,0.91,94.09,1,Wired IP
3089,157,86,2025-10-28 22:39:13.192546,120.9,4813.0,0.43,99.57,0,Cellular Bonded
3090,236,12,2026-05-13 00:16:35.173310,83.1,7523.0,0.62,99.38,0,Cellular Bonded
3091,299,26,2026-04-03 23:30:15.754546,74.6,6667.0,0.1,94.9,1,Cellular Bonded
3092,233,87,2026-05-10 18:39:57.362147,58.5,6579.0,0.03,99.97,0,Satellite Hybrid
3093,71,55,2026-07-09 21:25:09.218144,14.3,11688.0,0.54,99.46,0,Cellular Bonded
3094,208,47,2026-06-24 08:55:17.411983,1.0,4376.0,0.23,99.77,0,Wired IP
3095,190,3,2026-04-05 19:22:33.030495,18.7,10841.0,0.53,99.47,0,Cellular Bonded
3096,1,50,2026-06-10 21:14:56.213229,62.2,5325.0,0.56,99.44,0,Cellular Bonded
3097,37,7,2026-03-17 13:26:52.908548,53.1,10431.0,0.17,99.83,0,Wired IP
3098,171,39,2026-05-26 00:39:14.594687,121.0,7799.0,0.65,99.35,0,Wired IP
3099,152,83,2025-11-03 21:42:33.300187,56.1,6988.0,0.58,99.42,0,Satellite Hybrid
3100,139,7,2025-08-31 14:51:57.054403,15.9,8548.0,0.13,99.87,0,Cellular Bonded
3101,278,69,2025-11-21 08:58:14.002956,29.5,6294.0,0.04,99.96,0,Cellular Bonded
3102,107,12,2026-07-10 13:53:47.047234,95.6,10347.0,0.02,99.98,0,Cellular Bonded
3103,42,109,2026-03-03 05:48:39.679900,1.0,9598.0,0.69,99.31,0,WiFi
3104,172,91,2026-04-13 22:35:03.986941,71.1,10376.0,0.17,99.83,0,Satellite Hybrid
3105,29,8,2025-10-11 11:53:20.446675,63.1,7364.0,0.1,99.9,0,Cellular Bonded
3106,187,105,2026-01-08 12:23:01.308906,72.5,4758.0,0.05,99.95,0,Wired IP
3107,57,99,2026-07-09 15:34:12.186939,91.8,7077.0,0.13,99.87,0,WiFi
3108,239,16,2026-03-21 11:11:24.062850,38.0,5636.0,0.09,99.91,0,Cellular Bonded
3109,188,39,2026-06-27 03:18:08.124108,82.4,10618.0,0.21,99.79,0,Wired IP
3110,287,5,2025-10-06 02:38:59.091541,84.5,7909.0,0.09,99.91,0,Wired IP
3111,288,119,2026-02-17 04:02:29.214234,66.1,7233.0,0.22,99.78,0,Cellular Bonded
3112,105,69,2025-09-20 07:03:41.663619,1.0,10568.0,2.53,97.47,0,Wired IP
3113,172,91,2025-12-29 01:31:58.758796,57.1,10293.0,0.61,99.39,0,Wired IP
3114,59,36,2025-08-22 02:30:52.928104,40.7,12186.0,0.03,99.97,0,WiFi
3115,298,85,2025-11-13 10:32:47.623990,59.5,9123.0,0.07,99.93,0,Cellular Bonded
3116,108,25,2026-08-05 03:17:21.046958,1.0,9964.0,0.38,99.62,0,Wired IP
3117,116,39,2026-08-11 15:41:52.771780,19.5,11539.0,1.1,98.9,0,Satellite Hybrid
3118,137,17,2026-04-24 23:38:03.472807,64.9,5276.0,0.42,99.58,0,WiFi
3119,217,19,2026-05-21 15:34:24.567864,57.7,9084.0,0.07,99.93,0,Cellular Bonded
3120,33,90,2025-10-08 11:30:12.284748,97.7,9651.0,0.21,99.79,0,Cellular Bonded
3121,232,16,2025-10-15 08:39:45.444027,94.3,6260.0,0.39,99.61,0,Cellular Bonded
3122,270,112,2026-03-12 23:33:16.711733,21.8,6802.0,0.14,99.86,0,Satellite Hybrid
3123,241,102,2026-03-12 18:46:56.490266,10.3,3973.0,0.31,99.69,0,Cellular Bonded
3124,273,46,2026-07-02 14:59:17.688929,40.2,11758.0,0.26,99.74,0,Wired IP
3125,232,16,2025-10-10 14:33:55.600864,115.7,4673.0,0.2,99.8,0,Wired IP
3126,34,34,2026-05-12 10:46:59.922411,46.8,9528.0,0.47,99.53,0,Cellular Bonded
3127,235,75,2026-07-27 01:47:53.734491,61.0,8766.0,0.71,99.29,0,Cellular Bonded
3128,201,6,2025-09-01 23:50:16.325286,1.0,9602.0,0.23,99.77,0,Cellular Bonded
3129,148,5,2026-05-23 04:57:01.555912,85.9,2966.0,0.09,99.91,0,Cellular Bonded
3130,40,117,2025-11-10 20:04:23.013890,26.2,5462.0,0.54,99.46,0,Cellular Bonded
3131,142,40,2025-11-22 17:44:36.600002,11.3,3676.0,0.27,99.73,0,WiFi
3132,76,105,2025-11-11 15:56:58.509415,15.5,6595.0,0.86,99.14,0,Wired IP
3133,105,69,2026-04-19 07:10:23.113729,66.5,7053.0,0.17,99.83,0,Cellular Bonded
3134,12,33,2026-02-23 06:53:35.418142,112.4,4493.0,0.08,99.92,0,Wired IP
3135,278,69,2026-06-03 03:40:29.264195,1.0,7030.0,0.58,99.42,0,Cellular Bonded
3136,243,24,2026-01-06 21:47:22.565108,1.0,5726.0,0.17,99.83,0,Cellular Bonded
3137,228,117,2026-07-19 07:25:24.976085,67.8,8643.0,0.24,99.76,0,Cellular Bonded
3138,11,65,2026-07-06 00:57:46.926501,30.8,9002.0,0.44,99.56,0,Wired IP
3139,33,90,2025-09-01 19:19:29.485212,5.9,8413.0,0.39,94.61,1,Cellular Bonded
3140,119,42,2026-04-11 23:25:14.776954,1.0,14639.0,0.45,99.55,0,Satellite Hybrid
3141,267,84,2025-09-24 22:04:17.752348,101.2,5641.0,0.1,99.9,0,WiFi
3142,211,118,2026-08-06 18:11:51.950252,61.5,5063.0,0.63,99.37,0,Cellular Bonded
3143,168,61,2026-04-06 12:22:34.944743,82.5,10561.0,0.2,99.8,0,Cellular Bonded
3144,272,13,2025-11-26 01:48:10.462326,109.1,10569.0,1.02,98.98,0,WiFi
3145,228,117,2026-05-16 01:33:45.561927,99.6,8454.0,0.71,99.29,0,WiFi
3146,291,118,2026-03-17 11:05:17.681878,61.3,7136.0,0.4,99.6,0,Cellular Bonded
3147,157,86,2026-03-14 08:52:18.021382,31.1,6923.0,0.32,99.68,0,Cellular Bonded
3148,134,74,2026-01-02 17:37:14.920617,43.8,4499.0,0.62,99.38,0,Cellular Bonded
3149,191,77,2026-01-03 09:54:25.113899,50.9,7349.0,0.28,99.72,0,WiFi
3150,25,35,2026-03-20 18:21:07.435730,16.7,9722.0,0.23,99.77,0,Wired IP
3151,146,27,2026-07-12 03:02:55.881961,70.2,4722.0,0.18,99.82,0,Cellular Bonded
3152,86,59,2025-09-15 15:39:08.493113,68.1,6451.0,0.01,99.99,0,Cellular Bonded
3153,83,89,2025-11-18 01:51:35.515549,50.2,7690.0,0.2,99.8,0,Cellular Bonded
3154,147,66,2026-08-08 07:16:49.242663,111.2,6510.0,0.39,99.61,0,Cellular Bonded
3155,90,12,2025-11-07 14:31:58.230790,74.0,6068.0,0.07,99.93,0,Cellular Bonded
3156,79,113,2026-01-13 09:17:19.290297,90.7,8640.0,0.25,99.75,0,Cellular Bonded
3157,60,82,2026-06-12 13:29:59.998667,53.3,10475.0,0.18,99.82,0,Cellular Bonded
3158,163,4,2025-12-22 04:32:08.771538,141.1,7279.0,0.35,99.65,0,WiFi
3159,226,31,2026-06-03 14:09:41.875638,74.9,7765.0,1.19,98.81,0,Cellular Bonded
3160,95,9,2026-07-08 02:11:57.476992,175.4,7321.0,0.07,99.93,0,Wired IP
3161,18,13,2025-08-20 15:31:24.445360,38.1,6547.0,0.1,99.9,0,Wired IP
3162,177,67,2026-07-06 05:11:17.203539,105.2,9896.0,0.19,99.81,0,Wired IP
3163,230,118,2026-01-25 19:39:22.716947,92.1,9953.0,1.42,98.58,0,Cellular Bonded
3164,84,86,2025-11-10 04:39:40.645507,96.2,8528.0,0.63,99.37,0,Satellite Hybrid
3165,63,96,2026-02-22 01:35:48.844477,73.8,6481.0,0.3,99.7,0,Cellular Bonded
3166,208,47,2025-11-28 17:52:56.132982,51.7,10021.0,0.2,99.8,0,WiFi
3167,75,99,2025-10-12 01:58:17.730806,29.6,7940.0,0.2,99.8,0,Cellular Bonded
3168,164,36,2025-10-14 16:19:22.301461,43.6,5481.0,0.31,99.69,0,Wired IP
3169,280,25,2026-03-25 23:59:49.020732,138.2,8898.0,0.18,99.82,0,WiFi
3170,170,54,2026-06-12 11:01:55.659272,35.4,13552.0,0.09,99.91,0,Cellular Bonded
3171,152,83,2026-04-16 13:40:35.493753,18.2,12789.0,0.88,99.12,0,Cellular Bonded
3172,149,29,2026-01-16 14:08:07.078055,71.1,6191.0,0.87,99.13,0,Cellular Bonded
3173,294,96,2025-12-16 18:48:26.453494,16.0,9685.0,0.33,99.67,0,WiFi
3174,290,33,2025-09-28 14:40:37.864917,118.3,4571.0,0.01,99.99,0,WiFi
3175,227,1,2026-04-21 17:22:45.781184,1.0,8607.0,0.67,99.33,0,Cellular Bonded
3176,58,112,2026-02-09 02:24:23.905004,52.6,8368.0,0.94,99.06,0,WiFi
3177,21,46,2026-03-21 21:37:00.558193,43.3,4588.0,0.13,99.87,0,Wired IP
3178,283,56,2026-04-11 12:20:01.135770,56.2,11625.0,0.09,99.91,0,Cellular Bonded
3179,13,40,2026-01-15 05:35:34.464759,71.3,5057.0,1.01,98.99,0,Wired IP
3180,113,23,2025-11-15 04:30:25.939420,105.1,5296.0,0.36,99.64,0,Cellular Bonded
3181,48,21,2025-10-03 22:07:03.955992,19.3,11681.0,1.16,98.84,0,WiFi
3182,100,52,2026-03-22 11:15:19.970978,32.6,9997.0,0.07,99.93,0,Cellular Bonded
3183,114,16,2025-10-06 10:02:00.184042,123.2,7035.0,0.25,99.75,0,Cellular Bonded
3184,143,42,2026-02-21 08:57:52.538983,97.3,9621.0,0.09,99.91,0,Cellular Bonded
3185,43,75,2026-07-09 09:57:50.964201,10.4,7943.0,1.06,98.94,0,Satellite Hybrid
3186,229,54,2025-10-10 20:24:02.362069,59.0,7553.0,1.23,98.77,0,WiFi
3187,45,120,2025-10-17 23:01:53.203647,53.9,8382.0,0.9,99.1,0,Cellular Bonded
3188,202,58,2026-07-20 23:14:29.489364,77.4,8270.0,0.04,99.96,0,Cellular Bonded
3189,163,4,2026-02-22 19:59:23.393270,65.0,6384.0,0.12,99.88,0,Wired IP
3190,262,63,2026-01-13 05:54:28.653111,131.6,4845.0,0.79,99.21,0,Wired IP
3191,185,72,2026-08-07 01:13:35.623203,1.0,8669.0,0.03,99.97,0,Cellular Bonded
3192,219,57,2026-04-07 23:54:30.303537,39.3,8403.0,0.19,99.81,0,Cellular Bonded
3193,191,77,2026-07-04 22:18:12.413452,15.6,12772.0,0.05,94.95,1,Cellular Bonded
3194,177,67,2026-05-10 23:28:30.891193,140.6,10101.0,0.25,99.75,0,WiFi
3195,229,54,2026-06-14 01:07:36.612247,66.9,6508.0,0.49,99.51,0,Cellular Bonded
3196,45,120,2026-07-30 00:34:28.710255,50.3,13552.0,1.75,98.25,0,WiFi
3197,228,117,2025-11-05 07:17:15.573491,98.7,12708.0,2.38,97.62,0,Wired IP
3198,213,75,2026-03-27 15:28:13.870495,1.0,12739.0,0.25,99.75,0,Cellular Bonded
3199,148,5,2026-02-06 07:45:20.919095,1.0,8608.0,1.05,98.95,0,Cellular Bonded
3200,218,20,2026-02-10 01:35:56.278587,61.5,11063.0,0.51,99.49,0,Cellular Bonded
3201,213,75,2025-11-06 07:33:32.385463,63.8,13890.0,0.18,99.82,0,Wired IP
3202,45,120,2026-01-15 04:26:00.052019,63.6,5477.0,0.09,99.91,0,Wired IP
3203,156,65,2025-10-09 08:01:00.167563,94.0,4655.0,0.07,99.93,0,Cellular Bonded
3204,269,92,2026-03-18 22:15:39.221299,21.1,9515.0,0.21,99.79,0,Cellular Bonded
3205,34,34,2026-05-25 09:40:17.638251,139.5,11510.0,0.41,99.59,0,Cellular Bonded
3206,193,62,2026-04-02 17:39:16.218087,46.6,7755.0,0.59,99.41,0,WiFi
3207,210,80,2026-02-20 16:51:45.934905,42.1,6557.0,0.02,99.98,0,Wired IP
3208,140,46,2025-10-18 11:07:28.227656,44.3,10857.0,0.26,99.74,0,Cellular Bonded
3209,285,114,2026-04-25 12:09:29.344790,127.9,9759.0,0.24,99.76,0,Wired IP
3210,291,118,2026-07-20 22:24:35.580952,18.5,8139.0,0.39,99.61,0,Cellular Bonded
3211,71,55,2026-03-23 23:55:34.739017,58.7,9594.0,0.21,99.79,0,WiFi
3212,196,25,2025-09-12 08:51:04.522145,1.0,9225.0,1.83,98.17,0,Cellular Bonded
3213,252,60,2026-01-03 07:12:57.298914,92.1,6965.0,0.0,100.0,0,Cellular Bonded
3214,155,109,2025-10-05 12:02:09.355368,18.7,8775.0,1.7,98.3,0,Cellular Bonded
3215,156,65,2025-08-24 06:49:33.254134,19.7,8812.0,0.14,99.86,0,Satellite Hybrid
3216,238,96,2026-02-25 01:10:28.403790,123.4,8636.0,0.13,99.87,0,WiFi
3217,2,35,2026-07-16 04:24:21.415706,92.3,3888.0,0.37,99.63,0,Cellular Bonded
3218,154,112,2026-04-25 01:26:26.099911,54.0,8069.0,0.28,99.72,0,WiFi
3219,242,76,2026-06-15 22:46:44.789768,93.4,7833.0,0.05,99.95,0,Wired IP
3220,148,5,2026-03-27 06:34:45.105349,61.1,5554.0,1.11,98.89,0,Cellular Bonded
3221,252,60,2025-10-22 00:06:36.175700,79.7,14339.0,0.01,99.99,0,WiFi
3222,126,87,2026-07-13 08:40:29.732284,110.6,10557.0,0.11,94.89,1,Wired IP
3223,142,40,2026-03-25 04:39:57.854596,110.8,8302.0,0.13,99.87,0,WiFi
3224,35,115,2026-07-04 15:40:37.696978,41.5,8242.0,0.21,99.79,0,Cellular Bonded
3225,186,61,2026-02-28 05:33:28.530553,13.8,4138.0,0.26,99.74,0,Satellite Hybrid
3226,290,33,2026-05-19 21:19:12.287237,44.2,8201.0,0.56,99.44,0,Wired IP
3227,133,9,2025-09-21 06:09:17.826030,22.5,6746.0,0.31,99.69,0,WiFi
3228,244,28,2026-04-15 22:38:01.246511,104.4,11934.0,0.06,99.94,0,WiFi
3229,62,103,2026-07-13 11:58:25.515725,7.6,7043.0,0.04,99.96,0,Cellular Bonded
3230,295,111,2026-03-03 02:23:03.637288,126.8,10756.0,1.32,93.68,1,Cellular Bonded
3231,133,9,2025-08-18 16:14:10.838340,104.4,7709.0,0.47,99.53,0,Cellular Bonded
3232,30,93,2026-07-26 13:10:43.745498,78.4,9933.0,0.48,99.52,0,Wired IP
3233,237,74,2026-04-22 22:33:10.086779,145.0,6357.0,0.55,99.45,0,Cellular Bonded
3234,70,113,2026-01-22 18:02:52.133590,68.3,7685.0,0.02,99.98,0,WiFi
3235,28,90,2026-01-18 19:19:02.138710,54.9,9698.0,0.04,99.96,0,Cellular Bonded
3236,215,36,2026-07-03 14:01:19.540668,91.5,8233.0,0.29,99.71,0,Cellular Bonded
3237,183,20,2026-04-29 21:44:31.619495,120.8,9913.0,0.2,99.8,0,WiFi
3238,150,37,2026-01-21 19:47:24.229400,107.8,6379.0,0.17,99.83,0,Cellular Bonded
3239,40,117,2026-07-26 19:11:44.642483,70.3,10570.0,0.13,99.87,0,Wired IP
3240,94,76,2026-02-10 05:35:08.270880,23.7,9763.0,0.38,99.62,0,Wired IP
3241,86,59,2026-05-25 20:01:23.374538,22.9,10022.0,0.42,99.58,0,Satellite Hybrid
3242,162,45,2025-12-24 04:35:38.164923,47.5,9091.0,0.48,99.52,0,Cellular Bonded
3243,155,109,2026-06-07 22:58:26.852881,43.6,5694.0,0.35,99.65,0,WiFi
3244,186,61,2026-07-15 15:26:12.092654,116.7,4938.0,0.92,99.08,0,WiFi
3245,297,11,2026-06-19 20:18:50.380972,31.7,11720.0,0.97,99.03,0,Cellular Bonded
3246,74,89,2026-03-16 13:05:34.155277,43.0,5014.0,0.42,94.58,1,Wired IP
3247,266,117,2026-01-20 13:25:01.110555,74.5,7305.0,0.67,99.33,0,Satellite Hybrid
3248,249,90,2025-11-19 03:32:37.150939,37.6,9401.0,0.07,99.93,0,Wired IP
3249,84,86,2026-05-24 19:22:49.774669,1.0,7970.0,0.47,99.53,0,Wired IP
3250,80,62,2026-07-16 10:56:34.063111,7.5,11118.0,0.26,99.74,0,WiFi
3251,97,28,2025-09-17 20:02:37.906799,157.4,5926.0,0.17,99.83,0,Cellular Bonded
3252,287,5,2026-03-24 15:20:12.243258,74.8,3554.0,0.33,99.67,0,Cellular Bonded
3253,270,112,2026-03-04 17:19:37.642486,4.8,6632.0,0.2,99.8,0,Cellular Bonded
3254,283,56,2025-11-20 08:20:25.707286,51.1,6326.0,2.15,97.85,0,Cellular Bonded
3255,59,36,2025-08-20 05:38:20.608446,58.7,9583.0,0.23,99.77,0,WiFi
3256,40,117,2026-05-16 16:46:17.246907,65.2,9158.0,0.02,99.98,0,Cellular Bonded
3257,68,37,2025-08-20 20:02:51.195182,15.6,7618.0,0.71,99.29,0,Cellular Bonded
3258,246,8,2026-02-24 23:40:44.201410,135.1,6057.0,0.17,99.83,0,Satellite Hybrid
3259,186,61,2026-02-23 23:20:02.857354,73.0,8650.0,0.19,99.81,0,Cellular Bonded
3260,227,1,2026-01-02 03:20:35.452718,28.0,4722.0,0.27,99.73,0,Cellular Bonded
3261,268,77,2025-11-01 05:23:10.929221,61.5,7763.0,0.17,99.83,0,Satellite Hybrid
3262,176,39,2026-06-07 20:02:56.268862,49.8,14400.0,0.54,99.46,0,WiFi
3263,156,65,2026-01-14 11:35:48.322344,24.3,7510.0,0.3,94.7,1,Cellular Bonded
3264,61,113,2025-09-26 03:29:33.665546,121.0,4376.0,0.27,99.73,0,Cellular Bonded
3265,73,23,2026-01-20 18:31:03.136617,71.1,6646.0,0.11,99.89,0,Cellular Bonded
3266,158,116,2026-03-19 22:07:34.189758,63.0,9465.0,0.01,99.99,0,Cellular Bonded
3267,67,96,2025-11-21 14:59:08.152065,1.0,10168.0,0.01,99.99,0,Cellular Bonded
3268,218,20,2026-03-01 22:30:53.617285,75.2,5890.0,0.39,99.61,0,Cellular Bonded
3269,58,112,2026-03-12 08:46:29.114646,37.9,3886.0,0.32,99.68,0,Cellular Bonded
3270,248,36,2026-03-29 14:23:00.689849,63.8,7834.0,0.27,99.73,0,Cellular Bonded
3271,22,2,2026-08-15 06:49:47.644866,49.0,6500.0,1.45,98.55,0,Cellular Bonded
3272,17,29,2026-01-10 07:48:04.619029,135.0,9413.0,0.54,99.46,0,WiFi
3273,263,17,2025-10-31 14:16:24.264652,34.4,7198.0,0.13,99.87,0,Cellular Bonded
3274,241,102,2026-03-07 18:41:26.725560,47.9,6236.0,0.09,99.91,0,Wired IP
3275,130,18,2026-03-09 18:30:20.461600,74.0,9082.0,0.22,99.78,0,Cellular Bonded
3276,155,109,2025-10-22 11:28:35.892190,53.0,4319.0,0.58,99.42,0,Cellular Bonded
3277,50,10,2026-03-10 07:55:12.240228,99.4,3927.0,0.11,99.89,0,Satellite Hybrid
3278,106,99,2026-02-10 19:55:29.206067,48.9,7757.0,0.21,99.79,0,Wired IP
3279,103,16,2026-08-14 02:00:09.898851,24.4,5040.0,0.03,99.97,0,Satellite Hybrid
3280,180,114,2026-03-17 02:30:00.126240,48.7,10426.0,0.11,94.89,1,Wired IP
3281,75,99,2026-05-27 20:24:29.871288,82.4,11967.0,0.15,99.85,0,Cellular Bonded
3282,143,42,2026-01-10 13:43:12.789183,72.3,12547.0,0.29,99.71,0,Cellular Bonded
3283,179,13,2025-10-07 15:20:02.962713,117.8,8125.0,1.17,98.83,0,Cellular Bonded
3284,257,41,2026-06-29 13:42:21.885624,105.8,12894.0,0.88,99.12,0,WiFi
3285,124,5,2025-09-30 17:01:37.229552,94.7,5739.0,0.3,99.7,0,Cellular Bonded
3286,35,115,2025-11-10 02:44:18.947637,40.0,10632.0,0.78,99.22,0,Satellite Hybrid
3287,297,11,2026-05-31 02:30:37.059854,16.9,10504.0,0.24,99.76,0,Cellular Bonded
3288,271,29,2026-07-30 18:01:13.537827,90.3,6744.0,0.39,99.61,0,Cellular Bonded
3289,99,95,2025-09-23 20:15:30.045939,121.9,3196.0,0.0,100.0,0,WiFi
3290,88,49,2026-02-19 19:17:55.811006,114.9,11269.0,0.07,99.93,0,Cellular Bonded
3291,276,82,2026-06-01 04:32:47.987926,60.3,6210.0,0.82,94.18,1,WiFi
3292,51,101,2026-06-06 13:58:08.085433,2.8,5699.0,0.01,99.99,0,Cellular Bonded
3293,259,64,2026-03-30 09:10:23.046309,17.6,8537.0,0.53,99.47,0,Cellular Bonded
3294,244,28,2026-04-25 03:09:47.246127,99.9,5316.0,0.12,99.88,0,WiFi
3295,95,9,2025-09-06 05:45:13.903326,93.7,7291.0,0.02,99.98,0,WiFi
3296,55,99,2026-01-07 06:38:35.413252,47.3,10856.0,0.73,99.27,0,Wired IP
3297,182,58,2026-04-07 08:36:39.626356,136.5,3146.0,0.4,99.6,0,Wired IP
3298,218,20,2026-06-07 20:46:09.065449,91.3,4404.0,0.16,99.84,0,Cellular Bonded
3299,117,109,2026-06-14 18:13:46.531446,73.5,6168.0,0.86,99.14,0,Cellular Bonded
3300,161,89,2026-02-06 09:59:29.951435,147.0,9898.0,0.21,99.79,0,Wired IP
3301,57,99,2026-03-25 08:26:51.699589,29.4,7185.0,0.06,99.94,0,Wired IP
3302,254,28,2025-09-19 09:55:06.392429,62.7,5100.0,0.49,99.51,0,Satellite Hybrid
3303,148,5,2025-11-22 06:39:35.493752,69.9,10710.0,0.16,99.84,0,WiFi
3304,21,46,2025-12-31 14:35:35.141077,1.0,6752.0,0.07,99.93,0,Cellular Bonded
3305,253,50,2026-03-28 13:23:55.970798,121.9,12872.0,0.05,99.95,0,Satellite Hybrid
3306,146,27,2026-05-09 16:59:26.136397,84.5,5538.0,0.22,99.78,0,WiFi
3307,160,71,2026-07-23 23:24:55.325556,94.1,10255.0,0.48,99.52,0,Satellite Hybrid
3308,228,117,2026-01-11 11:45:17.879523,72.1,6742.0,0.25,99.75,0,Cellular Bonded
3309,209,21,2026-04-14 18:26:46.790299,91.1,7540.0,0.11,99.89,0,Cellular Bonded
3310,220,18,2025-11-30 19:28:00.796920,94.6,5541.0,0.32,99.68,0,Cellular Bonded
3311,36,105,2026-08-04 23:10:03.432328,29.0,9675.0,0.07,99.93,0,WiFi
3312,244,28,2025-09-08 05:09:09.850857,25.7,7694.0,0.46,99.54,0,Cellular Bonded
3313,189,1,2026-05-27 15:16:26.740412,55.2,5198.0,1.33,98.67,0,Cellular Bonded
3314,252,60,2025-10-21 05:15:53.042817,36.0,3017.0,0.0,100.0,0,Cellular Bonded
3315,203,44,2026-02-14 16:51:46.693683,70.1,4958.0,1.36,98.64,0,Cellular Bonded
3316,44,29,2025-08-22 03:33:17.106765,33.3,9173.0,0.2,99.8,0,Cellular Bonded
3317,203,44,2026-06-24 17:30:37.540664,123.1,7120.0,0.32,99.68,0,Satellite Hybrid
3318,53,24,2026-07-24 00:03:32.727479,27.7,6809.0,0.01,99.99,0,WiFi
3319,87,19,2026-02-23 09:14:29.643647,14.5,9594.0,0.22,99.78,0,WiFi
3320,102,111,2025-10-28 07:53:15.495813,1.0,8901.0,0.12,99.88,0,Cellular Bonded
3321,207,61,2026-05-31 09:57:31.432518,77.5,11080.0,0.49,99.51,0,Wired IP
3322,218,20,2026-02-20 14:36:38.463548,58.7,4699.0,0.01,99.99,0,WiFi
3323,143,42,2026-04-30 04:48:41.609524,78.9,9794.0,0.12,99.88,0,Cellular Bonded
3324,298,85,2026-03-30 19:22:34.485738,109.4,7019.0,0.17,99.83,0,Cellular Bonded
3325,205,32,2026-04-21 06:49:19.307861,91.6,8733.0,0.6,99.4,0,Cellular Bonded
3326,208,47,2025-12-27 13:23:20.847049,48.6,5624.0,0.35,99.65,0,Wired IP
3327,262,63,2026-04-14 08:19:03.694972,41.4,7100.0,0.33,99.67,0,Cellular Bonded
3328,233,87,2026-08-09 09:18:57.964457,6.5,9705.0,0.11,99.89,0,Cellular Bonded
3329,129,75,2025-09-18 22:32:52.066095,108.9,13641.0,0.11,99.89,0,Wired IP
3330,119,42,2025-11-26 23:11:35.774100,26.6,8655.0,0.28,99.72,0,Wired IP
3331,69,12,2026-01-11 01:08:38.289420,100.8,11785.0,0.34,94.66,1,Cellular Bonded
3332,28,90,2026-04-19 16:36:13.647186,1.0,5965.0,1.22,98.78,0,Cellular Bonded
3333,256,101,2026-01-13 05:51:39.929139,93.8,7883.0,0.62,99.38,0,Wired IP
3334,92,105,2025-10-30 08:37:57.514889,1.0,10625.0,0.7,99.3,0,Cellular Bonded
3335,168,61,2025-08-23 20:20:48.760195,85.5,5917.0,0.41,99.59,0,Wired IP
3336,50,10,2026-05-02 02:07:29.726345,72.0,6830.0,0.61,99.39,0,Wired IP
3337,267,84,2026-07-19 18:35:52.829265,20.9,6953.0,0.77,99.23,0,Cellular Bonded
3338,239,16,2026-03-06 20:40:50.314451,1.0,11677.0,0.21,99.79,0,WiFi
3339,255,92,2026-05-10 07:23:36.884710,121.1,5486.0,0.01,99.99,0,Cellular Bonded
3340,134,74,2026-03-10 08:05:44.205585,110.1,5951.0,0.15,99.85,0,Satellite Hybrid
3341,277,115,2026-03-19 00:46:08.260738,108.3,11221.0,0.37,99.63,0,Cellular Bonded
3342,17,29,2025-12-23 01:56:12.276173,105.7,3005.0,0.03,99.97,0,Wired IP
3343,61,113,2026-06-11 22:24:52.659294,45.4,10594.0,0.33,99.67,0,Wired IP
3344,162,45,2025-11-08 20:17:14.374065,102.1,5815.0,0.03,99.97,0,Cellular Bonded
3345,227,1,2026-08-04 19:01:35.275960,70.4,10503.0,0.38,99.62,0,Wired IP
3346,17,29,2026-01-31 05:50:48.744197,104.6,10720.0,0.35,99.65,0,Satellite Hybrid
3347,156,65,2026-01-12 16:46:04.302223,91.3,10335.0,0.06,99.94,0,WiFi
3348,85,13,2025-08-19 22:28:21.252006,99.7,9893.0,0.11,99.89,0,Wired IP
3349,69,12,2025-10-21 03:11:38.957188,55.0,6978.0,0.44,99.56,0,WiFi
3350,200,117,2026-02-19 00:51:11.162376,110.4,5370.0,0.2,99.8,0,Cellular Bonded
3351,57,99,2026-03-10 03:51:45.788801,50.6,7357.0,0.46,99.54,0,Cellular Bonded
3352,252,60,2026-02-17 21:57:58.779621,81.0,8822.0,0.75,99.25,0,Cellular Bonded
3353,277,115,2025-12-20 08:08:56.368672,152.7,8202.0,0.16,99.84,0,Cellular Bonded
3354,244,28,2025-09-29 22:49:57.128945,52.1,7993.0,1.2,98.8,0,WiFi
3355,81,84,2026-02-21 14:36:19.883529,40.5,5784.0,1.63,98.37,0,Cellular Bonded
3356,201,6,2025-11-20 07:21:46.229580,54.1,11642.0,0.8,99.2,0,WiFi
3357,194,63,2026-03-02 14:16:17.283262,95.8,8262.0,0.04,99.96,0,Satellite Hybrid
3358,181,92,2026-06-03 20:34:22.580998,91.2,7167.0,0.58,99.42,0,Cellular Bonded
3359,146,27,2025-11-17 13:12:03.571173,11.7,12298.0,0.15,99.85,0,Wired IP
3360,15,43,2026-01-26 20:47:59.057226,130.6,7444.0,0.08,99.92,0,Cellular Bonded
3361,66,62,2026-01-02 21:18:23.924898,136.4,5779.0,0.28,99.72,0,Wired IP
3362,179,13,2026-02-10 18:47:00.810131,1.0,6422.0,0.99,99.01,0,Cellular Bonded
3363,299,26,2025-11-15 01:01:43.166276,45.9,7317.0,0.63,94.37,1,WiFi
3364,175,19,2025-12-20 05:28:32.703813,61.3,7243.0,0.55,99.45,0,Wired IP
3365,220,18,2026-05-28 08:42:41.386825,102.6,7229.0,0.2,99.8,0,Cellular Bonded
3366,183,20,2026-04-24 01:08:42.206851,86.9,7627.0,0.09,99.91,0,Cellular Bonded
3367,29,8,2026-07-11 12:07:50.660445,59.2,8570.0,0.22,99.78,0,Cellular Bonded
3368,127,93,2026-06-28 21:52:22.287658,21.2,7678.0,0.3,99.7,0,WiFi
3369,160,71,2026-02-10 04:14:33.719788,1.7,8828.0,0.17,99.83,0,Satellite Hybrid
3370,34,34,2025-11-20 08:28:12.128452,23.2,8646.0,0.75,99.25,0,Cellular Bonded
3371,59,36,2026-01-04 22:18:23.002046,57.8,10064.0,0.2,99.8,0,WiFi
3372,11,65,2026-06-02 03:06:18.798752,94.9,6998.0,0.3,99.7,0,Cellular Bonded
3373,20,95,2025-11-06 16:28:55.577672,89.0,4127.0,0.07,99.93,0,Cellular Bonded
3374,217,19,2026-05-01 04:41:49.791806,97.4,4127.0,0.19,99.81,0,Cellular Bonded
3375,216,99,2026-06-06 07:54:12.074200,80.2,8313.0,0.58,99.42,0,Cellular Bonded
3376,241,102,2026-01-15 18:58:07.803123,1.0,7955.0,0.03,99.97,0,Wired IP
3377,163,4,2025-12-25 03:11:01.128517,112.9,8322.0,0.21,99.79,0,WiFi
3378,200,117,2026-03-01 18:32:46.764671,58.3,11083.0,0.36,99.64,0,Cellular Bonded
3379,51,101,2026-05-01 01:33:52.894772,69.1,8501.0,1.04,98.96,0,Cellular Bonded
3380,52,73,2025-11-22 08:55:03.004300,46.5,7490.0,0.28,99.72,0,Wired IP
3381,106,99,2025-12-01 02:39:14.158687,32.7,7060.0,0.03,99.97,0,Cellular Bonded
3382,258,100,2026-01-10 20:44:12.260016,46.7,5501.0,0.69,99.31,0,Cellular Bonded
3383,174,90,2026-05-18 13:49:27.340344,66.9,14153.0,0.51,99.49,0,Cellular Bonded
3384,154,112,2025-12-21 01:54:26.327686,73.9,9626.0,0.13,99.87,0,Cellular Bonded
3385,224,14,2026-03-08 16:07:29.761442,81.3,6738.0,0.35,99.65,0,Cellular Bonded
3386,39,58,2025-10-22 09:25:40.372084,100.5,6957.0,0.83,99.17,0,Satellite Hybrid
3387,275,6,2025-12-10 19:32:53.720519,118.8,8261.0,0.55,99.45,0,Cellular Bonded
3388,136,108,2025-11-06 00:34:13.959590,68.8,7632.0,0.07,99.93,0,Cellular Bonded
3389,294,96,2026-03-15 15:59:40.908757,75.5,10887.0,0.89,99.11,0,Cellular Bonded
3390,116,39,2025-10-23 23:05:19.201536,56.7,9523.0,0.52,99.48,0,Cellular Bonded
3391,48,21,2026-05-17 14:45:59.468637,38.0,9148.0,0.28,99.72,0,Cellular Bonded
3392,297,11,2026-07-23 19:39:01.947912,72.5,6297.0,1.21,98.79,0,Cellular Bonded
3393,173,74,2025-10-26 15:46:16.430630,87.5,8250.0,0.42,99.58,0,WiFi
3394,291,118,2026-05-14 07:31:56.311009,63.8,4674.0,0.18,99.82,0,Cellular Bonded
3395,244,28,2025-11-11 23:19:56.906091,57.7,11504.0,0.03,99.97,0,Wired IP
3396,178,45,2025-11-14 14:22:07.894084,96.6,8209.0,0.34,99.66,0,Cellular Bonded
3397,155,109,2025-11-23 02:55:38.094172,150.2,11719.0,0.1,99.9,0,Cellular Bonded
3398,154,112,2025-11-09 21:47:57.874434,153.3,6178.0,0.12,99.88,0,Satellite Hybrid
3399,277,115,2026-06-19 00:36:05.533662,52.1,4093.0,0.05,99.95,0,Cellular Bonded
3400,213,75,2026-06-19 12:48:58.786109,18.5,5688.0,0.21,99.79,0,Wired IP
3401,264,73,2025-12-26 04:51:46.676368,173.5,10834.0,1.14,98.86,0,Wired IP
3402,281,66,2026-05-29 13:58:12.932955,111.2,9259.0,0.72,99.28,0,Satellite Hybrid
3403,10,67,2025-09-30 23:58:19.444432,1.0,6444.0,0.2,99.8,0,Cellular Bonded
3404,265,33,2025-09-15 21:20:52.343788,34.3,5131.0,1.69,98.31,0,Cellular Bonded
3405,296,49,2026-08-02 03:16:08.291183,112.8,8229.0,0.3,99.7,0,Cellular Bonded
3406,240,72,2026-02-14 01:56:18.777920,24.5,8156.0,0.06,99.94,0,WiFi
3407,273,46,2025-08-20 15:45:04.142581,73.7,9005.0,0.03,99.97,0,Cellular Bonded
3408,223,49,2026-06-27 02:38:48.440912,65.1,7651.0,0.09,99.91,0,Wired IP
3409,31,26,2026-08-02 22:39:37.925108,17.3,7577.0,0.54,99.46,0,Wired IP
3410,187,105,2026-06-23 19:06:29.872379,60.6,6783.0,2.3,97.7,0,WiFi
3411,124,5,2025-12-31 17:45:33.795086,43.5,6914.0,0.14,99.86,0,WiFi
3412,154,112,2025-12-11 09:04:34.627558,68.6,4855.0,0.13,99.87,0,WiFi
3413,211,118,2026-07-12 02:07:31.082458,32.0,8539.0,0.25,99.75,0,Cellular Bonded
3414,33,90,2026-07-05 20:00:55.562121,79.4,10537.0,0.41,99.59,0,Wired IP
3415,212,85,2026-03-15 23:03:45.705060,161.4,9229.0,0.19,99.81,0,Wired IP
3416,147,66,2025-11-26 12:38:47.404874,23.2,10562.0,0.02,99.98,0,Cellular Bonded
3417,132,76,2025-10-23 23:51:16.080817,39.4,6229.0,0.21,99.79,0,Cellular Bonded
3418,121,39,2026-05-24 05:23:34.985544,15.8,9394.0,0.08,99.92,0,Cellular Bonded
3419,59,36,2026-02-20 19:44:33.811455,61.8,10485.0,0.21,99.79,0,Satellite Hybrid
3420,15,43,2026-01-10 11:31:39.916420,33.9,4777.0,0.1,99.9,0,Satellite Hybrid
3421,159,17,2026-05-19 01:55:31.335853,107.4,11009.0,0.12,99.88,0,WiFi
3422,287,5,2025-10-04 01:16:44.501890,38.8,6858.0,0.17,99.83,0,Satellite Hybrid
3423,217,19,2026-02-26 03:40:06.898161,80.4,5666.0,0.8,99.2,0,Cellular Bonded
3424,19,12,2026-01-19 17:08:53.652818,4.4,7306.0,0.18,99.82,0,Cellular Bonded
3425,140,46,2026-07-27 05:59:46.277848,60.9,9392.0,0.62,99.38,0,Cellular Bonded
3426,133,9,2025-08-30 03:00:05.173350,78.2,8715.0,0.5,99.5,0,Wired IP
3427,143,42,2025-12-23 00:18:21.925616,61.4,4828.0,0.39,99.61,0,Satellite Hybrid
3428,91,61,2026-06-28 07:39:09.058234,50.6,9141.0,0.08,99.92,0,Cellular Bonded
3429,22,2,2026-05-28 11:23:05.928228,67.2,15019.0,0.37,99.63,0,Satellite Hybrid
3430,249,90,2026-02-01 03:11:51.207685,85.8,5706.0,0.24,99.76,0,Cellular Bonded
3431,29,8,2025-10-01 04:15:43.929869,80.6,10745.0,0.55,99.45,0,Cellular Bonded
3432,43,75,2026-02-23 09:41:45.195872,8.0,12002.0,0.63,99.37,0,Cellular Bonded
3433,153,8,2025-12-11 11:07:46.198048,105.8,11785.0,0.48,99.52,0,WiFi
3434,209,21,2025-08-21 07:28:35.216290,119.6,8139.0,0.28,99.72,0,Wired IP
3435,47,89,2026-04-21 07:30:40.814365,37.6,9317.0,0.71,99.29,0,Satellite Hybrid
3436,72,13,2026-01-03 17:52:29.824296,57.3,6098.0,0.29,99.71,0,WiFi
3437,293,18,2025-09-24 00:22:08.629635,33.4,11473.0,0.42,99.58,0,Satellite Hybrid
3438,62,103,2025-12-28 05:42:17.645097,51.4,6798.0,0.17,99.83,0,Cellular Bonded
3439,298,85,2026-06-28 20:17:05.572222,49.5,9708.0,0.14,99.86,0,Cellular Bonded
3440,269,92,2025-10-25 13:21:23.208264,132.9,673.0,0.09,99.91,0,Satellite Hybrid
3441,47,89,2025-11-22 04:31:52.562850,32.8,11558.0,0.35,99.65,0,Cellular Bonded
3442,63,96,2025-11-24 13:59:46.001141,90.1,5926.0,0.65,99.35,0,Satellite Hybrid
3443,161,89,2026-08-03 03:20:11.371536,85.9,7462.0,0.24,99.76,0,Cellular Bonded
3444,300,63,2025-12-21 11:34:32.708598,131.7,6008.0,0.75,99.25,0,Cellular Bonded
3445,121,39,2025-10-24 08:58:54.235115,89.8,4725.0,1.02,98.98,0,Cellular Bonded
3446,112,53,2026-01-19 23:52:04.823234,60.7,11517.0,0.64,99.36,0,Cellular Bonded
3447,90,12,2026-01-18 05:22:40.452207,124.5,5681.0,0.92,99.08,0,Cellular Bonded
3448,141,13,2026-05-19 19:40:42.182562,3.5,7442.0,0.08,99.92,0,WiFi
3449,131,111,2025-12-29 12:09:18.083204,88.5,6500.0,0.22,99.78,0,Wired IP
3450,29,8,2026-01-11 11:17:49.600324,40.5,9860.0,0.19,99.81,0,WiFi
3451,192,92,2026-01-29 18:32:24.194640,16.5,7907.0,0.11,99.89,0,Wired IP
3452,58,112,2026-03-14 19:49:08.664487,83.7,6198.0,0.26,99.74,0,WiFi
3453,217,19,2026-08-10 17:05:17.406100,35.8,12829.0,0.17,99.83,0,WiFi
3454,127,93,2026-04-25 15:50:39.518462,107.7,6360.0,0.46,99.54,0,Satellite Hybrid
3455,75,99,2026-06-11 10:48:47.627298,16.6,6656.0,0.5,99.5,0,Cellular Bonded
3456,189,1,2026-05-08 08:45:24.466337,83.9,7777.0,0.2,99.8,0,Cellular Bonded
3457,11,65,2026-06-07 18:18:01.881324,29.7,9400.0,0.18,99.82,0,Cellular Bonded
3458,18,13,2026-03-08 23:01:59.990663,19.7,8853.0,0.32,99.68,0,Wired IP
3459,28,90,2026-06-26 19:48:28.788060,144.7,8385.0,0.03,99.97,0,Cellular Bonded
3460,123,95,2025-10-28 19:25:24.115492,73.1,5933.0,0.13,99.87,0,Cellular Bonded
3461,197,56,2026-06-06 06:49:03.212343,56.0,6750.0,0.28,99.72,0,Satellite Hybrid
3462,186,61,2026-05-14 20:03:30.354217,72.7,6620.0,0.27,99.73,0,Cellular Bonded
3463,63,96,2026-02-06 21:32:30.448681,46.1,10498.0,0.08,99.92,0,Satellite Hybrid
3464,122,14,2025-08-21 19:04:23.561406,66.1,9699.0,0.71,99.29,0,WiFi
3465,199,38,2026-01-19 02:38:49.593340,152.4,8679.0,0.21,94.79,1,Cellular Bonded
3466,202,58,2025-10-06 07:49:20.781619,139.6,8162.0,0.21,99.79,0,Cellular Bonded
3467,131,111,2026-07-10 07:37:39.775745,91.5,10587.0,1.2,98.8,0,Cellular Bonded
3468,121,39,2026-04-05 10:50:17.516151,54.5,9229.0,0.92,99.08,0,WiFi
3469,83,89,2026-03-01 03:55:17.331388,52.6,9009.0,0.36,99.64,0,Cellular Bonded
3470,163,4,2025-12-11 11:47:42.620702,39.6,5516.0,0.54,99.46,0,Cellular Bonded
3471,209,21,2026-02-11 20:58:53.306041,36.8,7480.0,0.59,99.41,0,Cellular Bonded
3472,141,13,2025-11-17 20:29:41.486427,68.2,10536.0,1.19,98.81,0,Cellular Bonded
3473,252,60,2026-06-27 15:01:22.501371,139.6,6903.0,0.71,99.29,0,Cellular Bonded
3474,212,85,2025-09-04 15:42:02.496898,26.7,11288.0,0.04,99.96,0,Cellular Bonded
3475,171,39,2025-09-23 08:50:08.327453,101.2,7372.0,0.29,99.71,0,WiFi
3476,52,73,2025-10-16 20:45:11.046426,68.0,6535.0,0.03,99.97,0,Cellular Bonded
3477,134,74,2025-11-04 21:25:19.214884,118.3,8724.0,0.33,99.67,0,Wired IP
3478,181,92,2025-11-19 01:32:35.261286,48.6,8927.0,0.2,99.8,0,WiFi
3479,281,66,2026-06-20 11:55:08.299278,81.8,11741.0,0.57,99.43,0,Cellular Bonded
3480,233,87,2025-09-22 09:25:06.121785,101.9,4764.0,0.82,99.18,0,Wired IP
3481,27,81,2026-05-17 01:04:22.114670,109.4,6515.0,0.76,99.24,0,Satellite Hybrid
3482,95,9,2025-11-21 01:32:53.793846,113.0,4160.0,0.35,99.65,0,Satellite Hybrid
3483,70,113,2025-12-27 18:21:10.528606,107.1,8904.0,0.07,94.93,1,Cellular Bonded
3484,103,16,2026-03-09 17:52:55.263939,1.0,9611.0,1.53,98.47,0,Cellular Bonded
3485,161,89,2026-06-09 22:14:17.253604,107.1,7788.0,0.03,99.97,0,WiFi
3486,57,99,2025-12-21 20:43:14.107257,46.6,8175.0,0.93,99.07,0,Cellular Bonded
3487,265,33,2026-01-15 13:08:31.939403,39.4,8054.0,0.03,99.97,0,Wired IP
3488,67,96,2025-12-24 09:36:40.056007,37.1,9530.0,0.39,99.61,0,WiFi
3489,211,118,2026-04-23 07:32:45.060159,61.8,10473.0,0.91,99.09,0,Cellular Bonded
3490,164,36,2026-03-27 07:08:55.628294,39.6,6733.0,0.17,99.83,0,Cellular Bonded
3491,69,12,2026-03-16 19:30:50.669263,104.3,5821.0,0.26,99.74,0,Cellular Bonded
3492,168,61,2026-04-12 11:10:00.810580,18.1,6739.0,0.24,99.76,0,Satellite Hybrid
3493,102,111,2026-03-02 18:57:26.633527,90.3,7799.0,0.06,99.94,0,WiFi
3494,189,1,2026-08-10 17:58:12.836965,111.5,9067.0,0.37,99.63,0,Wired IP
3495,194,63,2025-11-30 03:10:01.574750,115.2,9400.0,0.84,99.16,0,WiFi
3496,293,18,2025-12-14 21:49:27.792803,1.0,8469.0,0.77,99.23,0,Cellular Bonded
3497,12,33,2026-02-20 13:42:19.653587,37.0,8503.0,0.28,99.72,0,WiFi
3498,118,53,2026-05-28 01:13:32.878236,11.8,13435.0,0.1,99.9,0,Cellular Bonded
3499,237,74,2026-01-28 09:15:29.762809,25.0,9819.0,0.39,99.61,0,Satellite Hybrid
3500,87,19,2025-09-15 20:38:47.571418,65.6,5533.0,0.3,99.7,0,Cellular Bonded
3501,220,18,2026-03-30 06:00:18.548189,64.2,11271.0,0.17,99.83,0,Cellular Bonded
3502,77,30,2026-02-03 12:38:05.345294,52.6,8923.0,0.07,99.93,0,Cellular Bonded
3503,189,1,2026-08-02 10:24:24.966035,111.9,9180.0,0.16,99.84,0,Cellular Bonded
3504,291,118,2026-07-01 04:29:30.964337,85.7,4847.0,0.11,99.89,0,Wired IP
3505,270,112,2026-04-09 01:49:22.310651,79.5,8300.0,0.16,99.84,0,Cellular Bonded
3506,233,87,2026-07-23 04:51:24.536000,122.9,13928.0,0.36,99.64,0,Cellular Bonded
3507,254,28,2026-01-19 05:14:19.558410,76.8,13206.0,0.69,99.31,0,Cellular Bonded
3508,105,69,2026-03-29 18:08:45.660014,52.9,11204.0,0.04,99.96,0,Wired IP
3509,137,17,2026-01-12 23:55:08.395758,157.5,8533.0,0.44,99.56,0,Cellular Bonded
3510,254,28,2026-07-15 08:33:07.589282,87.6,8945.0,0.2,99.8,0,WiFi
3511,221,47,2025-09-16 02:49:04.155345,36.4,9486.0,0.16,99.84,0,Cellular Bonded
3512,111,100,2025-12-21 16:12:37.946557,116.0,9082.0,0.38,99.62,0,Cellular Bonded
3513,145,50,2025-12-10 16:07:30.745059,114.6,8429.0,0.14,99.86,0,WiFi
3514,97,28,2026-04-13 14:44:34.853831,75.4,4058.0,0.51,99.49,0,Wired IP
3515,210,80,2026-05-04 13:48:02.644762,13.4,11802.0,0.08,99.92,0,WiFi
3516,15,43,2026-03-27 05:28:29.719757,91.2,5539.0,0.08,99.92,0,Cellular Bonded
3517,135,58,2026-01-09 14:17:22.828501,31.2,5552.0,0.42,99.58,0,Cellular Bonded
3518,231,3,2026-07-08 06:45:13.675546,68.8,9871.0,0.27,99.73,0,Cellular Bonded
3519,190,3,2026-05-30 07:48:13.274678,49.9,8132.0,1.85,98.15,0,Satellite Hybrid
3520,235,75,2026-07-26 22:14:46.903824,68.6,6853.0,0.23,99.77,0,Cellular Bonded
3521,241,102,2026-05-18 06:00:14.166792,85.2,8213.0,0.11,99.89,0,Cellular Bonded
3522,166,31,2026-02-24 09:37:05.325191,85.4,9893.0,0.17,99.83,0,WiFi
3523,204,45,2026-01-29 14:40:56.267662,1.0,8954.0,0.23,99.77,0,Cellular Bonded
3524,197,56,2025-10-18 07:35:19.075865,70.9,9384.0,0.53,99.47,0,WiFi
3525,132,76,2026-06-26 01:26:13.889838,117.8,8260.0,0.02,99.98,0,Wired IP
3526,286,109,2025-10-02 21:11:27.762776,1.0,6476.0,0.3,99.7,0,WiFi
3527,171,39,2025-11-11 21:16:51.004307,152.1,7053.0,0.28,99.72,0,Satellite Hybrid
3528,242,76,2025-11-18 02:23:26.799484,48.2,6221.0,0.12,99.88,0,Satellite Hybrid
3529,24,114,2026-05-16 18:47:00.708314,43.0,7869.0,0.01,94.99,1,Cellular Bonded
3530,259,64,2026-05-18 22:09:40.443886,1.0,7756.0,0.32,99.68,0,WiFi
3531,155,109,2025-11-03 02:31:47.290128,38.7,6805.0,0.13,99.87,0,Cellular Bonded
3532,190,3,2026-01-10 04:13:18.704496,78.5,6723.0,0.1,99.9,0,Wired IP
3533,287,5,2025-09-22 02:51:49.315487,83.7,6653.0,0.49,99.51,0,Cellular Bonded
3534,92,105,2026-07-26 04:55:59.474387,93.4,3279.0,0.77,99.23,0,Cellular Bonded
3535,258,100,2026-02-06 23:16:59.613315,58.4,6549.0,0.09,99.91,0,Wired IP
3536,174,90,2025-09-06 21:17:02.040390,54.9,8277.0,0.14,99.86,0,Cellular Bonded
3537,68,37,2026-05-26 15:50:26.684987,59.0,5566.0,1.07,98.93,0,Cellular Bonded
3538,272,13,2026-02-25 12:18:49.192282,24.0,5275.0,0.01,99.99,0,Cellular Bonded
3539,134,74,2026-08-16 19:45:28.256402,68.7,9457.0,0.15,99.85,0,Cellular Bonded
3540,23,115,2025-09-25 04:14:02.325791,30.1,11506.0,0.1,99.9,0,Cellular Bonded
3541,256,101,2026-03-31 20:53:23.247328,33.1,9429.0,0.03,99.97,0,Cellular Bonded
3542,144,9,2025-09-18 00:22:08.484875,23.8,8945.0,0.08,99.92,0,Satellite Hybrid
3543,221,47,2026-07-24 07:20:25.575377,114.1,6395.0,0.32,99.68,0,Cellular Bonded
3544,135,58,2026-01-07 13:08:54.324499,60.9,9086.0,0.2,99.8,0,WiFi
3545,136,108,2025-11-09 23:05:59.066106,84.2,10938.0,0.48,99.52,0,Cellular Bonded
3546,224,14,2026-05-14 11:44:46.168353,8.6,7762.0,0.46,99.54,0,Cellular Bonded
3547,162,45,2026-01-27 00:13:55.782440,26.4,6457.0,0.12,99.88,0,Cellular Bonded
3548,252,60,2025-10-03 09:12:33.476718,34.3,7887.0,0.02,99.98,0,Cellular Bonded
3549,78,17,2026-02-26 12:29:23.790514,38.3,7110.0,0.21,99.79,0,Cellular Bonded
3550,226,31,2025-10-19 12:24:40.013412,56.1,8736.0,0.07,99.93,0,Cellular Bonded
3551,77,30,2025-08-31 01:42:45.973104,82.1,8306.0,0.19,99.81,0,Satellite Hybrid
3552,94,76,2025-12-26 11:59:35.675114,59.5,10578.0,0.05,94.95,1,Cellular Bonded
3553,134,74,2026-07-18 08:23:10.187418,32.4,9962.0,0.0,100.0,0,Wired IP
3554,240,72,2026-06-29 17:18:12.460405,3.1,7167.0,0.12,99.88,0,Cellular Bonded
3555,254,28,2026-02-04 18:47:05.100900,82.7,7012.0,0.07,99.93,0,Satellite Hybrid
3556,183,20,2026-07-02 03:37:34.766318,98.2,8532.0,0.2,99.8,0,WiFi
3557,288,119,2026-07-25 11:58:16.247781,83.0,9958.0,0.04,99.96,0,Cellular Bonded
3558,253,50,2026-03-06 11:30:16.548236,82.2,12244.0,0.3,99.7,0,Cellular Bonded
3559,76,105,2025-10-06 13:27:27.695541,48.8,6806.0,0.2,99.8,0,WiFi
3560,48,21,2026-07-30 11:22:13.631777,99.1,5365.0,0.27,99.73,0,Wired IP
3561,146,27,2026-03-03 02:23:53.536719,53.7,4158.0,0.04,99.96,0,Cellular Bonded
3562,87,19,2026-03-21 21:58:03.012281,134.9,8129.0,0.09,99.91,0,Cellular Bonded
3563,140,46,2026-01-31 21:28:48.122524,10.6,11806.0,0.26,99.74,0,WiFi
3564,300,63,2026-05-18 14:54:21.505673,152.2,7967.0,0.43,99.57,0,WiFi
3565,3,33,2026-07-04 11:39:23.370109,42.0,8456.0,0.17,99.83,0,Wired IP
3566,293,18,2026-01-24 00:32:26.666910,79.9,4739.0,0.74,99.26,0,Satellite Hybrid
3567,40,117,2026-04-08 18:51:55.449176,37.3,7474.0,0.18,99.82,0,Cellular Bonded
3568,256,101,2026-03-01 02:10:58.114204,48.8,11945.0,0.05,99.95,0,Cellular Bonded
3569,169,108,2026-07-16 00:45:38.750281,61.2,3731.0,0.25,94.75,1,Cellular Bonded
3570,63,96,2026-02-10 01:27:09.053912,78.0,7993.0,0.14,99.86,0,Satellite Hybrid
3571,55,99,2025-11-09 03:35:04.586296,56.8,4020.0,0.09,99.91,0,Satellite Hybrid
3572,79,113,2025-09-19 22:18:02.154294,55.3,8516.0,0.18,94.82,1,Cellular Bonded
3573,236,12,2025-12-08 14:56:32.086733,131.5,6757.0,0.36,99.64,0,Cellular Bonded
3574,246,8,2026-01-15 17:01:20.789571,96.9,7245.0,0.2,99.8,0,WiFi
3575,138,102,2025-10-14 01:57:23.471890,72.0,9277.0,0.21,99.79,0,Satellite Hybrid
3576,3,33,2025-08-22 02:12:01.778727,156.7,10935.0,0.06,99.94,0,WiFi
3577,23,115,2026-02-25 06:28:26.538978,29.7,8720.0,0.59,99.41,0,Wired IP
3578,232,16,2026-05-22 01:05:59.861807,71.4,9080.0,0.26,99.74,0,Cellular Bonded
3579,292,65,2025-10-06 23:50:39.191132,9.7,7899.0,0.17,99.83,0,WiFi
3580,25,35,2025-11-30 22:02:02.318876,36.6,5876.0,0.55,99.45,0,Cellular Bonded
3581,145,50,2026-03-01 13:42:04.835048,96.5,11673.0,0.47,99.53,0,Cellular Bonded
3582,29,8,2026-04-26 07:14:47.510031,99.0,12133.0,0.18,99.82,0,Cellular Bonded
3583,281,66,2026-02-13 19:30:53.760052,53.9,15022.0,0.41,99.59,0,Cellular Bonded
3584,196,25,2026-05-21 00:23:15.008354,1.0,12537.0,0.25,99.75,0,Cellular Bonded
3585,131,111,2025-12-05 14:35:49.749192,69.0,8296.0,0.4,99.6,0,WiFi
3586,205,32,2026-05-24 19:28:15.043545,1.0,7620.0,0.06,99.94,0,Cellular Bonded
3587,107,12,2026-06-05 12:39:31.950232,37.1,4662.0,0.69,99.31,0,Cellular Bonded
3588,207,61,2026-03-24 04:02:50.575159,82.3,10607.0,0.17,99.83,0,Cellular Bonded
3589,79,113,2026-06-05 02:10:06.845728,54.4,6347.0,0.06,99.94,0,Cellular Bonded
3590,252,60,2026-03-06 08:35:11.426095,70.0,6534.0,0.06,99.94,0,WiFi
3591,159,17,2025-10-26 01:47:03.105298,90.9,6471.0,0.08,99.92,0,WiFi
3592,68,37,2026-07-06 06:18:28.744020,100.4,3555.0,0.02,99.98,0,Cellular Bonded
3593,50,10,2026-01-24 19:11:34.010912,63.2,5035.0,0.06,99.94,0,Cellular Bonded
3594,263,17,2025-11-17 11:03:04.611015,55.5,7172.0,0.36,99.64,0,Wired IP
3595,229,54,2026-05-06 05:15:52.057077,140.1,6725.0,0.31,99.69,0,Cellular Bonded
3596,244,28,2026-04-11 01:13:15.390639,56.1,10383.0,0.38,99.62,0,Cellular Bonded
3597,217,19,2026-06-16 15:32:09.362717,7.8,4139.0,0.32,99.68,0,Cellular Bonded
3598,217,19,2025-11-06 18:19:22.121104,24.9,2666.0,1.68,98.32,0,Cellular Bonded
3599,96,71,2025-09-16 03:40:28.894246,28.0,8921.0,0.03,99.97,0,Wired IP
3600,219,57,2026-04-03 12:09:04.693917,28.9,10856.0,0.28,99.72,0,Cellular Bonded
3601,263,17,2026-02-22 19:43:17.315132,49.4,8471.0,0.57,99.43,0,Cellular Bonded
3602,238,96,2026-06-06 06:07:50.899832,92.6,6948.0,1.71,98.29,0,Cellular Bonded
3603,80,62,2026-03-30 02:05:02.985987,89.5,9876.0,0.55,99.45,0,Wired IP
3604,270,112,2026-04-28 13:10:00.089381,146.8,7607.0,0.69,99.31,0,Cellular Bonded
3605,269,92,2025-11-25 11:31:14.885800,1.0,7488.0,0.61,99.39,0,WiFi
3606,240,72,2026-04-11 22:49:39.311171,1.0,4654.0,0.03,99.97,0,Cellular Bonded
3607,245,117,2026-02-28 10:03:49.772820,1.0,10182.0,0.64,99.36,0,Cellular Bonded
3608,66,62,2025-11-24 08:51:37.424864,66.2,13602.0,0.18,99.82,0,Cellular Bonded
3609,154,112,2025-10-25 20:47:14.464458,81.5,6218.0,0.19,99.81,0,Wired IP
3610,268,77,2025-09-12 05:31:52.824029,58.2,7687.0,0.15,99.85,0,Wired IP
3611,292,65,2025-10-07 02:40:44.675029,20.2,8168.0,0.09,99.91,0,Cellular Bonded
3612,40,117,2025-09-27 12:32:56.261482,1.0,10328.0,0.55,99.45,0,Satellite Hybrid
3613,263,17,2026-01-31 10:57:47.912187,65.1,10696.0,0.16,99.84,0,Wired IP
3614,218,20,2026-01-30 12:23:49.210763,27.3,3230.0,0.66,99.34,0,Cellular Bonded
3615,238,96,2026-04-30 22:32:01.682167,34.9,7485.0,0.06,99.94,0,Cellular Bonded
3616,292,65,2026-02-13 20:04:43.636587,79.4,11202.0,0.4,99.6,0,Cellular Bonded
3617,182,58,2025-12-13 06:52:05.598140,69.8,8252.0,0.76,99.24,0,WiFi
3618,42,109,2025-10-12 18:41:43.314180,79.6,4919.0,0.35,99.65,0,Cellular Bonded
3619,9,12,2026-08-07 05:21:58.978409,29.7,7897.0,0.04,99.96,0,Wired IP
3620,237,74,2025-08-26 07:36:33.093111,10.1,9880.0,0.13,99.87,0,Satellite Hybrid
3621,94,76,2026-08-08 04:17:18.412493,12.5,2796.0,0.03,99.97,0,Cellular Bonded
3622,24,114,2025-11-29 05:18:56.044832,127.8,5903.0,0.02,99.98,0,Cellular Bonded
3623,153,8,2025-10-02 21:11:05.436031,104.5,9651.0,0.08,99.92,0,WiFi
3624,233,87,2026-01-25 06:40:19.183350,92.2,10321.0,0.11,99.89,0,Satellite Hybrid
3625,231,3,2025-08-21 05:35:49.515061,19.8,12343.0,0.27,99.73,0,WiFi
3626,136,108,2025-09-20 03:56:00.781354,62.1,8394.0,0.11,99.89,0,Satellite Hybrid
3627,96,71,2025-08-23 14:43:30.660325,74.2,5423.0,0.04,99.96,0,Cellular Bonded
3628,41,114,2025-11-05 12:29:51.056349,39.1,8454.0,0.09,99.91,0,Cellular Bonded
3629,133,9,2026-01-18 15:27:13.464025,123.1,5289.0,0.3,99.7,0,Cellular Bonded
3630,55,99,2026-06-01 01:25:46.749686,53.4,7927.0,0.59,99.41,0,Cellular Bonded
3631,10,67,2026-02-16 04:08:48.012907,71.3,11177.0,0.3,94.7,1,WiFi
3632,60,82,2025-12-31 19:30:58.910245,18.0,8365.0,0.84,94.16,1,Cellular Bonded
3633,245,117,2026-04-29 15:32:21.546717,88.6,10509.0,0.94,99.06,0,Wired IP
3634,208,47,2025-08-29 19:46:08.544592,70.5,6599.0,0.05,99.95,0,Cellular Bonded
3635,250,8,2025-09-16 12:33:09.845319,28.7,7709.0,0.52,99.48,0,Wired IP
3636,185,72,2026-05-19 05:25:53.294606,5.0,8986.0,0.74,99.26,0,Wired IP
3637,203,44,2025-10-10 13:35:27.551300,93.7,11627.0,0.81,99.19,0,Cellular Bonded
3638,45,120,2025-11-23 12:32:54.879839,50.2,9379.0,0.78,99.22,0,Cellular Bonded
3639,8,101,2026-01-08 11:42:46.309146,110.4,8790.0,0.01,99.99,0,Cellular Bonded
3640,9,12,2026-03-04 12:36:15.623794,84.2,9208.0,0.76,99.24,0,Cellular Bonded
3641,97,28,2025-10-23 12:44:40.123244,34.0,9127.0,0.62,99.38,0,Cellular Bonded
3642,108,25,2026-07-11 04:54:15.515853,52.3,12185.0,1.72,98.28,0,Satellite Hybrid
3643,75,99,2025-11-17 12:39:27.331160,9.1,11516.0,0.53,99.47,0,Cellular Bonded
3644,224,14,2026-01-04 12:42:20.886744,66.9,7465.0,0.71,99.29,0,Cellular Bonded
3645,276,82,2025-08-22 20:14:42.625167,85.8,4665.0,0.68,99.32,0,Cellular Bonded
3646,155,109,2026-08-09 00:08:23.599107,39.2,5957.0,0.48,99.52,0,Wired IP
3647,76,105,2026-05-06 03:01:34.934220,46.4,12418.0,0.07,99.93,0,Cellular Bonded
3648,12,33,2026-01-05 16:55:13.411047,1.0,10556.0,0.29,99.71,0,Cellular Bonded
3649,79,113,2026-08-09 03:24:50.248612,30.0,7745.0,0.02,99.98,0,Wired IP
3650,228,117,2025-11-16 11:05:58.051221,78.9,4586.0,0.06,99.94,0,Cellular Bonded
3651,242,76,2026-08-16 06:48:22.777762,26.4,7061.0,0.02,94.98,1,Wired IP
3652,231,3,2025-10-29 22:43:41.944773,40.0,10182.0,0.51,99.49,0,Cellular Bonded
3653,104,117,2026-05-13 15:51:17.440406,81.6,4247.0,1.79,98.21,0,Cellular Bonded
3654,201,6,2025-09-21 12:54:13.872831,44.8,7725.0,0.09,99.91,0,Wired IP
3655,5,61,2026-04-18 08:35:23.344035,75.6,7409.0,0.31,99.69,0,Wired IP
3656,222,105,2025-11-02 07:55:06.149843,82.8,6520.0,0.46,99.54,0,Cellular Bonded
3657,254,28,2026-01-07 06:48:43.493747,86.1,10758.0,0.84,99.16,0,Cellular Bonded
3658,284,30,2026-08-04 02:52:40.395685,105.5,8614.0,0.1,99.9,0,Cellular Bonded
3659,19,12,2026-07-25 23:51:56.577951,63.7,9413.0,0.12,99.88,0,Cellular Bonded
3660,249,90,2025-10-15 03:18:35.419608,69.1,8577.0,0.29,99.71,0,Cellular Bonded
3661,250,8,2026-05-11 01:46:38.276252,76.6,11303.0,2.67,97.33,0,Wired IP
3662,32,74,2026-05-17 02:13:25.081686,45.9,13216.0,0.07,99.93,0,Cellular Bonded
3663,217,19,2026-03-06 20:34:09.481746,51.8,5218.0,1.14,98.86,0,Cellular Bonded
3664,284,30,2025-10-01 19:47:53.847771,75.7,5175.0,0.37,99.63,0,Cellular Bonded
3665,214,101,2026-02-09 21:45:16.578949,90.8,6778.0,0.25,99.75,0,Cellular Bonded
3666,60,82,2025-12-05 07:36:39.107422,104.5,6154.0,0.85,99.15,0,Cellular Bonded
3667,178,45,2025-12-27 19:24:17.660151,52.7,11494.0,0.06,99.94,0,Cellular Bonded
3668,224,14,2025-09-06 06:03:28.874143,112.3,8120.0,0.41,94.59,1,Cellular Bonded
3669,148,5,2026-04-18 14:36:27.814764,53.2,5135.0,0.03,99.97,0,WiFi
3670,241,102,2026-08-08 12:32:11.405033,1.0,5352.0,0.28,99.72,0,WiFi
3671,119,42,2025-11-12 09:00:31.158274,118.9,8772.0,0.4,99.6,0,WiFi
3672,174,90,2026-01-23 17:23:39.275105,27.1,9517.0,0.02,99.98,0,Wired IP
3673,240,72,2025-08-23 17:43:44.227348,26.9,10323.0,0.31,99.69,0,Wired IP
3674,151,38,2026-06-04 05:20:37.983753,47.5,9996.0,0.14,99.86,0,Cellular Bonded
3675,200,117,2026-03-19 16:13:37.889711,1.0,4827.0,0.39,99.61,0,Cellular Bonded
3676,185,72,2026-01-09 17:22:55.471591,96.4,10151.0,0.71,99.29,0,WiFi
3677,83,89,2025-11-14 23:25:02.329891,122.8,8857.0,0.27,99.73,0,Wired IP
3678,145,50,2026-08-06 21:38:43.629632,46.6,7299.0,0.23,99.77,0,Satellite Hybrid
3679,45,120,2026-03-18 08:30:50.190922,77.6,4212.0,0.66,99.34,0,Cellular Bonded
3680,67,96,2026-04-27 09:22:00.846510,1.0,10262.0,0.3,99.7,0,WiFi
3681,81,84,2026-04-26 12:49:24.744856,115.5,8620.0,0.52,99.48,0,Wired IP
3682,52,73,2025-10-13 19:35:58.548658,44.6,6501.0,0.27,99.73,0,Wired IP
3683,253,50,2026-05-26 14:38:35.066494,59.3,7594.0,0.07,99.93,0,Satellite Hybrid
3684,108,25,2025-11-17 00:46:01.662103,57.7,8776.0,0.32,99.68,0,Cellular Bonded
3685,10,67,2026-02-16 17:29:36.819643,29.1,8781.0,0.27,99.73,0,WiFi
3686,134,74,2026-04-25 15:15:17.910165,21.9,8593.0,0.07,99.93,0,WiFi
3687,82,112,2025-12-19 18:37:25.829890,1.0,5665.0,0.01,99.99,0,Cellular Bonded
3688,258,100,2026-08-07 04:48:04.332299,108.1,9293.0,0.12,94.88,1,Cellular Bonded
3689,33,90,2026-05-22 12:11:51.403259,90.2,12948.0,0.13,99.87,0,WiFi
3690,59,36,2025-09-09 03:50:14.999749,59.5,9148.0,0.19,99.81,0,WiFi
3691,62,103,2025-12-26 00:23:51.077809,46.4,7892.0,1.01,98.99,0,Cellular Bonded
3692,250,8,2025-10-13 10:11:40.721974,75.5,4507.0,0.1,99.9,0,Cellular Bonded
3693,175,19,2026-03-02 00:41:29.118899,1.0,10324.0,0.34,99.66,0,Wired IP
3694,24,114,2025-09-26 10:34:31.421246,70.3,6648.0,0.39,99.61,0,Wired IP
3695,286,109,2026-02-12 07:41:36.109323,13.6,9524.0,0.25,99.75,0,WiFi
3696,78,17,2025-12-11 20:39:50.385709,62.3,8269.0,0.31,99.69,0,Cellular Bonded
3697,264,73,2026-03-10 01:24:26.206388,29.3,7984.0,1.14,98.86,0,Satellite Hybrid
3698,54,64,2026-04-10 13:26:20.511627,87.7,5681.0,0.87,99.13,0,Satellite Hybrid
3699,225,15,2025-12-23 00:33:29.543180,18.9,12363.0,0.45,99.55,0,Cellular Bonded
3700,57,99,2026-07-09 18:42:36.170678,26.8,7859.0,0.0,100.0,0,Cellular Bonded
3701,53,24,2026-05-12 21:09:33.898789,57.3,4583.0,0.01,99.99,0,Cellular Bonded
3702,22,2,2025-08-26 00:47:33.726922,92.9,9874.0,0.62,99.38,0,Wired IP
3703,86,59,2026-01-03 03:20:23.749067,89.8,7379.0,0.6,99.4,0,Cellular Bonded
3704,106,99,2026-05-09 16:09:12.366150,73.5,6109.0,0.12,99.88,0,Cellular Bonded
3705,81,84,2025-11-17 18:03:40.065558,69.3,9639.0,1.03,98.97,0,Cellular Bonded
3706,227,1,2025-09-01 15:40:44.155479,97.5,8688.0,0.35,99.65,0,Satellite Hybrid
3707,256,101,2026-05-03 04:26:35.970859,90.1,8888.0,0.04,99.96,0,Cellular Bonded
3708,51,101,2026-03-10 07:18:54.787144,96.9,7502.0,1.25,98.75,0,Cellular Bonded
3709,187,105,2026-03-04 08:35:34.535114,24.4,5995.0,0.01,99.99,0,Cellular Bonded
3710,71,55,2026-02-13 03:23:51.938077,38.2,12384.0,0.29,99.71,0,Wired IP
3711,104,117,2026-03-13 02:34:21.403556,81.6,9325.0,0.12,99.88,0,Cellular Bonded
3712,213,75,2026-03-04 16:21:33.237081,107.1,4626.0,0.03,99.97,0,Cellular Bonded
3713,4,33,2025-12-14 09:28:35.736923,73.8,7367.0,0.19,99.81,0,Cellular Bonded
3714,243,24,2026-02-05 05:18:31.697257,109.8,9838.0,0.5,99.5,0,WiFi
3715,259,64,2026-06-30 23:16:19.424208,77.6,6397.0,0.08,99.92,0,Cellular Bonded
3716,137,17,2026-03-24 18:43:56.759302,82.5,8724.0,0.5,99.5,0,WiFi
3717,213,75,2026-06-28 09:03:38.407395,68.8,9083.0,0.67,99.33,0,WiFi
3718,126,87,2025-10-15 18:29:00.896129,134.4,9493.0,0.15,99.85,0,Wired IP
3719,272,13,2026-02-28 02:59:42.613934,51.3,6185.0,0.01,99.99,0,Cellular Bonded
3720,117,109,2026-01-29 06:45:30.196551,1.0,5902.0,0.03,99.97,0,Cellular Bonded
3721,220,18,2026-06-13 08:36:52.350610,83.3,5990.0,0.18,99.82,0,Cellular Bonded
3722,210,80,2026-03-03 22:42:34.096765,83.9,5780.0,0.56,99.44,0,Cellular Bonded
3723,265,33,2026-01-30 23:53:21.003787,29.7,8951.0,0.27,99.73,0,Cellular Bonded
3724,186,61,2026-05-28 11:30:25.698241,40.6,7334.0,0.2,99.8,0,Satellite Hybrid
3725,227,1,2026-02-18 22:23:48.655875,121.9,5703.0,0.54,99.46,0,WiFi
3726,6,51,2026-05-13 01:16:03.055170,82.2,4954.0,0.36,99.64,0,Cellular Bonded
3727,265,33,2026-07-06 13:03:23.714407,65.4,7748.0,1.08,98.92,0,Cellular Bonded
3728,44,29,2026-04-01 11:11:29.355599,61.5,8711.0,0.06,99.94,0,Cellular Bonded
3729,206,45,2025-12-29 03:22:10.659651,157.9,7758.0,0.28,99.72,0,Cellular Bonded
3730,85,13,2026-04-01 15:14:42.859094,89.0,7227.0,0.15,99.85,0,Cellular Bonded
3731,202,58,2025-12-13 07:18:34.276879,31.7,5688.0,1.53,98.47,0,WiFi
3732,78,17,2025-09-10 08:39:21.545227,136.4,9999.0,0.39,99.61,0,WiFi
3733,30,93,2026-08-06 06:59:56.835283,40.9,4151.0,0.36,99.64,0,Cellular Bonded
3734,267,84,2026-06-13 05:23:00.040492,110.8,7863.0,0.27,99.73,0,Satellite Hybrid
3735,215,36,2025-10-26 13:09:36.241203,88.6,6504.0,0.18,99.82,0,Wired IP
3736,284,30,2026-04-24 15:25:16.043914,55.1,6453.0,1.16,98.84,0,WiFi
3737,161,89,2026-05-24 18:17:13.813033,70.9,10090.0,0.26,99.74,0,Cellular Bonded
3738,5,61,2025-10-13 12:03:41.101845,84.7,9707.0,0.02,99.98,0,Cellular Bonded
3739,271,29,2025-11-29 14:12:14.272428,139.5,9447.0,0.06,99.94,0,Cellular Bonded
3740,76,105,2026-01-14 20:00:08.872086,41.8,6410.0,1.01,98.99,0,WiFi
3741,229,54,2025-12-13 18:57:40.534062,98.0,9662.0,0.18,99.82,0,WiFi
3742,279,47,2025-09-22 09:01:08.251983,130.5,6426.0,0.92,99.08,0,Cellular Bonded
3743,227,1,2026-04-15 18:14:21.654297,78.9,7513.0,1.17,98.83,0,Cellular Bonded
3744,208,47,2025-09-03 05:15:08.073648,7.5,5923.0,0.28,99.72,0,Wired IP
3745,155,109,2026-07-26 13:44:44.223265,54.7,5198.0,0.97,99.03,0,Cellular Bonded
3746,276,82,2025-10-22 10:46:07.573632,42.5,11410.0,0.65,99.35,0,Wired IP
3747,65,23,2025-08-29 15:42:34.186867,108.1,7125.0,1.78,98.22,0,Wired IP
3748,277,115,2025-09-26 07:37:38.776160,41.2,1089.0,0.14,99.86,0,Cellular Bonded
3749,48,21,2025-10-27 04:28:01.593423,7.8,7910.0,0.5,99.5,0,Cellular Bonded
3750,160,71,2025-08-29 20:28:12.599316,67.7,2916.0,0.56,99.44,0,Cellular Bonded
3751,82,112,2026-04-09 12:04:55.499838,61.7,10142.0,0.66,94.34,1,Cellular Bonded
3752,277,115,2026-01-07 02:13:12.369542,74.8,8679.0,0.03,99.97,0,Satellite Hybrid
3753,124,5,2026-02-13 01:48:00.468894,62.7,8734.0,0.29,99.71,0,Cellular Bonded
3754,156,65,2026-04-03 00:18:06.625364,113.6,9085.0,0.35,99.65,0,WiFi
3755,259,64,2026-03-21 17:19:26.643362,29.1,9977.0,0.23,99.77,0,Cellular Bonded
3756,31,26,2025-09-05 03:45:30.980744,54.0,6304.0,0.05,99.95,0,WiFi
3757,133,9,2025-11-06 19:27:53.538780,160.2,7818.0,0.31,99.69,0,WiFi
3758,182,58,2026-05-07 06:44:03.928945,32.2,6976.0,0.01,99.99,0,Cellular Bonded
3759,64,24,2025-08-23 00:22:05.785305,54.0,9434.0,0.09,99.91,0,Wired IP
3760,294,96,2026-07-20 10:52:26.460163,79.6,9725.0,0.22,99.78,0,WiFi
3761,233,87,2026-04-14 14:42:55.146611,109.6,11484.0,1.33,98.67,0,Wired IP
3762,121,39,2026-07-23 03:25:45.259463,116.8,3600.0,0.06,99.94,0,Cellular Bonded
3763,298,85,2026-06-17 23:31:14.929361,136.9,6409.0,0.34,99.66,0,Cellular Bonded
3764,274,35,2026-02-05 02:22:07.759660,85.5,9387.0,0.53,99.47,0,Cellular Bonded
3765,120,58,2026-04-08 11:14:42.665566,59.4,6439.0,1.78,98.22,0,Satellite Hybrid
3766,146,27,2025-12-27 23:46:48.308713,12.1,8139.0,0.33,99.67,0,Cellular Bonded
3767,294,96,2026-05-16 15:17:51.034585,60.9,5321.0,0.07,99.93,0,WiFi
3768,194,63,2026-07-09 06:44:54.045171,63.8,9139.0,0.4,99.6,0,Cellular Bonded
3769,127,93,2026-06-14 07:27:46.140626,146.8,6686.0,0.18,99.82,0,Cellular Bonded
3770,265,33,2026-06-04 04:06:36.591165,45.9,10776.0,0.09,99.91,0,Cellular Bonded
3771,185,72,2025-09-08 12:29:08.055850,69.1,4273.0,0.44,99.56,0,WiFi
3772,76,105,2026-03-31 10:38:58.472126,41.0,6773.0,0.01,99.99,0,Cellular Bonded
3773,211,118,2026-02-27 08:27:06.231610,74.9,5242.0,0.19,99.81,0,Cellular Bonded
3774,32,74,2026-05-13 06:53:50.209219,12.2,6864.0,0.46,99.54,0,Cellular Bonded
3775,67,96,2026-06-18 20:21:41.009049,48.9,5633.0,0.1,99.9,0,WiFi
3776,229,54,2025-09-15 16:30:36.326256,20.9,10219.0,0.03,99.97,0,Cellular Bonded
3777,270,112,2025-11-05 01:12:47.544358,52.1,10103.0,2.08,97.92,0,Cellular Bonded
3778,287,5,2026-02-23 20:54:39.916447,87.5,6413.0,1.04,98.96,0,WiFi
3779,203,44,2025-09-24 04:33:02.242361,32.6,11005.0,0.03,99.97,0,Cellular Bonded
3780,300,63,2025-11-10 13:39:39.150673,88.2,7831.0,0.51,99.49,0,WiFi
3781,217,19,2026-01-05 21:35:29.902536,102.7,5143.0,0.79,99.21,0,Cellular Bonded
3782,251,58,2025-10-27 17:37:59.328950,132.1,6660.0,0.33,99.67,0,Wired IP
3783,214,101,2026-04-15 00:35:24.902071,15.2,7281.0,0.26,99.74,0,Cellular Bonded
3784,74,89,2026-03-14 07:42:39.584035,23.5,8425.0,1.2,98.8,0,Wired IP
3785,249,90,2026-07-30 02:45:37.045521,52.6,7185.0,0.29,99.71,0,WiFi
3786,67,96,2026-03-10 02:02:49.777236,140.1,9116.0,0.11,99.89,0,WiFi
3787,263,17,2026-03-09 23:34:39.660769,37.3,8043.0,0.09,99.91,0,Cellular Bonded
3788,61,113,2026-05-17 14:20:49.304784,113.5,7093.0,0.34,99.66,0,Cellular Bonded
3789,234,57,2026-05-24 23:05:59.209126,67.6,6622.0,0.06,99.94,0,Cellular Bonded
3790,81,84,2026-03-16 16:58:21.154140,102.0,8058.0,0.03,99.97,0,WiFi
3791,190,3,2026-04-21 10:55:25.536556,118.4,8552.0,0.3,99.7,0,Cellular Bonded
3792,61,113,2026-05-01 16:44:14.938916,54.4,7590.0,0.31,99.69,0,Wired IP
3793,210,80,2026-01-21 03:18:29.865064,133.5,8264.0,0.14,99.86,0,Cellular Bonded
3794,190,3,2025-09-25 05:45:29.960774,36.3,7194.0,0.22,99.78,0,WiFi
3795,21,46,2026-06-03 12:26:44.694664,130.7,5129.0,0.57,99.43,0,Cellular Bonded
3796,61,113,2026-03-06 23:56:48.634421,41.2,10748.0,0.12,99.88,0,Cellular Bonded
3797,192,92,2026-02-18 11:18:52.744285,90.7,5969.0,0.87,99.13,0,Cellular Bonded
3798,249,90,2026-04-15 06:19:54.830052,54.9,6594.0,0.43,94.57,1,Cellular Bonded
3799,74,89,2026-03-01 03:12:07.602104,130.4,8823.0,0.21,99.79,0,Wired IP
3800,216,99,2026-03-25 05:33:32.810214,55.7,7557.0,0.56,99.44,0,WiFi
3801,157,86,2026-07-25 00:15:09.003967,43.4,10687.0,1.07,98.93,0,Cellular Bonded
3802,111,100,2026-07-13 16:21:22.022563,89.6,10643.0,0.23,99.77,0,Cellular Bonded
3803,251,58,2026-03-07 00:57:43.294892,58.1,6828.0,0.25,94.75,1,WiFi
3804,281,66,2026-08-17 03:05:13.622509,83.7,8382.0,0.04,99.96,0,Cellular Bonded
3805,23,115,2026-06-22 15:27:13.029400,147.2,7445.0,0.27,99.73,0,Wired IP
3806,294,96,2026-01-15 18:14:40.104567,46.7,8271.0,0.05,99.95,0,WiFi
3807,232,16,2026-04-06 09:31:08.048723,34.4,9190.0,0.02,99.98,0,Satellite Hybrid
3808,194,63,2026-06-15 19:37:55.484479,27.5,8873.0,0.26,99.74,0,Cellular Bonded
3809,68,37,2025-12-14 07:27:43.061028,70.4,12344.0,0.0,100.0,0,Cellular Bonded
3810,259,64,2025-11-14 02:40:55.467510,76.4,6209.0,0.33,99.67,0,Cellular Bonded
3811,231,3,2026-03-05 09:55:51.775753,90.2,6317.0,0.13,99.87,0,Cellular Bonded
3812,77,30,2026-01-02 03:38:02.347078,85.7,7424.0,0.31,99.69,0,WiFi
3813,167,19,2026-03-07 02:20:26.445439,30.3,5266.0,0.47,99.53,0,Satellite Hybrid
3814,210,80,2026-05-17 00:56:33.061169,124.6,4968.0,0.07,99.93,0,Cellular Bonded
3815,203,44,2025-12-27 15:44:30.662576,73.1,10818.0,0.42,99.58,0,Cellular Bonded
3816,24,114,2026-01-30 09:12:36.469029,36.9,7461.0,0.78,99.22,0,Satellite Hybrid
3817,227,1,2026-08-03 14:42:17.406754,126.3,7193.0,0.01,99.99,0,Cellular Bonded
3818,46,36,2025-08-18 07:26:06.996144,45.8,6634.0,0.58,99.42,0,WiFi
3819,13,40,2025-08-30 21:24:06.079659,100.8,8674.0,0.11,99.89,0,Wired IP
3820,159,17,2025-11-30 02:03:29.902734,59.5,10135.0,0.04,99.96,0,WiFi
3821,64,24,2025-08-24 04:32:47.338148,109.0,6480.0,0.07,99.93,0,Cellular Bonded
3822,44,29,2025-10-06 13:12:06.786082,27.2,8048.0,0.18,99.82,0,Cellular Bonded
3823,278,69,2026-07-09 05:49:09.209713,113.5,7688.0,0.13,99.87,0,WiFi
3824,28,90,2025-08-20 15:16:14.292356,87.0,5500.0,0.99,99.01,0,Cellular Bonded
3825,268,77,2026-08-12 13:57:41.663924,65.5,10356.0,0.15,99.85,0,Wired IP
3826,244,28,2025-11-04 15:46:31.651899,116.9,9091.0,0.56,99.44,0,Cellular Bonded
3827,10,67,2025-12-11 04:35:19.142913,68.6,8504.0,1.19,98.81,0,Cellular Bonded
3828,273,46,2026-05-26 21:00:14.981981,96.6,9064.0,0.19,99.81,0,Wired IP
3829,10,67,2026-07-28 14:21:16.781697,29.6,5177.0,1.01,98.99,0,Wired IP
3830,106,99,2026-06-14 10:11:13.077010,36.7,6955.0,0.57,99.43,0,Wired IP
3831,297,11,2026-07-19 18:01:32.099920,131.9,11129.0,0.58,99.42,0,Cellular Bonded
3832,274,35,2026-02-20 20:57:01.610589,62.3,8590.0,0.4,99.6,0,Cellular Bonded
3833,206,45,2026-03-14 13:19:21.744308,139.6,7268.0,2.09,97.91,0,WiFi
3834,252,60,2026-03-14 21:35:23.169399,41.1,10314.0,0.05,99.95,0,Cellular Bonded
3835,12,33,2025-09-21 15:46:01.710337,16.6,10115.0,0.09,99.91,0,Cellular Bonded
3836,93,19,2026-02-02 07:00:10.229382,58.9,6361.0,0.44,99.56,0,Wired IP
3837,271,29,2025-10-14 05:22:10.211885,11.1,7165.0,0.68,99.32,0,WiFi
3838,132,76,2025-11-22 23:16:20.020279,50.5,9144.0,0.21,99.79,0,Wired IP
3839,51,101,2026-07-08 23:41:36.661284,83.6,5687.0,0.11,99.89,0,Cellular Bonded
3840,147,66,2025-11-17 10:42:27.889456,62.8,11563.0,0.65,99.35,0,Cellular Bonded
3841,131,111,2025-11-19 18:39:48.268139,52.9,5288.0,0.54,99.46,0,WiFi
3842,79,113,2025-12-05 20:39:32.330415,157.8,5552.0,0.75,99.25,0,WiFi
3843,209,21,2026-03-14 11:44:11.665271,107.3,9324.0,0.34,99.66,0,Cellular Bonded
3844,31,26,2026-03-13 23:16:35.539135,53.5,5322.0,1.09,98.91,0,Cellular Bonded
3845,167,19,2025-11-05 14:40:50.532408,78.9,8936.0,1.72,98.28,0,Cellular Bonded
3846,30,93,2025-09-15 10:04:52.379188,90.3,7276.0,0.11,99.89,0,Cellular Bonded
3847,51,101,2025-12-14 18:20:07.751945,23.8,10339.0,1.11,98.89,0,WiFi
3848,212,85,2026-02-10 09:10:30.780303,41.1,6186.0,0.52,99.48,0,Cellular Bonded
3849,133,9,2026-02-12 11:29:28.982337,92.4,7377.0,0.33,99.67,0,Cellular Bonded
3850,62,103,2026-07-12 10:02:07.943927,75.7,9198.0,0.54,99.46,0,WiFi
3851,123,95,2026-05-01 19:20:37.254287,119.4,8071.0,0.72,99.28,0,Cellular Bonded
3852,122,14,2026-06-13 09:27:42.636635,101.3,7418.0,0.3,99.7,0,Wired IP
3853,259,64,2025-09-22 01:12:07.369719,116.1,12323.0,0.01,99.99,0,Cellular Bonded
3854,59,36,2026-04-09 16:29:18.423807,170.6,8156.0,0.4,99.6,0,WiFi
3855,163,4,2025-08-31 21:07:56.813316,102.9,9061.0,0.14,99.86,0,Satellite Hybrid
3856,209,21,2026-06-09 07:33:57.832355,63.8,6366.0,0.12,99.88,0,Cellular Bonded
3857,15,43,2026-01-04 12:25:53.764070,43.9,7565.0,0.25,99.75,0,Wired IP
3858,120,58,2026-05-30 00:20:17.592269,107.1,5760.0,0.32,99.68,0,Cellular Bonded
3859,10,67,2026-07-20 18:12:02.502153,63.1,7831.0,0.61,99.39,0,Cellular Bonded
3860,52,73,2025-12-18 07:17:44.478720,48.2,5791.0,0.35,99.65,0,WiFi
3861,285,114,2026-07-05 09:32:53.926465,63.4,1897.0,0.24,99.76,0,Cellular Bonded
3862,65,23,2026-01-23 18:38:41.417619,123.5,3625.0,0.34,99.66,0,WiFi
3863,209,21,2026-07-23 19:34:12.433717,16.7,10305.0,0.12,99.88,0,Cellular Bonded
3864,257,41,2025-10-01 05:46:19.695453,47.2,8637.0,1.19,98.81,0,Cellular Bonded
3865,73,23,2026-05-26 11:04:40.329649,108.9,5254.0,0.02,99.98,0,Cellular Bonded
3866,87,19,2026-05-18 04:06:15.113085,15.0,7870.0,0.73,99.27,0,WiFi
3867,276,82,2026-06-24 07:57:56.280916,49.2,5480.0,0.04,99.96,0,WiFi
3868,285,114,2026-07-23 05:36:52.661481,39.2,3308.0,0.16,99.84,0,Cellular Bonded
3869,1,50,2026-04-06 15:10:51.395036,98.8,10111.0,0.29,99.71,0,WiFi
3870,149,29,2026-04-06 00:20:39.873218,45.6,8030.0,0.03,99.97,0,Cellular Bonded
3871,86,59,2025-09-06 23:56:03.058501,77.8,8483.0,0.01,94.99,1,Cellular Bonded
3872,247,92,2026-02-25 15:49:22.642196,90.3,6616.0,0.75,99.25,0,Cellular Bonded
3873,129,75,2025-12-12 19:14:26.970054,105.5,10300.0,0.08,99.92,0,Cellular Bonded
3874,195,113,2026-03-12 10:54:02.363909,53.4,8184.0,0.21,99.79,0,Cellular Bonded
3875,109,52,2025-12-15 13:04:48.739835,113.3,8369.0,0.3,99.7,0,Cellular Bonded
3876,262,63,2026-04-29 22:50:40.716670,68.3,7067.0,0.16,99.84,0,Satellite Hybrid
3877,83,89,2025-10-13 03:52:42.261921,83.9,6567.0,0.79,99.21,0,Wired IP
3878,289,120,2026-04-21 03:24:46.086766,106.8,4813.0,0.13,99.87,0,WiFi
3879,46,36,2026-08-17 07:36:59.169450,77.9,6838.0,0.23,99.77,0,Wired IP
3880,63,96,2026-08-07 16:57:58.073218,36.1,11498.0,0.94,99.06,0,Cellular Bonded
3881,285,114,2026-05-20 01:19:27.457882,102.6,5801.0,1.02,98.98,0,Cellular Bonded
3882,222,105,2026-03-16 05:30:22.151791,81.9,9393.0,0.17,99.83,0,Cellular Bonded
3883,259,64,2025-09-20 02:56:04.318135,3.1,8808.0,0.55,99.45,0,Cellular Bonded
3884,163,4,2026-01-22 21:53:33.063548,99.6,9098.0,0.31,99.69,0,Cellular Bonded
3885,176,39,2026-06-01 07:03:45.349966,34.6,10184.0,0.89,99.11,0,Cellular Bonded
3886,232,16,2025-10-11 06:27:07.598018,58.6,6702.0,1.25,98.75,0,Wired IP
3887,165,70,2025-12-18 22:52:38.459920,47.5,7074.0,0.17,99.83,0,Cellular Bonded
3888,236,12,2026-02-07 22:39:53.934761,51.6,11888.0,0.61,99.39,0,WiFi
3889,169,108,2026-05-17 07:23:47.848248,112.9,8703.0,0.09,94.91,1,Cellular Bonded
3890,69,12,2026-03-06 08:03:45.659345,32.0,10028.0,0.0,100.0,0,Wired IP
3891,2,35,2025-11-22 01:58:52.749849,27.6,13226.0,0.52,99.48,0,Cellular Bonded
3892,3,33,2026-01-10 17:12:02.959812,114.1,9561.0,0.25,99.75,0,WiFi
3893,89,100,2026-01-23 20:16:50.282290,70.1,8561.0,0.15,99.85,0,Satellite Hybrid
3894,251,58,2026-04-29 23:44:13.441226,60.8,10146.0,0.46,99.54,0,Cellular Bonded
3895,276,82,2026-05-23 09:51:40.739439,70.1,9286.0,0.04,99.96,0,Wired IP
3896,40,117,2026-02-09 19:03:51.090482,127.0,8324.0,0.05,99.95,0,Wired IP
3897,228,117,2025-10-29 13:20:32.193216,126.4,9458.0,0.01,99.99,0,Cellular Bonded
3898,181,92,2026-01-09 13:05:37.011499,88.4,5777.0,0.02,99.98,0,Cellular Bonded
3899,193,62,2026-03-14 19:07:35.934909,109.3,6484.0,0.62,99.38,0,Wired IP
3900,184,92,2026-03-11 02:05:18.138253,57.5,11148.0,0.8,99.2,0,Cellular Bonded
3901,5,61,2026-08-17 05:05:18.898424,50.3,8869.0,0.16,99.84,0,Cellular Bonded
3902,190,3,2026-02-25 14:38:06.862220,59.0,5410.0,0.68,99.32,0,WiFi
3903,228,117,2025-11-14 16:38:03.173644,41.7,6894.0,0.2,94.8,1,Wired IP
3904,11,65,2025-11-23 10:23:20.796616,68.7,5796.0,0.04,99.96,0,Cellular Bonded
3905,184,92,2026-01-22 05:30:36.204196,40.8,6090.0,0.13,99.87,0,Satellite Hybrid
3906,156,65,2026-04-25 04:41:00.150461,75.7,7442.0,0.4,99.6,0,WiFi
3907,114,16,2026-03-16 12:11:38.848788,15.4,6599.0,0.02,99.98,0,Cellular Bonded
3908,253,50,2025-09-28 07:35:27.927778,101.3,8425.0,0.86,99.14,0,Cellular Bonded
3909,19,12,2026-01-16 05:05:49.946136,17.9,7336.0,0.12,99.88,0,Wired IP
3910,108,25,2025-12-29 13:48:59.799959,1.0,8848.0,0.08,94.92,1,WiFi
3911,203,44,2025-10-26 18:35:39.822676,1.0,6306.0,0.12,99.88,0,Cellular Bonded
3912,143,42,2025-12-22 00:05:25.224404,1.0,8508.0,0.49,99.51,0,WiFi
3913,253,50,2026-04-14 11:44:27.372399,113.9,4968.0,0.12,99.88,0,WiFi
3914,100,52,2026-05-26 04:52:06.245049,96.6,6157.0,0.03,99.97,0,Cellular Bonded
3915,290,33,2025-10-19 00:33:35.952056,79.1,11838.0,0.92,99.08,0,Cellular Bonded
3916,290,33,2025-12-23 21:34:22.001791,102.3,5694.0,0.45,99.55,0,Cellular Bonded
3917,66,62,2026-06-14 03:35:11.098230,117.8,9074.0,0.01,99.99,0,WiFi
3918,66,62,2026-06-07 06:59:06.888494,44.6,8105.0,0.21,99.79,0,Wired IP
3919,292,65,2026-04-02 17:23:43.197926,28.1,10659.0,0.34,99.66,0,Satellite Hybrid
3920,268,77,2026-01-26 00:36:13.782854,1.0,10890.0,0.08,99.92,0,WiFi
3921,141,13,2026-07-21 14:42:58.773750,1.0,7716.0,0.07,99.93,0,Satellite Hybrid
3922,12,33,2025-11-11 11:18:51.866036,114.3,11020.0,0.1,99.9,0,Satellite Hybrid
3923,273,46,2026-04-25 10:07:34.198740,54.5,9809.0,0.09,99.91,0,WiFi
3924,287,5,2025-10-14 04:21:15.130607,42.9,6188.0,0.04,99.96,0,Cellular Bonded
3925,2,35,2026-05-11 03:57:52.889773,38.2,7656.0,0.82,99.18,0,Cellular Bonded
3926,27,81,2025-09-18 13:32:17.741850,1.0,11048.0,0.44,99.56,0,Cellular Bonded
3927,166,31,2026-05-15 05:09:59.279063,91.9,9368.0,0.45,99.55,0,Cellular Bonded
3928,209,21,2025-11-14 23:03:28.475947,63.8,11779.0,0.05,99.95,0,Cellular Bonded
3929,266,117,2026-04-01 22:17:56.213924,42.0,9791.0,0.23,99.77,0,WiFi
3930,186,61,2025-10-11 03:30:51.699539,84.7,6234.0,0.47,99.53,0,Cellular Bonded
3931,23,115,2026-06-18 02:44:11.750603,27.7,8390.0,0.23,99.77,0,Cellular Bonded
3932,115,57,2025-12-01 06:07:08.203711,89.8,7255.0,0.34,99.66,0,WiFi
3933,216,99,2025-12-21 13:06:29.346533,12.1,8799.0,0.36,99.64,0,WiFi
3934,162,45,2026-06-07 19:59:35.071685,75.4,7256.0,0.32,94.68,1,Cellular Bonded
3935,100,52,2025-12-07 14:50:54.314489,1.0,9159.0,0.14,99.86,0,WiFi
3936,293,18,2026-02-06 05:48:02.852231,74.3,8884.0,0.75,99.25,0,Wired IP
3937,116,39,2025-12-17 09:16:48.178377,97.4,8031.0,0.09,99.91,0,Satellite Hybrid
3938,217,19,2026-05-15 08:56:43.980026,24.4,9078.0,0.11,99.89,0,Cellular Bonded
3939,128,107,2025-11-03 13:57:09.129157,78.9,4813.0,0.27,99.73,0,Cellular Bonded
3940,169,108,2026-03-05 16:55:19.453848,67.1,5210.0,0.02,99.98,0,Wired IP
3941,50,10,2026-05-19 03:33:10.198452,101.6,6993.0,0.48,94.52,1,WiFi
3942,222,105,2026-03-06 13:44:12.181514,22.3,6182.0,0.21,99.79,0,Cellular Bonded
3943,172,91,2026-04-02 16:10:02.519881,57.1,9820.0,1.79,98.21,0,WiFi
3944,127,93,2026-08-15 11:14:26.312193,74.4,6468.0,0.13,99.87,0,Cellular Bonded
3945,123,95,2026-04-28 23:12:42.751946,78.2,7517.0,0.28,99.72,0,WiFi
3946,28,90,2026-04-19 04:19:32.220265,72.5,3497.0,0.17,99.83,0,Cellular Bonded
3947,267,84,2026-01-02 17:09:26.494472,43.7,4294.0,0.43,99.57,0,Cellular Bonded
3948,38,68,2026-07-14 23:30:14.734557,30.6,7897.0,0.01,99.99,0,Wired IP
3949,225,15,2026-02-26 12:59:13.736629,88.7,10367.0,0.8,99.2,0,WiFi
3950,229,54,2025-11-19 11:45:51.139239,104.1,9036.0,0.2,99.8,0,Satellite Hybrid
3951,44,29,2025-09-09 04:20:35.263750,61.7,8139.0,0.78,99.22,0,Cellular Bonded
3952,18,13,2025-10-30 12:00:41.459146,48.7,9972.0,0.16,99.84,0,Cellular Bonded
3953,34,34,2026-04-29 11:57:49.843862,122.8,11261.0,0.13,99.87,0,Wired IP
3954,32,74,2025-11-25 06:24:26.399491,71.3,6408.0,0.26,99.74,0,Cellular Bonded
3955,227,1,2026-02-03 23:13:28.273672,85.3,6197.0,0.99,99.01,0,Cellular Bonded
3956,222,105,2026-07-29 06:22:29.074560,65.2,7129.0,0.29,99.71,0,Cellular Bonded
3957,29,8,2025-09-11 13:10:55.143779,82.4,8399.0,0.24,99.76,0,WiFi
3958,151,38,2026-04-16 07:13:16.673397,48.9,13416.0,0.02,99.98,0,WiFi
3959,206,45,2026-04-17 06:04:37.128604,15.1,6450.0,1.18,98.82,0,WiFi
3960,211,118,2026-07-17 11:19:41.731480,79.4,10813.0,1.6,98.4,0,Wired IP
3961,6,51,2025-12-27 17:35:12.789556,102.4,5400.0,1.58,98.42,0,Cellular Bonded
3962,238,96,2025-09-26 14:57:14.106502,130.1,9160.0,0.12,99.88,0,Cellular Bonded
3963,52,73,2025-12-03 00:15:48.398004,67.9,13381.0,0.01,99.99,0,Wired IP
3964,14,74,2026-07-06 17:10:25.448981,73.5,13358.0,0.13,99.87,0,WiFi
3965,169,108,2026-01-06 08:02:09.283686,121.3,5640.0,0.46,99.54,0,Cellular Bonded
3966,56,49,2026-08-10 21:38:50.515306,63.9,10234.0,0.2,99.8,0,Wired IP
3967,35,115,2026-02-19 21:01:22.429853,133.0,6814.0,0.43,99.57,0,Cellular Bonded
3968,100,52,2026-05-04 07:16:35.628787,64.3,8613.0,0.2,99.8,0,Wired IP
3969,65,23,2026-07-14 04:30:30.070600,139.3,8662.0,0.75,99.25,0,Cellular Bonded
3970,132,76,2026-02-11 03:49:37.612639,61.6,8283.0,0.15,99.85,0,Cellular Bonded
3971,247,92,2026-03-24 04:56:48.300189,107.5,4914.0,1.23,98.77,0,Cellular Bonded
3972,228,117,2025-09-19 08:52:01.011423,121.5,6797.0,0.23,99.77,0,Wired IP
3973,71,55,2025-10-29 20:03:32.620151,1.0,8115.0,1.42,98.58,0,Cellular Bonded
3974,31,26,2026-08-06 03:44:30.952037,39.3,6660.0,2.13,97.87,0,WiFi
3975,300,63,2026-03-10 21:52:57.042141,113.0,7160.0,0.32,99.68,0,Cellular Bonded
3976,184,92,2026-05-05 07:38:07.685736,99.5,10134.0,0.28,99.72,0,Cellular Bonded
3977,278,69,2025-09-01 17:59:26.173347,86.3,10410.0,0.73,99.27,0,WiFi
3978,76,105,2026-07-20 21:41:34.733733,35.7,2275.0,0.14,99.86,0,WiFi
3979,176,39,2025-12-07 13:10:45.192930,58.1,10020.0,1.14,98.86,0,Cellular Bonded
3980,5,61,2026-02-13 02:00:12.423089,163.2,9379.0,0.12,99.88,0,Cellular Bonded
3981,75,99,2026-05-16 23:17:55.354214,92.1,8204.0,0.41,99.59,0,Cellular Bonded
3982,260,27,2025-08-24 22:40:46.993518,94.0,7971.0,0.32,99.68,0,Satellite Hybrid
3983,287,5,2026-04-25 00:56:44.880537,25.4,10932.0,0.48,99.52,0,Cellular Bonded
3984,217,19,2025-12-25 23:10:29.996891,102.7,9211.0,0.08,99.92,0,Satellite Hybrid
3985,103,16,2025-12-06 14:23:21.248500,44.5,8521.0,0.36,99.64,0,Cellular Bonded
3986,104,117,2026-08-16 19:35:18.909765,35.3,7017.0,0.11,99.89,0,WiFi
3987,175,19,2026-08-10 11:05:24.644326,83.8,8362.0,0.02,99.98,0,WiFi
3988,244,28,2025-11-26 22:40:47.841867,22.7,10203.0,0.52,99.48,0,WiFi
3989,240,72,2025-09-09 20:59:09.105519,141.3,6972.0,0.24,99.76,0,Cellular Bonded
3990,170,54,2025-11-20 07:14:23.984161,103.4,7797.0,0.19,99.81,0,Cellular Bonded
3991,290,33,2026-01-06 13:42:26.776562,121.8,9521.0,0.53,99.47,0,Cellular Bonded
3992,154,112,2026-08-18 06:15:32.823916,45.1,12706.0,0.3,99.7,0,Satellite Hybrid
3993,84,86,2026-08-14 18:14:22.679383,95.2,9321.0,0.42,99.58,0,Satellite Hybrid
3994,22,2,2026-07-28 21:15:54.851126,26.1,7152.0,1.27,98.73,0,Cellular Bonded
3995,2,35,2026-07-30 16:53:32.515841,127.6,9032.0,0.03,99.97,0,Wired IP
3996,118,53,2025-11-08 14:02:32.566192,90.0,9692.0,0.01,99.99,0,Cellular Bonded
3997,110,85,2025-12-21 00:05:46.329172,68.0,6364.0,0.51,99.49,0,Cellular Bonded
3998,170,54,2026-01-08 15:26:04.950271,45.9,12617.0,0.67,99.33,0,Cellular Bonded
3999,193,62,2025-10-07 08:15:24.053895,15.2,4964.0,0.91,99.09,0,Cellular Bonded
4000,95,9,2026-05-11 16:15:19.940102,45.4,7749.0,0.18,99.82,0,WiFi
4001,4,33,2026-02-24 07:42:34.531572,34.7,9771.0,0.21,99.79,0,Cellular Bonded
4002,38,68,2026-04-22 17:36:27.208413,69.6,9323.0,0.56,99.44,0,WiFi
4003,285,114,2026-07-02 19:25:26.637667,52.9,10394.0,0.73,99.27,0,WiFi
4004,149,29,2026-04-25 20:19:28.808659,39.6,9663.0,0.42,99.58,0,Cellular Bonded
4005,300,63,2026-01-17 13:57:43.403093,71.6,13283.0,0.52,99.48,0,Cellular Bonded
4006,185,72,2026-03-15 08:51:45.703539,122.2,10064.0,0.06,99.94,0,Cellular Bonded
4007,16,44,2026-01-20 21:57:51.008814,43.6,12241.0,0.88,99.12,0,Cellular Bonded
4008,146,27,2025-12-10 06:29:39.454270,69.8,7077.0,0.46,99.54,0,Satellite Hybrid
4009,135,58,2026-03-27 05:20:02.308159,75.3,12946.0,0.47,99.53,0,Cellular Bonded
4010,174,90,2026-01-29 04:52:28.757185,16.0,6605.0,0.04,99.96,0,Cellular Bonded
4011,126,87,2025-10-05 08:10:18.367700,26.6,6095.0,0.72,99.28,0,Cellular Bonded
4012,12,33,2026-04-13 10:00:29.312143,5.2,2795.0,0.22,99.78,0,Cellular Bonded
4013,135,58,2026-03-18 08:06:29.218238,90.5,7109.0,0.07,99.93,0,Cellular Bonded
4014,11,65,2026-04-24 22:38:38.865133,1.0,10154.0,0.22,99.78,0,WiFi
4015,71,55,2025-10-31 02:09:11.701024,68.4,8297.0,0.11,99.89,0,Wired IP
4016,57,99,2025-10-07 15:41:39.964079,22.3,6896.0,0.28,99.72,0,WiFi
4017,108,25,2026-04-26 13:55:24.540751,73.9,6266.0,0.78,99.22,0,Cellular Bonded
4018,123,95,2026-07-12 06:41:53.711383,31.4,12050.0,0.21,99.79,0,Cellular Bonded
4019,191,77,2026-07-16 06:21:50.241776,5.8,11311.0,0.71,99.29,0,Wired IP
4020,270,112,2026-01-22 05:29:51.009631,63.5,7284.0,0.52,99.48,0,Wired IP
4021,223,49,2026-07-16 01:27:08.588005,80.9,11498.0,0.01,99.99,0,WiFi
4022,34,34,2026-05-26 08:05:55.022011,73.6,10857.0,0.06,99.94,0,Cellular Bonded
4023,67,96,2026-04-14 18:56:29.500466,74.3,6257.0,0.13,99.87,0,Wired IP
4024,99,95,2026-03-12 10:17:58.546602,61.6,2399.0,0.03,99.97,0,Cellular Bonded
4025,192,92,2025-10-14 22:22:22.320030,111.5,10175.0,0.11,99.89,0,Cellular Bonded
4026,220,18,2025-09-11 23:50:14.973539,47.4,10910.0,0.06,99.94,0,Cellular Bonded
4027,126,87,2026-02-28 18:58:34.261039,111.1,3941.0,1.21,98.79,0,Cellular Bonded
4028,97,28,2026-05-07 20:42:39.177001,70.0,4896.0,0.13,99.87,0,Cellular Bonded
4029,151,38,2025-10-24 10:55:21.538686,96.4,8426.0,0.72,99.28,0,Cellular Bonded
4030,168,61,2026-06-20 16:44:40.261061,35.0,9846.0,0.14,99.86,0,Wired IP
4031,144,9,2025-10-10 08:38:27.920181,58.5,7145.0,0.35,99.65,0,Wired IP
4032,261,118,2025-08-29 00:01:25.705996,56.3,5574.0,0.13,99.87,0,Cellular Bonded
4033,251,58,2025-12-12 13:43:45.665804,88.6,9357.0,0.1,99.9,0,Cellular Bonded
4034,42,109,2026-08-08 09:13:28.692248,60.3,5116.0,0.11,99.89,0,Cellular Bonded
4035,34,34,2026-08-04 02:43:21.854268,13.8,6726.0,0.56,99.44,0,Cellular Bonded
4036,199,38,2025-12-06 23:20:31.209579,76.3,11442.0,0.71,99.29,0,Cellular Bonded
4037,261,118,2026-05-17 09:58:42.272149,68.7,8515.0,0.15,99.85,0,Cellular Bonded
4038,266,117,2026-06-14 04:35:21.184923,67.6,8204.0,0.68,99.32,0,Satellite Hybrid
4039,165,70,2026-04-07 17:06:57.509314,20.3,12225.0,0.34,99.66,0,Cellular Bonded
4040,270,112,2026-05-14 18:17:06.719538,15.1,9810.0,0.25,99.75,0,Cellular Bonded
4041,254,28,2025-10-12 17:00:39.874368,70.8,7688.0,0.3,99.7,0,Wired IP
4042,298,85,2025-10-25 20:12:00.578597,35.2,6650.0,0.01,99.99,0,Cellular Bonded
4043,299,26,2025-10-05 06:11:22.504436,193.6,5814.0,0.06,99.94,0,Cellular Bonded
4044,107,12,2025-08-27 19:14:34.653121,86.0,9005.0,0.61,99.39,0,WiFi
4045,104,117,2026-08-13 03:38:20.045875,54.3,3595.0,0.25,99.75,0,Wired IP
4046,121,39,2026-03-31 10:45:54.164833,70.0,9413.0,0.06,99.94,0,Cellular Bonded
4047,157,86,2026-03-27 07:23:53.836092,101.0,7178.0,0.07,99.93,0,Cellular Bonded
4048,194,63,2026-03-29 18:36:02.031219,88.8,7476.0,0.28,99.72,0,Satellite Hybrid
4049,192,92,2026-03-23 22:24:48.825070,16.7,6908.0,0.1,99.9,0,WiFi
4050,44,29,2025-11-10 12:44:07.772895,64.3,10446.0,0.18,99.82,0,WiFi
4051,44,29,2025-08-27 18:14:47.712857,54.7,8242.0,0.17,99.83,0,WiFi
4052,266,117,2025-09-16 06:00:08.837369,79.4,8139.0,0.8,99.2,0,Cellular Bonded
4053,299,26,2026-05-29 21:44:52.691728,29.1,11093.0,0.46,99.54,0,Satellite Hybrid
4054,263,17,2025-10-06 04:26:56.289186,112.2,8025.0,0.49,99.51,0,Wired IP
4055,219,57,2026-06-23 02:42:16.663033,28.7,4739.0,0.39,99.61,0,Wired IP
4056,222,105,2026-02-05 08:32:22.729241,51.5,7769.0,0.24,99.76,0,Cellular Bonded
4057,255,92,2026-04-12 08:33:55.798689,90.6,10106.0,1.34,98.66,0,WiFi
4058,196,25,2025-10-24 09:31:55.025755,103.7,4554.0,0.45,94.55,1,Wired IP
4059,227,1,2026-01-06 16:14:43.692401,53.3,7142.0,0.07,99.93,0,Satellite Hybrid
4060,39,58,2026-02-07 05:04:31.111173,80.1,5788.0,0.65,99.35,0,Cellular Bonded
4061,43,75,2025-10-17 00:38:50.182611,98.7,8310.0,0.34,99.66,0,Cellular Bonded
4062,257,41,2025-11-08 20:05:26.222539,81.0,2751.0,0.07,99.93,0,Satellite Hybrid
4063,41,114,2026-01-14 09:21:16.839516,5.8,5195.0,1.07,98.93,0,Wired IP
4064,117,109,2026-08-06 21:28:17.617235,1.0,6981.0,0.5,99.5,0,Cellular Bonded
4065,37,7,2026-07-22 01:25:16.085390,50.6,6200.0,0.23,99.77,0,Cellular Bonded
4066,280,25,2026-07-31 02:22:06.352397,119.1,11868.0,0.08,99.92,0,Wired IP
4067,101,83,2025-11-07 11:30:35.788949,50.4,7826.0,0.1,99.9,0,WiFi
4068,129,75,2026-04-20 07:17:46.598691,79.8,13917.0,0.57,99.43,0,WiFi
4069,141,13,2025-10-31 06:44:17.651436,118.8,10259.0,0.04,99.96,0,Cellular Bonded
4070,71,55,2025-10-31 21:52:54.532976,54.9,5051.0,0.05,99.95,0,Cellular Bonded
4071,279,47,2025-10-21 21:05:47.154978,53.7,5822.0,0.02,99.98,0,Cellular Bonded
4072,5,61,2026-08-01 17:48:06.284838,49.4,4287.0,0.5,99.5,0,Cellular Bonded
4073,145,50,2026-01-25 14:16:53.325936,91.3,9102.0,0.42,99.58,0,Cellular Bonded
4074,207,61,2026-03-31 11:45:13.569264,142.8,6198.0,1.54,98.46,0,Wired IP
4075,297,11,2026-04-26 08:03:32.491097,129.2,4390.0,0.89,99.11,0,WiFi
4076,7,43,2026-06-30 15:30:05.983093,1.0,7632.0,0.06,99.94,0,Cellular Bonded
4077,263,17,2026-07-08 05:50:05.478361,51.8,9007.0,0.51,99.49,0,Cellular Bonded
4078,77,30,2026-01-21 07:31:10.660721,110.0,11113.0,0.13,99.87,0,Cellular Bonded
4079,117,109,2026-05-28 14:06:26.980562,58.1,7319.0,0.87,99.13,0,Cellular Bonded
4080,108,25,2026-03-28 03:46:17.158941,89.5,5814.0,0.15,99.85,0,Cellular Bonded
4081,265,33,2026-06-15 03:37:49.921681,29.8,10115.0,0.91,99.09,0,Satellite Hybrid
4082,283,56,2026-05-08 03:22:22.022353,1.0,8683.0,0.72,99.28,0,Satellite Hybrid
4083,237,74,2026-01-09 02:51:35.934460,48.6,6800.0,0.25,99.75,0,WiFi
4084,44,29,2026-07-27 01:28:54.371431,72.1,9191.0,0.28,99.72,0,Cellular Bonded
4085,97,28,2026-03-15 00:24:58.455878,15.2,7781.0,0.04,99.96,0,Cellular Bonded
4086,214,101,2026-03-01 22:59:32.337988,90.1,8243.0,0.14,99.86,0,Cellular Bonded
4087,231,3,2026-04-09 08:56:49.306058,98.6,7906.0,0.22,99.78,0,Cellular Bonded
4088,16,44,2026-05-02 06:25:23.806136,58.7,4915.0,0.65,99.35,0,Cellular Bonded
4089,296,49,2025-09-01 07:07:23.678798,164.6,8757.0,0.24,99.76,0,Cellular Bonded
4090,157,86,2025-09-27 03:26:13.406522,69.9,9966.0,0.52,99.48,0,Satellite Hybrid
4091,5,61,2026-02-01 00:36:27.818070,64.9,8044.0,0.22,99.78,0,Cellular Bonded
4092,182,58,2026-07-04 15:48:09.638232,10.5,5898.0,1.58,98.42,0,Wired IP
4093,215,36,2026-07-04 15:54:58.740105,18.9,5290.0,0.04,99.96,0,Wired IP
4094,207,61,2025-11-15 22:28:44.153217,108.6,3191.0,0.92,99.08,0,Cellular Bonded
4095,276,82,2026-03-02 13:58:17.183704,52.9,11318.0,0.48,99.52,0,Cellular Bonded
4096,12,33,2026-08-12 09:01:20.298658,2.3,11322.0,0.12,99.88,0,Cellular Bonded
4097,17,29,2025-09-01 13:36:11.812646,29.2,11612.0,0.69,99.31,0,Cellular Bonded
4098,79,113,2026-01-06 15:41:54.504971,116.0,6555.0,0.27,99.73,0,Wired IP
4099,170,54,2026-05-24 13:15:23.128608,6.5,9271.0,0.34,99.66,0,Cellular Bonded
4100,294,96,2026-08-04 14:57:14.856724,24.3,6367.0,0.42,99.58,0,Cellular Bonded
4101,196,25,2025-10-26 12:59:33.444158,25.6,4934.0,0.0,100.0,0,Cellular Bonded
4102,201,6,2026-01-25 16:38:07.091249,23.3,6226.0,0.05,99.95,0,Cellular Bonded
4103,198,33,2026-07-07 01:53:35.435963,84.9,10273.0,0.26,99.74,0,Wired IP
4104,56,49,2026-05-27 15:52:29.094905,62.6,7541.0,0.69,99.31,0,Satellite Hybrid
4105,232,16,2025-11-30 14:36:27.581597,59.0,9332.0,1.63,98.37,0,Cellular Bonded
4106,156,65,2025-10-18 00:18:13.848871,15.4,10132.0,0.06,99.94,0,Satellite Hybrid
4107,54,64,2025-12-03 17:07:14.972803,107.8,4897.0,0.31,99.69,0,Cellular Bonded
4108,91,61,2026-07-19 17:19:52.188174,80.4,4972.0,0.71,94.29,1,Satellite Hybrid
4109,251,58,2026-04-27 02:22:17.976732,75.4,14096.0,0.2,94.8,1,Cellular Bonded
4110,102,111,2026-07-14 02:47:15.295776,8.6,2264.0,0.28,99.72,0,WiFi
4111,198,33,2026-02-03 11:07:04.992929,142.6,7114.0,0.16,99.84,0,Cellular Bonded
4112,120,58,2026-04-11 02:11:27.080882,49.1,10111.0,1.33,98.67,0,Cellular Bonded
4113,269,92,2025-09-20 06:04:10.873806,56.0,4006.0,0.64,99.36,0,WiFi
4114,30,93,2026-02-16 23:57:51.346721,43.8,6362.0,0.34,99.66,0,Cellular Bonded
4115,6,51,2025-10-22 20:41:28.904540,46.5,1303.0,0.36,99.64,0,Cellular Bonded
4116,211,118,2026-03-19 22:48:19.627955,51.3,5161.0,0.03,99.97,0,Cellular Bonded
4117,57,99,2026-07-10 16:53:36.181129,39.3,7326.0,0.35,99.65,0,Satellite Hybrid
4118,215,36,2026-03-05 16:46:19.831936,1.0,7838.0,0.18,99.82,0,Cellular Bonded
4119,36,105,2026-01-08 17:21:47.356659,1.0,5831.0,0.45,99.55,0,Cellular Bonded
4120,106,99,2025-12-14 07:32:58.846887,31.3,3135.0,0.0,100.0,0,Cellular Bonded
4121,106,99,2025-08-27 07:58:31.485331,54.5,9525.0,0.22,99.78,0,WiFi
4122,244,28,2026-01-30 20:24:00.603372,75.6,7368.0,0.11,99.89,0,Satellite Hybrid
4123,295,111,2026-07-11 12:57:05.419802,89.7,8708.0,0.37,99.63,0,Cellular Bonded
4124,104,117,2026-07-11 05:44:41.061499,10.6,8824.0,0.47,99.53,0,Cellular Bonded
4125,235,75,2026-07-06 09:41:34.923402,145.0,9939.0,0.92,99.08,0,Cellular Bonded
4126,4,33,2025-09-20 03:46:54.459334,41.4,9222.0,0.07,99.93,0,Cellular Bonded
4127,229,54,2025-12-14 12:55:39.268754,133.3,11110.0,0.55,99.45,0,Cellular Bonded
4128,205,32,2026-04-11 23:52:24.785601,17.9,9157.0,0.1,99.9,0,Cellular Bonded
4129,127,93,2026-05-04 22:52:45.736992,66.9,12196.0,0.11,99.89,0,Satellite Hybrid
4130,292,65,2025-10-17 02:27:59.400912,105.8,6899.0,0.3,99.7,0,Cellular Bonded
4131,236,12,2026-05-12 21:48:12.031785,42.0,12487.0,0.11,99.89,0,WiFi
4132,21,46,2025-09-20 12:38:39.117512,35.9,4726.0,0.4,99.6,0,Cellular Bonded
4133,148,5,2026-05-03 00:56:43.241437,103.7,7833.0,0.46,99.54,0,Cellular Bonded
4134,234,57,2026-04-06 16:48:16.135731,85.2,8464.0,0.08,99.92,0,Cellular Bonded
4135,153,8,2025-09-18 09:05:18.992082,87.4,6953.0,0.51,99.49,0,WiFi
4136,90,12,2026-05-03 10:09:55.646385,62.6,7670.0,0.2,99.8,0,Satellite Hybrid
4137,92,105,2026-05-10 13:50:02.363492,42.1,10841.0,0.26,99.74,0,WiFi
4138,222,105,2026-08-09 05:20:04.059889,37.0,6302.0,0.36,99.64,0,Cellular Bonded
4139,94,76,2026-03-29 16:03:51.770192,59.1,9162.0,0.57,99.43,0,Satellite Hybrid
4140,49,36,2025-10-15 14:35:45.597762,48.2,7128.0,0.16,99.84,0,Satellite Hybrid
4141,23,115,2026-03-07 03:16:46.843951,124.6,12345.0,0.05,99.95,0,Satellite Hybrid
4142,81,84,2025-09-03 06:22:50.987626,99.1,7522.0,0.97,99.03,0,WiFi
4143,276,82,2025-10-19 14:50:16.342391,38.7,8868.0,0.04,99.96,0,WiFi
4144,35,115,2025-12-18 14:20:06.260807,6.5,2511.0,0.75,99.25,0,Satellite Hybrid
4145,112,53,2026-07-02 07:11:35.438045,44.5,6576.0,0.0,100.0,0,WiFi
4146,211,118,2026-06-29 03:33:37.696318,90.9,7948.0,0.5,99.5,0,Cellular Bonded
4147,284,30,2025-10-16 10:05:02.803998,65.3,4877.0,1.04,98.96,0,Cellular Bonded
4148,189,1,2025-10-10 00:37:14.906856,43.6,10314.0,0.13,99.87,0,Wired IP
4149,54,64,2026-05-26 00:16:23.942677,70.3,7059.0,0.02,99.98,0,WiFi
4150,167,19,2025-09-05 23:15:01.948559,56.0,7531.0,0.28,99.72,0,Cellular Bonded
4151,85,13,2025-12-08 16:38:31.376720,77.7,14154.0,0.06,99.94,0,WiFi
4152,260,27,2026-05-11 18:38:21.295628,1.0,5359.0,0.09,99.91,0,Cellular Bonded
4153,14,74,2026-08-04 00:42:25.455939,55.5,6994.0,0.04,99.96,0,Cellular Bonded
4154,237,74,2025-12-01 15:42:58.054395,65.7,5742.0,0.23,99.77,0,Cellular Bonded
4155,205,32,2025-10-23 04:47:31.372964,82.4,5202.0,0.2,99.8,0,Cellular Bonded
4156,204,45,2026-07-12 05:48:40.142364,58.2,9882.0,0.36,94.64,1,Wired IP
4157,129,75,2026-08-03 20:02:39.083901,113.4,7077.0,0.98,99.02,0,Cellular Bonded
4158,70,113,2025-08-19 12:40:22.699762,98.6,6467.0,0.92,99.08,0,WiFi
4159,238,96,2026-05-24 15:19:24.381419,67.2,5588.0,0.34,99.66,0,Cellular Bonded
4160,35,115,2025-08-22 16:40:23.261527,54.1,7493.0,0.19,99.81,0,WiFi
4161,125,35,2026-02-15 21:25:01.028003,94.6,6156.0,0.06,99.94,0,Cellular Bonded
4162,225,15,2026-02-16 06:18:21.989601,35.2,9033.0,0.36,99.64,0,WiFi
4163,143,42,2026-06-08 23:47:54.684451,77.2,14373.0,0.73,99.27,0,Wired IP
4164,88,49,2026-03-28 04:14:39.441274,87.4,5666.0,0.03,99.97,0,Cellular Bonded
4165,52,73,2026-02-14 08:57:51.308203,1.0,8948.0,0.06,99.94,0,Wired IP
4166,64,24,2025-11-05 09:44:40.056760,8.7,5496.0,0.78,99.22,0,Satellite Hybrid
4167,201,6,2026-04-15 23:19:01.644272,53.6,4985.0,1.05,98.95,0,Wired IP
4168,6,51,2026-01-30 20:54:21.947279,59.1,7320.0,0.07,99.93,0,Cellular Bonded
4169,79,113,2026-01-26 12:58:25.521442,31.5,10559.0,0.57,99.43,0,WiFi
4170,92,105,2026-03-25 16:57:20.447598,1.0,5785.0,0.46,99.54,0,WiFi
4171,18,13,2025-08-20 15:18:26.577112,81.3,7094.0,0.02,99.98,0,Cellular Bonded
4172,273,46,2026-07-06 06:21:31.561003,40.2,8081.0,2.35,97.65,0,WiFi
4173,25,35,2025-11-27 18:15:27.760273,47.1,9320.0,0.04,99.96,0,Cellular Bonded
4174,268,77,2026-04-04 17:10:16.344155,90.4,11136.0,0.4,99.6,0,WiFi
4175,53,24,2026-06-13 14:46:19.535745,92.5,5097.0,0.2,99.8,0,Cellular Bonded
4176,158,116,2025-11-02 00:49:33.979587,88.7,6499.0,0.91,99.09,0,Cellular Bonded
4177,3,33,2025-10-24 17:05:49.648674,70.5,8835.0,1.26,98.74,0,Wired IP
4178,194,63,2025-09-07 08:08:03.649781,33.9,7199.0,0.28,99.72,0,Cellular Bonded
4179,128,107,2025-12-23 15:28:12.671793,47.7,6578.0,0.44,99.56,0,Cellular Bonded
4180,123,95,2025-10-10 07:20:27.003768,88.3,3549.0,0.05,99.95,0,WiFi
4181,9,12,2025-08-30 01:51:27.530273,27.4,9760.0,0.37,99.63,0,Cellular Bonded
4182,8,101,2026-03-17 06:22:06.762143,60.4,7434.0,3.03,96.97,0,Cellular Bonded
4183,99,95,2026-03-26 11:04:52.343728,112.9,8055.0,0.14,99.86,0,Cellular Bonded
4184,33,90,2025-12-17 02:34:20.584841,51.9,9644.0,0.42,99.58,0,WiFi
4185,50,10,2025-09-19 06:04:51.957916,87.7,10742.0,0.9,99.1,0,Wired IP
4186,86,59,2025-09-26 23:40:54.111400,89.8,5742.0,0.03,99.97,0,Cellular Bonded
4187,23,115,2026-08-15 23:47:44.005231,115.5,5613.0,0.34,99.66,0,Cellular Bonded
4188,56,49,2025-10-16 03:10:22.306796,142.2,9837.0,0.85,99.15,0,Cellular Bonded
4189,166,31,2025-11-30 01:10:04.680124,106.7,5233.0,0.01,99.99,0,Cellular Bonded
4190,98,78,2026-04-16 12:03:19.693547,91.8,5222.0,0.13,99.87,0,Satellite Hybrid
4191,278,69,2026-04-30 17:03:04.860775,51.4,2867.0,0.09,99.91,0,Cellular Bonded
4192,220,18,2026-03-15 03:27:58.516009,29.6,4438.0,0.33,99.67,0,Wired IP
4193,110,85,2026-03-11 10:55:59.983712,46.3,8293.0,0.42,99.58,0,Cellular Bonded
4194,166,31,2026-08-05 23:22:40.878220,61.9,13702.0,0.37,99.63,0,WiFi
4195,206,45,2026-05-18 18:36:49.238587,76.7,9051.0,0.34,99.66,0,WiFi
4196,7,43,2025-12-27 17:19:11.002495,79.0,6559.0,1.54,98.46,0,Cellular Bonded
4197,235,75,2025-08-31 07:42:52.447545,37.5,7732.0,0.6,99.4,0,Wired IP
4198,143,42,2026-05-25 18:37:26.873362,1.0,7927.0,0.95,99.05,0,Cellular Bonded
4199,189,1,2025-12-14 01:57:02.560423,55.3,10198.0,0.33,99.67,0,Cellular Bonded
4200,112,53,2026-07-11 20:56:37.886331,88.2,8380.0,1.21,98.79,0,WiFi
4201,256,101,2026-06-13 16:01:40.747571,42.4,5378.0,0.27,99.73,0,Wired IP
4202,53,24,2026-05-22 02:24:04.703947,82.0,8046.0,1.65,98.35,0,Satellite Hybrid
4203,292,65,2026-06-22 01:55:23.972429,81.9,10352.0,0.75,99.25,0,Cellular Bonded
4204,49,36,2025-09-10 22:32:03.510390,15.7,9465.0,0.05,99.95,0,Wired IP
4205,199,38,2026-02-06 02:31:44.142149,13.5,9754.0,0.2,99.8,0,Wired IP
4206,69,12,2025-10-01 18:45:43.293750,63.5,8342.0,0.48,99.52,0,WiFi
4207,163,4,2026-06-27 22:57:35.943156,100.4,4634.0,0.2,99.8,0,Cellular Bonded
4208,247,92,2025-12-16 09:54:14.850940,1.0,10810.0,0.25,99.75,0,Cellular Bonded
4209,10,67,2026-01-16 06:38:16.374166,121.2,9459.0,0.22,99.78,0,Wired IP
4210,300,63,2025-11-02 20:10:05.791151,70.0,6437.0,0.35,99.65,0,Cellular Bonded
4211,262,63,2025-11-02 13:12:31.194932,74.3,7605.0,0.31,99.69,0,Cellular Bonded
4212,120,58,2025-09-08 11:28:27.230387,102.5,7490.0,0.18,99.82,0,Wired IP
4213,7,43,2026-03-14 19:26:43.738078,77.7,3192.0,0.06,99.94,0,WiFi
4214,64,24,2026-08-10 17:46:01.521055,73.7,12275.0,0.01,99.99,0,Cellular Bonded
4215,220,18,2026-02-27 07:48:05.745948,47.1,4460.0,0.78,99.22,0,WiFi
4216,41,114,2025-09-19 05:47:32.946390,67.6,10300.0,0.3,99.7,0,Wired IP
4217,192,92,2026-05-09 13:18:21.412132,88.4,13432.0,0.55,99.45,0,Cellular Bonded
4218,104,117,2026-03-27 00:09:26.785666,68.5,10614.0,0.37,99.63,0,Cellular Bonded
4219,105,69,2026-06-01 22:58:38.202638,37.8,3583.0,0.21,99.79,0,WiFi
4220,122,14,2026-05-03 06:01:02.418298,31.3,6558.0,0.35,99.65,0,Satellite Hybrid
4221,228,117,2026-01-21 03:07:15.387249,56.3,10153.0,0.42,99.58,0,Cellular Bonded
4222,169,108,2026-06-23 17:14:43.767023,47.8,9090.0,0.2,99.8,0,Cellular Bonded
4223,163,4,2025-11-21 00:35:33.384027,72.3,8428.0,0.19,99.81,0,Cellular Bonded
4224,21,46,2026-03-16 04:31:24.533821,81.9,8765.0,0.39,99.61,0,Wired IP
4225,213,75,2026-04-02 17:56:18.340805,22.9,7115.0,0.08,99.92,0,WiFi
4226,148,5,2026-07-22 16:03:15.966135,20.0,7243.0,0.14,99.86,0,Cellular Bonded
4227,118,53,2026-03-30 11:29:28.822209,55.3,9296.0,0.1,99.9,0,WiFi
4228,170,54,2026-02-15 10:38:05.988677,79.9,10484.0,0.12,99.88,0,Wired IP
4229,106,99,2026-05-11 10:04:47.149240,1.0,8523.0,0.37,99.63,0,WiFi
4230,128,107,2026-02-15 22:24:40.973614,95.2,8421.0,0.4,99.6,0,Wired IP
4231,114,16,2026-06-09 04:24:18.011224,1.0,10229.0,0.3,99.7,0,Cellular Bonded
4232,196,25,2026-07-06 19:27:48.792622,94.6,6127.0,0.43,99.57,0,Cellular Bonded
4233,94,76,2025-11-11 04:35:10.908897,20.5,7518.0,0.77,99.23,0,Cellular Bonded
4234,4,33,2025-12-02 06:40:32.517297,110.1,12066.0,0.26,99.74,0,Cellular Bonded
4235,252,60,2025-10-27 21:27:10.190090,115.8,7005.0,0.57,99.43,0,WiFi
4236,99,95,2025-09-30 09:19:45.716980,40.6,9072.0,0.04,99.96,0,Wired IP
4237,73,23,2026-02-03 22:33:57.010358,84.6,10275.0,0.37,99.63,0,Cellular Bonded
4238,65,23,2026-06-05 01:51:48.306308,92.5,5174.0,0.98,99.02,0,Cellular Bonded
4239,282,10,2026-05-14 10:39:08.384377,21.9,5689.0,0.01,99.99,0,Cellular Bonded
4240,105,69,2025-11-01 22:08:18.790581,75.0,10057.0,0.26,99.74,0,Wired IP
4241,41,114,2026-03-30 20:24:36.408867,98.1,7738.0,0.57,99.43,0,Cellular Bonded
4242,240,72,2026-01-16 14:17:47.638251,1.0,8160.0,0.06,99.94,0,Cellular Bonded
4243,102,111,2025-09-03 20:16:35.913157,76.9,9149.0,0.13,99.87,0,Cellular Bonded
4244,91,61,2025-12-23 20:59:29.192150,12.8,12533.0,0.28,99.72,0,WiFi
4245,156,65,2026-06-08 11:26:11.065914,10.1,7637.0,0.29,99.71,0,Cellular Bonded
4246,230,118,2025-11-03 18:00:19.912802,25.2,4975.0,0.23,99.77,0,Wired IP
4247,104,117,2026-04-09 02:09:10.028718,99.6,11017.0,0.25,99.75,0,Cellular Bonded
4248,247,92,2026-04-27 02:55:59.751806,107.3,6653.0,0.2,99.8,0,Satellite Hybrid
4249,185,72,2025-11-19 02:39:47.246380,50.8,8468.0,0.37,99.63,0,Cellular Bonded
4250,86,59,2025-09-12 00:01:49.537231,71.9,6170.0,0.11,99.89,0,Cellular Bonded
4251,217,19,2025-12-05 20:29:50.834419,2.3,12025.0,0.08,99.92,0,Cellular Bonded
4252,222,105,2026-03-07 00:11:35.928068,60.1,8600.0,0.16,99.84,0,Cellular Bonded
4253,247,92,2026-05-25 05:39:47.969331,117.2,5080.0,0.13,94.87,1,Cellular Bonded
4254,196,25,2025-09-28 19:02:26.576200,41.7,2986.0,0.33,99.67,0,WiFi
4255,43,75,2025-12-17 21:35:58.059815,63.0,6205.0,0.12,99.88,0,Wired IP
4256,154,112,2026-01-09 19:29:37.294202,34.3,7327.0,0.02,99.98,0,Cellular Bonded
4257,79,113,2026-03-13 22:01:12.903410,84.8,5341.0,0.75,99.25,0,Cellular Bonded
4258,90,12,2026-08-03 17:13:53.207102,129.4,9359.0,0.2,99.8,0,Cellular Bonded
4259,238,96,2026-06-17 23:12:53.331573,81.5,7271.0,0.7,99.3,0,Cellular Bonded
4260,146,27,2025-10-28 01:29:02.845508,93.5,6175.0,0.27,99.73,0,WiFi
4261,247,92,2026-06-18 14:49:53.366446,39.8,9479.0,0.33,99.67,0,Cellular Bonded
4262,70,113,2026-07-20 21:46:39.075850,121.1,4959.0,0.16,99.84,0,WiFi
4263,101,83,2026-02-09 03:10:11.306822,97.8,5633.0,0.18,99.82,0,WiFi
4264,98,78,2026-02-07 10:48:03.173619,50.7,5654.0,0.25,94.75,1,Cellular Bonded
4265,257,41,2025-08-31 05:14:44.889275,1.0,2895.0,1.8,98.2,0,Cellular Bonded
4266,192,92,2025-10-06 19:03:21.028129,76.8,11812.0,0.21,99.79,0,Satellite Hybrid
4267,213,75,2025-10-13 23:03:16.014408,60.6,10912.0,0.8,99.2,0,Cellular Bonded
4268,192,92,2026-02-02 09:10:36.136113,12.5,11009.0,0.2,99.8,0,Satellite Hybrid
4269,158,116,2026-06-30 01:55:02.333330,1.0,6999.0,0.15,99.85,0,Satellite Hybrid
4270,37,7,2026-07-11 06:54:57.704168,1.0,8161.0,0.09,99.91,0,WiFi
4271,20,95,2026-02-03 01:24:11.593411,41.1,9567.0,0.12,99.88,0,Cellular Bonded
4272,64,24,2026-06-11 10:36:09.397219,76.1,8972.0,0.03,99.97,0,WiFi
4273,290,33,2026-07-22 22:03:08.149424,56.0,11711.0,0.16,99.84,0,Wired IP
4274,224,14,2025-09-07 16:31:49.398660,13.4,10479.0,0.25,99.75,0,Wired IP
4275,179,13,2026-02-24 10:49:23.033446,76.1,9753.0,0.53,99.47,0,Cellular Bonded
4276,251,58,2026-03-12 11:09:40.568255,129.1,10218.0,0.01,99.99,0,WiFi
4277,189,1,2026-04-22 19:23:01.141949,82.8,10324.0,0.35,99.65,0,WiFi
4278,198,33,2026-03-08 21:36:24.133493,101.7,6309.0,0.15,99.85,0,WiFi
4279,127,93,2025-08-25 01:42:46.113928,24.7,7678.0,0.19,99.81,0,Cellular Bonded
4280,18,13,2026-03-17 00:16:44.529931,80.1,8695.0,1.05,98.95,0,Wired IP
4281,186,61,2025-12-17 07:54:03.036363,90.6,9638.0,0.06,99.94,0,WiFi
4282,15,43,2026-07-18 16:23:39.261561,101.9,7726.0,0.48,99.52,0,Wired IP
4283,76,105,2026-06-04 17:32:33.595845,128.0,5013.0,0.85,99.15,0,Cellular Bonded
4284,234,57,2025-09-11 09:48:40.303262,65.9,6788.0,0.25,99.75,0,Cellular Bonded
4285,76,105,2025-10-11 17:46:32.517574,79.5,9359.0,0.78,99.22,0,Cellular Bonded
4286,297,11,2026-06-21 03:24:12.541114,19.3,8974.0,2.19,97.81,0,Cellular Bonded
4287,83,89,2025-12-20 01:01:19.763384,56.2,8532.0,0.44,94.56,1,Wired IP
4288,48,21,2026-01-02 05:11:26.995481,1.0,8690.0,0.05,99.95,0,Cellular Bonded
4289,197,56,2026-03-01 06:28:02.333092,119.0,5669.0,0.08,99.92,0,Cellular Bonded
4290,42,109,2025-10-17 19:46:24.358079,32.2,2397.0,0.4,99.6,0,WiFi
4291,97,28,2026-03-27 08:08:21.369751,51.7,9532.0,0.3,99.7,0,Cellular Bonded
4292,85,13,2025-10-25 15:20:25.891943,30.7,12184.0,0.43,99.57,0,Wired IP
4293,130,18,2025-09-29 21:23:33.324501,32.2,5964.0,0.08,99.92,0,WiFi
4294,257,41,2026-05-30 19:48:19.180892,30.2,11518.0,0.06,99.94,0,Satellite Hybrid
4295,196,25,2025-12-08 18:33:45.264848,87.1,7302.0,0.23,99.77,0,Cellular Bonded
4296,211,118,2026-06-27 09:02:36.668975,23.1,8639.0,0.33,99.67,0,Cellular Bonded
4297,46,36,2026-05-04 08:36:04.914220,91.7,13902.0,0.29,99.71,0,WiFi
4298,294,96,2025-11-25 08:17:57.824957,62.9,6512.0,0.23,99.77,0,Cellular Bonded
4299,177,67,2025-09-18 22:09:11.920652,31.3,12094.0,0.29,99.71,0,WiFi
4300,138,102,2026-07-04 09:30:36.912349,83.6,6488.0,0.03,99.97,0,Cellular Bonded
4301,204,45,2025-12-31 21:09:00.873555,33.9,9531.0,0.59,99.41,0,Cellular Bonded
4302,4,33,2026-06-17 00:33:54.344792,59.1,11545.0,0.46,99.54,0,Wired IP
4303,252,60,2025-12-06 17:02:21.726497,7.8,6774.0,0.81,94.19,1,Cellular Bonded
4304,36,105,2026-02-25 22:06:18.582319,91.5,8515.0,0.45,99.55,0,Cellular Bonded
4305,214,101,2025-10-21 03:00:03.795578,46.5,6381.0,0.2,99.8,0,Cellular Bonded
4306,148,5,2026-01-01 20:12:36.310694,42.7,10902.0,1.1,98.9,0,WiFi
4307,88,49,2025-08-31 21:20:16.094277,54.3,9330.0,0.34,99.66,0,Cellular Bonded
4308,96,71,2025-10-31 00:17:51.025183,90.7,4361.0,0.68,99.32,0,Cellular Bonded
4309,102,111,2025-09-21 01:01:20.533835,30.1,6343.0,0.64,99.36,0,Wired IP
4310,258,100,2026-02-18 22:43:14.344456,56.9,6238.0,0.98,99.02,0,Cellular Bonded
4311,231,3,2026-06-05 21:56:59.611278,42.7,8743.0,0.24,99.76,0,Cellular Bonded
4312,109,52,2026-07-14 14:00:10.655697,32.7,10464.0,0.12,99.88,0,Cellular Bonded
4313,31,26,2025-10-13 11:35:26.274374,106.4,8384.0,0.71,99.29,0,Cellular Bonded
4314,99,95,2025-12-20 09:27:47.596649,123.3,6838.0,0.03,99.97,0,Cellular Bonded
4315,210,80,2026-02-10 17:23:59.071424,113.1,5778.0,0.3,99.7,0,Cellular Bonded
4316,56,49,2026-07-03 05:44:28.229892,87.9,9682.0,0.62,99.38,0,Cellular Bonded
4317,86,59,2025-12-09 12:45:41.844029,99.6,10062.0,1.43,98.57,0,Cellular Bonded
4318,44,29,2025-12-15 17:30:57.919590,69.9,4633.0,1.48,98.52,0,Satellite Hybrid
4319,142,40,2026-05-26 03:07:01.670125,146.3,8665.0,0.03,99.97,0,WiFi
4320,16,44,2025-09-23 02:29:57.910166,23.2,9168.0,0.4,99.6,0,Satellite Hybrid
4321,245,117,2026-08-11 19:22:48.009213,60.7,7501.0,0.2,99.8,0,Cellular Bonded
4322,52,73,2026-02-22 15:39:40.617016,82.3,4190.0,0.25,94.75,1,WiFi
4323,137,17,2026-08-15 14:54:16.614982,69.8,8855.0,0.35,99.65,0,WiFi
4324,4,33,2025-11-01 03:21:26.828901,22.3,9055.0,0.15,99.85,0,WiFi
4325,22,2,2025-08-31 13:57:24.130189,97.0,8636.0,0.02,99.98,0,Satellite Hybrid
4326,268,77,2026-01-06 17:21:58.475858,56.1,9096.0,0.07,99.93,0,Cellular Bonded
4327,193,62,2026-06-29 22:17:20.328120,24.2,8702.0,0.23,99.77,0,Wired IP
4328,137,17,2025-09-29 12:33:21.017161,137.6,3748.0,0.14,99.86,0,Cellular Bonded
4329,243,24,2025-12-09 18:12:58.591167,60.8,8625.0,0.15,99.85,0,Cellular Bonded
4330,220,18,2025-09-03 07:27:58.101697,61.2,8007.0,0.38,99.62,0,Wired IP
4331,176,39,2026-06-23 20:06:07.344726,100.9,4432.0,0.0,100.0,0,Satellite Hybrid
4332,123,95,2026-07-02 12:11:03.134304,122.6,1705.0,0.31,99.69,0,Cellular Bonded
4333,205,32,2025-12-17 21:39:34.512574,77.4,11780.0,0.13,99.87,0,Wired IP
4334,30,93,2026-07-08 19:50:35.811860,82.8,2147.0,0.14,99.86,0,Cellular Bonded
4335,170,54,2025-09-24 21:00:04.153249,103.1,11250.0,0.84,99.16,0,Wired IP
4336,2,35,2026-05-24 22:11:43.230451,139.6,9424.0,0.0,100.0,0,WiFi
4337,206,45,2026-05-17 09:29:47.450209,100.7,8235.0,0.08,99.92,0,Cellular Bonded
4338,72,13,2025-08-26 10:40:12.207682,18.2,4572.0,0.02,94.98,1,Cellular Bonded
4339,63,96,2026-05-22 02:51:19.483241,94.2,6975.0,0.17,99.83,0,Cellular Bonded
4340,144,9,2026-04-08 10:40:05.338587,28.5,7282.0,1.86,98.14,0,WiFi
4341,128,107,2025-11-02 20:10:15.807495,3.5,14650.0,0.42,99.58,0,Cellular Bonded
4342,244,28,2025-10-30 10:46:48.754278,60.2,6584.0,1.65,98.35,0,Cellular Bonded
4343,97,28,2025-11-30 20:19:36.181872,55.0,8035.0,0.05,94.95,1,Satellite Hybrid
4344,165,70,2026-02-28 12:58:06.355790,87.4,7302.0,0.21,94.79,1,Cellular Bonded
4345,185,72,2026-05-27 08:04:41.655903,121.8,8549.0,0.01,99.99,0,Cellular Bonded
4346,167,19,2026-04-20 05:24:44.191846,52.2,8550.0,0.93,99.07,0,Cellular Bonded
4347,120,58,2025-11-25 18:26:02.354585,77.9,5018.0,0.08,99.92,0,WiFi
4348,205,32,2025-10-14 17:32:15.628520,25.2,7937.0,0.97,99.03,0,WiFi
4349,42,109,2025-09-29 00:30:15.557155,1.0,9973.0,0.06,99.94,0,WiFi
4350,244,28,2026-08-03 01:19:56.325055,55.5,8495.0,0.27,99.73,0,Cellular Bonded
4351,52,73,2026-03-10 12:34:49.145978,111.5,6494.0,0.04,99.96,0,Cellular Bonded
4352,151,38,2025-09-24 14:37:38.043605,93.6,6983.0,0.55,99.45,0,Cellular Bonded
4353,74,89,2026-03-04 06:47:37.499822,98.9,10908.0,0.13,99.87,0,Cellular Bonded
4354,293,18,2026-03-06 18:41:30.965621,52.2,6773.0,0.68,99.32,0,Cellular Bonded
4355,259,64,2025-11-25 04:23:52.807489,96.1,6801.0,0.05,94.95,1,Cellular Bonded
4356,255,92,2026-07-28 13:44:26.259991,1.0,10767.0,0.16,99.84,0,WiFi
4357,155,109,2026-06-07 17:33:29.147394,47.2,10191.0,0.16,99.84,0,Cellular Bonded
4358,281,66,2026-03-15 19:14:20.709775,19.9,9454.0,0.98,99.02,0,WiFi
4359,240,72,2025-10-19 18:15:16.552832,96.2,8604.0,0.95,99.05,0,Cellular Bonded
4360,229,54,2025-12-09 21:41:15.843580,81.8,6576.0,1.26,98.74,0,WiFi
4361,247,92,2026-07-09 22:37:39.142515,133.2,5939.0,0.1,99.9,0,Wired IP
4362,124,5,2026-03-03 13:41:44.724167,94.0,7711.0,0.23,99.77,0,Wired IP
4363,88,49,2025-09-05 18:07:53.239735,112.1,6144.0,1.21,98.79,0,Satellite Hybrid
4364,46,36,2025-08-28 19:43:30.550810,37.7,8762.0,0.26,99.74,0,Wired IP
4365,15,43,2026-07-13 23:25:48.146461,95.0,6314.0,0.45,99.55,0,Cellular Bonded
4366,168,61,2025-09-05 15:45:52.126078,42.6,3808.0,0.05,99.95,0,Wired IP
4367,144,9,2026-01-05 06:25:20.946572,34.6,11369.0,0.14,99.86,0,WiFi
4368,132,76,2025-09-18 16:12:41.718847,6.5,6977.0,0.22,99.78,0,Wired IP
4369,64,24,2026-01-08 07:17:18.428047,57.5,6465.0,1.31,98.69,0,Cellular Bonded
4370,274,35,2026-05-02 11:22:24.960029,54.1,10119.0,0.08,99.92,0,Cellular Bonded
4371,252,60,2026-07-09 14:09:13.861216,68.4,7495.0,0.68,99.32,0,Wired IP
4372,171,39,2026-04-05 00:29:20.126264,91.0,8179.0,0.0,100.0,0,Cellular Bonded
4373,295,111,2026-04-27 03:52:40.820567,103.0,6300.0,0.87,99.13,0,Satellite Hybrid
4374,34,34,2026-01-27 23:40:30.279153,127.1,5266.0,0.08,99.92,0,Cellular Bonded
4375,194,63,2025-12-26 01:19:54.372398,26.2,8046.0,0.01,99.99,0,WiFi
4376,196,25,2025-12-17 13:16:10.507629,1.0,9048.0,0.23,99.77,0,Wired IP
4377,288,119,2025-10-29 13:40:49.950073,31.4,7390.0,0.25,99.75,0,Satellite Hybrid
4378,224,14,2026-05-22 02:03:20.738628,33.5,2220.0,0.14,99.86,0,WiFi
4379,115,57,2026-06-09 15:57:53.162927,68.5,13267.0,0.7,99.3,0,WiFi
4380,149,29,2025-09-15 21:51:22.729543,52.0,8785.0,0.01,99.99,0,Wired IP
4381,46,36,2026-07-21 02:11:42.093152,68.0,9351.0,1.99,98.01,0,WiFi
4382,97,28,2026-05-24 06:50:49.220919,1.0,8949.0,0.36,99.64,0,Cellular Bonded
4383,60,82,2026-03-13 12:06:02.715842,64.8,8554.0,0.72,99.28,0,WiFi
4384,66,62,2025-09-21 03:45:22.591928,15.7,10046.0,0.43,99.57,0,Cellular Bonded
4385,195,113,2026-06-07 03:04:55.232587,30.6,7444.0,0.13,99.87,0,Cellular Bonded
4386,1,50,2026-04-30 06:07:22.324167,61.7,8931.0,0.93,99.07,0,Wired IP
4387,275,6,2025-09-22 17:50:19.009557,61.2,10186.0,0.6,99.4,0,Cellular Bonded
4388,199,38,2025-12-09 13:03:01.876240,31.7,12457.0,0.06,99.94,0,WiFi
4389,164,36,2026-04-10 11:26:49.394524,134.4,9296.0,0.22,99.78,0,Cellular Bonded
4390,65,23,2026-05-25 00:56:24.869172,19.5,5154.0,0.0,100.0,0,Cellular Bonded
4391,114,16,2026-02-06 00:09:17.913359,113.3,5754.0,0.39,99.61,0,Cellular Bonded
4392,5,61,2026-07-30 02:16:40.030254,131.4,10893.0,0.3,99.7,0,Cellular Bonded
4393,236,12,2025-10-09 16:51:40.721781,29.0,7221.0,0.19,99.81,0,Cellular Bonded
4394,152,83,2026-07-11 04:55:14.914852,107.9,8692.0,0.19,99.81,0,WiFi
4395,256,101,2025-11-20 10:30:40.848649,43.1,9484.0,0.93,99.07,0,Cellular Bonded
4396,76,105,2025-12-28 21:53:11.639681,107.3,3913.0,0.94,99.06,0,Cellular Bonded
4397,75,99,2025-10-24 04:04:13.135989,96.3,10452.0,0.07,99.93,0,Cellular Bonded
4398,18,13,2026-07-19 01:50:17.870775,1.0,7544.0,0.61,99.39,0,Wired IP
4399,159,17,2025-12-16 19:42:41.043132,53.4,6010.0,0.72,99.28,0,Cellular Bonded
4400,64,24,2026-06-28 11:04:55.569878,100.7,5131.0,1.6,98.4,0,WiFi
4401,294,96,2025-12-14 18:56:25.064079,38.5,10917.0,0.43,99.57,0,Cellular Bonded
4402,111,100,2026-02-12 04:44:54.141599,64.6,8608.0,0.41,99.59,0,Wired IP
4403,193,62,2025-09-11 02:22:59.811984,9.5,4957.0,0.06,99.94,0,Wired IP
4404,171,39,2025-09-28 10:43:13.376690,76.8,5701.0,0.39,99.61,0,Wired IP
4405,108,25,2026-02-08 23:10:23.400033,1.0,12723.0,1.47,98.53,0,Cellular Bonded
4406,116,39,2026-06-22 23:26:44.822168,50.4,7477.0,1.48,98.52,0,WiFi
4407,27,81,2025-11-29 06:34:00.867785,81.9,7783.0,0.13,99.87,0,WiFi
4408,92,105,2025-12-23 11:55:38.401748,110.9,9702.0,0.4,99.6,0,Cellular Bonded
4409,201,6,2026-03-16 00:27:16.634142,113.5,9304.0,1.12,98.88,0,Satellite Hybrid
4410,82,112,2026-02-19 15:50:53.139624,93.3,6736.0,0.07,99.93,0,Cellular Bonded
4411,281,66,2026-01-13 07:55:12.186641,71.3,10122.0,0.03,99.97,0,Satellite Hybrid
4412,217,19,2026-05-05 23:26:21.573119,76.2,7024.0,0.56,99.44,0,Satellite Hybrid
4413,179,13,2025-09-26 06:58:48.840007,92.1,5941.0,0.21,99.79,0,Cellular Bonded
4414,201,6,2026-03-09 06:07:41.041868,61.0,10350.0,0.39,99.61,0,Wired IP
4415,145,50,2025-09-13 03:05:01.060524,150.2,3738.0,0.35,99.65,0,Cellular Bonded
4416,100,52,2025-12-06 12:33:58.359029,100.9,10347.0,0.1,99.9,0,Cellular Bonded
4417,281,66,2026-02-02 12:18:13.085316,42.1,5890.0,0.38,99.62,0,Cellular Bonded
4418,68,37,2026-03-21 19:22:59.823430,25.7,10787.0,0.02,99.98,0,Cellular Bonded
4419,298,85,2025-11-13 07:52:11.918071,37.0,4170.0,0.13,99.87,0,Cellular Bonded
4420,28,90,2025-11-15 04:41:20.497558,81.3,7752.0,0.12,99.88,0,Cellular Bonded
4421,156,65,2025-10-15 06:53:30.426448,55.5,2868.0,0.74,99.26,0,Cellular Bonded
4422,84,86,2026-02-10 07:47:11.240945,57.0,8398.0,0.9,99.1,0,Cellular Bonded
4423,227,1,2025-09-11 08:28:11.402295,66.5,4537.0,0.24,99.76,0,WiFi
4424,150,37,2025-11-02 06:05:14.837382,64.9,6361.0,0.16,99.84,0,Satellite Hybrid
4425,108,25,2026-04-28 14:21:07.435992,117.1,7239.0,0.44,99.56,0,Cellular Bonded
4426,101,83,2026-01-22 14:59:46.070891,43.7,6431.0,0.22,99.78,0,Satellite Hybrid
4427,5,61,2026-08-11 01:15:36.602955,43.6,4773.0,0.35,99.65,0,Cellular Bonded
4428,295,111,2026-03-13 07:02:09.503503,63.9,5098.0,0.16,99.84,0,Wired IP
4429,76,105,2025-12-21 03:43:45.167161,39.1,9438.0,0.07,99.93,0,Cellular Bonded
4430,219,57,2026-04-28 14:59:39.157268,92.8,7647.0,0.14,99.86,0,Wired IP
4431,87,19,2025-10-20 10:06:58.125737,105.8,8035.0,0.48,99.52,0,WiFi
4432,50,10,2026-04-19 16:06:20.619851,114.5,8171.0,0.12,99.88,0,Wired IP
4433,243,24,2026-05-15 03:17:11.381957,29.1,13008.0,1.61,98.39,0,Wired IP
4434,27,81,2026-05-05 02:43:33.953897,34.9,10262.0,1.46,98.54,0,WiFi
4435,264,73,2026-06-19 16:26:19.843007,94.0,8453.0,0.07,99.93,0,Cellular Bonded
4436,223,49,2025-09-28 23:17:57.827921,38.7,8236.0,0.44,99.56,0,Cellular Bonded
4437,207,61,2026-03-23 19:54:53.802003,55.9,5595.0,0.25,99.75,0,Cellular Bonded
4438,61,113,2025-12-15 00:20:45.087874,61.1,6705.0,0.57,99.43,0,Wired IP
4439,251,58,2025-09-22 21:15:48.172178,67.3,5685.0,0.12,99.88,0,Cellular Bonded
4440,89,100,2026-01-27 18:14:34.771026,57.3,9402.0,0.18,99.82,0,Cellular Bonded
4441,193,62,2025-12-08 16:24:36.148902,62.9,9398.0,0.34,99.66,0,Cellular Bonded
4442,46,36,2026-01-13 08:51:49.456672,95.1,6502.0,0.01,99.99,0,WiFi
4443,196,25,2026-03-24 15:02:46.134494,22.2,8709.0,0.07,99.93,0,WiFi
4444,228,117,2026-04-25 11:26:07.911619,20.4,5766.0,0.02,99.98,0,WiFi
4445,62,103,2026-03-23 22:48:19.345294,67.6,8193.0,0.25,99.75,0,Cellular Bonded
4446,63,96,2026-06-13 12:31:56.078059,38.1,6677.0,0.69,99.31,0,WiFi
4447,261,118,2025-12-15 18:07:54.871871,57.0,11777.0,0.8,99.2,0,Wired IP
4448,294,96,2026-04-10 16:26:42.827152,20.4,6260.0,0.25,99.75,0,Cellular Bonded
4449,246,8,2025-09-09 16:21:52.821758,51.7,9966.0,0.34,99.66,0,Satellite Hybrid
4450,49,36,2025-11-05 16:12:33.953461,16.1,8133.0,1.88,98.12,0,Cellular Bonded
4451,93,19,2025-10-07 22:45:55.329772,96.0,9671.0,0.06,99.94,0,Wired IP
4452,223,49,2026-03-18 05:48:20.362709,157.6,7450.0,0.41,99.59,0,Cellular Bonded
4453,65,23,2026-05-20 20:08:43.928738,81.8,6507.0,0.35,99.65,0,Cellular Bonded
4454,33,90,2026-06-09 20:41:30.109937,107.7,10634.0,0.32,99.68,0,Cellular Bonded
4455,276,82,2026-05-21 14:26:56.356018,47.0,7630.0,0.26,99.74,0,Wired IP
4456,11,65,2026-04-16 11:40:36.640012,91.1,9706.0,0.6,99.4,0,Cellular Bonded
4457,275,6,2026-01-30 14:12:43.797348,21.2,4841.0,0.07,99.93,0,Cellular Bonded
4458,272,13,2025-12-02 15:34:11.037762,89.2,14409.0,0.15,99.85,0,WiFi
4459,266,117,2026-03-30 22:43:28.253164,25.1,10444.0,0.16,99.84,0,Cellular Bonded
4460,276,82,2026-01-28 11:16:12.847005,79.8,6645.0,0.02,99.98,0,Cellular Bonded
4461,64,24,2025-11-01 07:30:54.567227,69.8,7174.0,0.02,99.98,0,WiFi
4462,107,12,2026-07-04 12:48:35.301853,63.9,10186.0,0.65,99.35,0,WiFi
4463,61,113,2025-12-05 15:41:26.387614,90.6,9771.0,0.09,99.91,0,Cellular Bonded
4464,93,19,2026-06-04 04:57:38.523267,60.7,8790.0,1.41,93.59,1,Satellite Hybrid
4465,229,54,2026-04-23 07:18:35.896438,147.4,6746.0,0.68,99.32,0,Cellular Bonded
4466,63,96,2026-07-19 12:40:38.510429,70.0,9137.0,0.08,94.92,1,Cellular Bonded
4467,295,111,2026-07-26 03:54:23.725441,16.7,8431.0,0.13,99.87,0,Cellular Bonded
4468,83,89,2026-05-07 06:15:41.660494,91.4,6413.0,0.16,99.84,0,Cellular Bonded
4469,132,76,2026-07-18 07:01:58.201059,101.5,7734.0,0.47,99.53,0,Cellular Bonded
4470,18,13,2026-08-14 17:36:21.437130,68.1,6677.0,0.87,99.13,0,Cellular Bonded
4471,64,24,2026-03-18 22:58:08.877158,98.0,5905.0,0.37,99.63,0,Satellite Hybrid
4472,187,105,2026-03-29 10:58:02.798697,53.3,7212.0,0.13,99.87,0,Cellular Bonded
4473,88,49,2026-02-20 13:31:28.484319,77.9,13792.0,0.16,99.84,0,Wired IP
4474,1,50,2026-06-23 15:49:58.833330,48.0,6340.0,0.22,99.78,0,Wired IP
4475,24,114,2026-06-25 10:29:06.597076,83.2,7408.0,0.25,99.75,0,Satellite Hybrid
4476,266,117,2025-09-10 00:29:52.064719,36.9,6796.0,0.81,99.19,0,Cellular Bonded
4477,151,38,2026-07-13 04:00:34.237463,82.0,11587.0,0.79,99.21,0,WiFi
4478,228,117,2026-08-06 13:27:01.216880,87.7,3837.0,0.01,99.99,0,Cellular Bonded
4479,252,60,2025-08-18 13:06:34.668154,59.4,5943.0,0.05,99.95,0,Wired IP
4480,268,77,2026-03-10 16:07:26.676334,99.7,8121.0,0.01,99.99,0,Satellite Hybrid
4481,181,92,2026-08-10 12:02:23.675574,39.8,3545.0,0.83,99.17,0,Wired IP
4482,262,63,2025-09-27 06:47:02.239496,75.9,8284.0,0.33,99.67,0,Wired IP
4483,51,101,2025-11-29 06:08:43.108047,21.8,6013.0,0.34,99.66,0,WiFi
4484,23,115,2025-08-29 14:55:46.801878,97.1,10297.0,0.19,99.81,0,Cellular Bonded
4485,97,28,2026-01-22 19:57:49.051978,92.2,5961.0,0.06,99.94,0,Cellular Bonded
4486,111,100,2026-03-21 16:07:24.555214,35.5,7675.0,0.1,99.9,0,Cellular Bonded
4487,283,56,2026-04-03 11:11:56.013284,75.7,10495.0,0.76,99.24,0,Wired IP
4488,184,92,2026-05-05 01:32:30.770069,95.6,8441.0,0.35,99.65,0,WiFi
4489,217,19,2026-01-13 10:57:26.041346,97.2,7592.0,0.7,99.3,0,Cellular Bonded
4490,131,111,2026-01-24 02:24:14.383305,101.2,8436.0,0.63,99.37,0,Wired IP
4491,84,86,2025-11-03 08:10:37.094300,39.7,4791.0,0.28,99.72,0,Cellular Bonded
4492,43,75,2025-10-20 12:57:37.416440,97.6,2242.0,0.08,99.92,0,Cellular Bonded
4493,218,20,2025-10-08 00:05:53.370347,80.2,6333.0,0.18,99.82,0,Cellular Bonded
4494,74,89,2026-03-08 23:44:51.445046,34.4,8032.0,1.03,98.97,0,Cellular Bonded
4495,37,7,2026-06-22 02:04:52.964470,64.7,10537.0,0.76,99.24,0,Cellular Bonded
4496,138,102,2025-12-27 18:11:21.011279,77.7,7262.0,0.1,99.9,0,WiFi
4497,99,95,2026-01-17 13:06:17.530178,114.6,6059.0,0.95,99.05,0,Wired IP
4498,289,120,2025-12-01 13:00:11.366134,11.4,4453.0,1.59,98.41,0,Wired IP
4499,262,63,2026-07-02 19:43:25.944614,68.6,6590.0,0.08,99.92,0,Wired IP
4500,215,36,2025-10-03 01:39:09.002459,72.2,5243.0,0.44,99.56,0,Wired IP
4501,162,45,2025-08-22 11:22:21.500225,46.7,9562.0,0.34,99.66,0,Wired IP
4502,223,49,2026-04-11 22:14:00.991215,100.5,10776.0,0.56,99.44,0,Cellular Bonded
4503,127,93,2025-10-09 19:15:48.925029,29.0,9929.0,0.22,99.78,0,Wired IP
4504,64,24,2026-07-07 06:11:44.663937,62.9,7252.0,0.12,99.88,0,Cellular Bonded
4505,281,66,2026-04-15 09:47:27.105347,84.9,10139.0,0.05,99.95,0,Cellular Bonded
4506,169,108,2026-08-09 03:26:18.967407,19.2,7735.0,0.64,99.36,0,Cellular Bonded
4507,186,61,2025-10-06 19:14:50.152509,36.9,9493.0,0.15,99.85,0,Cellular Bonded
4508,140,46,2025-10-07 07:54:09.613291,71.9,9299.0,0.04,99.96,0,Wired IP
4509,116,39,2026-06-08 10:32:38.093090,81.9,6600.0,0.01,99.99,0,Satellite Hybrid
4510,51,101,2026-06-28 05:29:08.192131,7.7,8572.0,0.41,99.59,0,Satellite Hybrid
4511,114,16,2026-07-10 10:21:42.967889,77.7,8630.0,0.29,99.71,0,Cellular Bonded
4512,54,64,2026-04-29 02:00:36.693621,122.2,9898.0,0.18,99.82,0,Cellular Bonded
4513,64,24,2026-07-23 20:08:21.243784,72.3,8079.0,0.35,99.65,0,Cellular Bonded
4514,157,86,2026-04-02 17:58:36.062489,114.5,8851.0,0.78,99.22,0,WiFi
4515,251,58,2026-01-31 02:39:08.899007,52.1,9896.0,0.28,99.72,0,WiFi
4516,179,13,2026-01-20 01:27:39.827591,34.8,4536.0,0.71,99.29,0,WiFi
4517,145,50,2026-06-13 14:20:04.623019,79.6,7411.0,0.04,99.96,0,WiFi
4518,51,101,2026-01-05 16:11:30.915553,36.6,5509.0,1.17,98.83,0,Cellular Bonded
4519,88,49,2025-11-08 15:25:43.763631,25.6,9326.0,0.04,99.96,0,Cellular Bonded
4520,200,117,2026-01-20 07:07:51.303217,10.5,9678.0,0.14,99.86,0,WiFi
4521,273,46,2025-08-20 22:48:55.889936,60.0,5669.0,1.14,98.86,0,Cellular Bonded
4522,207,61,2026-02-16 02:03:17.635739,129.7,6882.0,0.6,99.4,0,WiFi
4523,66,62,2026-05-12 01:13:28.390283,59.0,10900.0,0.82,99.18,0,Cellular Bonded
4524,263,17,2026-05-05 04:39:50.768638,42.1,9329.0,0.68,99.32,0,Satellite Hybrid
4525,65,23,2025-11-24 12:36:50.661741,138.4,10290.0,0.13,99.87,0,Wired IP
4526,291,118,2026-07-22 11:18:56.754012,1.0,11246.0,0.31,99.69,0,WiFi
4527,28,90,2026-03-16 15:07:17.682606,24.8,11445.0,0.19,99.81,0,Satellite Hybrid
4528,190,3,2025-08-30 10:52:47.367400,70.6,8607.0,0.2,99.8,0,Cellular Bonded
4529,128,107,2025-09-01 01:27:20.511281,108.7,8174.0,0.0,100.0,0,WiFi
4530,215,36,2026-02-10 15:36:51.988480,27.0,6326.0,0.0,100.0,0,Wired IP
4531,94,76,2025-12-30 18:49:26.497704,17.0,8189.0,0.57,99.43,0,WiFi
4532,182,58,2026-03-18 01:25:59.702122,38.3,7116.0,0.71,99.29,0,WiFi
4533,258,100,2026-08-04 07:28:03.438776,79.8,11169.0,0.22,99.78,0,Satellite Hybrid
4534,220,18,2025-09-16 11:09:04.799075,125.8,11246.0,1.37,98.63,0,Cellular Bonded
4535,118,53,2026-05-11 18:50:50.486286,18.0,9159.0,0.09,99.91,0,WiFi
4536,45,120,2026-02-26 09:33:41.651256,62.6,8391.0,0.2,99.8,0,Cellular Bonded
4537,209,21,2026-06-27 22:27:30.292787,121.0,12208.0,0.23,99.77,0,Cellular Bonded
4538,47,89,2026-05-19 05:32:32.557410,114.5,12556.0,0.19,99.81,0,Wired IP
4539,40,117,2025-11-28 05:42:44.523071,21.7,9542.0,0.15,99.85,0,WiFi
4540,48,21,2026-02-22 22:41:45.583299,76.0,6913.0,0.18,99.82,0,Satellite Hybrid
4541,30,93,2026-02-25 06:49:46.592143,80.9,7085.0,0.31,99.69,0,WiFi
4542,147,66,2026-03-28 22:31:33.136237,93.3,5642.0,0.98,99.02,0,Cellular Bonded
4543,253,50,2025-11-15 18:10:59.925878,50.6,7394.0,0.12,99.88,0,Cellular Bonded
4544,6,51,2026-04-05 10:56:01.180371,44.0,9972.0,0.39,99.61,0,Cellular Bonded
4545,218,20,2026-04-17 12:41:39.987432,68.6,3370.0,0.07,99.93,0,Satellite Hybrid
4546,70,113,2026-04-19 08:19:32.783544,78.6,6586.0,0.08,99.92,0,Wired IP
4547,264,73,2026-04-24 22:52:00.427618,45.0,10588.0,0.22,99.78,0,Cellular Bonded
4548,273,46,2026-03-03 01:36:24.757184,41.1,11343.0,0.56,99.44,0,Cellular Bonded
4549,208,47,2026-03-17 19:49:23.682435,51.0,5646.0,0.05,94.95,1,Satellite Hybrid
4550,98,78,2026-03-30 00:31:58.161474,35.0,9725.0,0.26,99.74,0,Cellular Bonded
4551,4,33,2026-07-14 01:59:45.947630,37.9,11863.0,0.01,99.99,0,Cellular Bonded
4552,274,35,2026-03-01 13:07:36.013274,82.8,7921.0,0.85,99.15,0,Cellular Bonded
4553,126,87,2025-08-22 04:11:40.574707,74.8,8314.0,0.0,100.0,0,WiFi
4554,271,29,2026-01-30 23:30:07.709693,142.9,6902.0,0.37,99.63,0,Wired IP
4555,22,2,2026-07-14 23:38:02.373596,102.6,6267.0,0.11,99.89,0,Cellular Bonded
4556,87,19,2026-03-15 18:12:31.375863,104.5,4193.0,0.02,99.98,0,Cellular Bonded
4557,269,92,2025-12-17 06:06:08.873496,86.6,12203.0,0.25,99.75,0,WiFi
4558,90,12,2025-12-25 01:35:30.658637,51.2,7815.0,0.23,99.77,0,Wired IP
4559,69,12,2026-08-10 03:50:32.728882,54.1,10682.0,0.01,99.99,0,Satellite Hybrid
4560,27,81,2025-12-03 18:51:27.732708,30.0,10568.0,0.26,99.74,0,Wired IP
4561,195,113,2025-10-18 09:15:14.330943,1.0,10386.0,0.39,99.61,0,Cellular Bonded
4562,58,112,2026-04-28 23:02:13.568781,33.9,5317.0,0.31,99.69,0,Wired IP
4563,128,107,2026-03-24 09:35:28.694857,66.6,12876.0,0.26,99.74,0,WiFi
4564,61,113,2025-12-07 05:40:26.980371,12.7,11535.0,0.37,99.63,0,Cellular Bonded
4565,248,36,2026-05-31 19:15:50.797810,54.3,8190.0,0.17,99.83,0,WiFi
4566,110,85,2025-11-21 07:27:12.845834,40.7,9895.0,0.31,94.69,1,Cellular Bonded
4567,292,65,2026-04-04 22:59:39.362756,7.0,6951.0,0.49,99.51,0,Cellular Bonded
4568,157,86,2026-03-17 06:47:33.377223,67.4,10194.0,0.82,99.18,0,Cellular Bonded
4569,264,73,2026-03-15 08:31:30.620710,57.8,8356.0,0.58,99.42,0,Cellular Bonded
4570,19,12,2026-04-14 19:42:50.178224,14.5,7716.0,0.01,99.99,0,WiFi
4571,250,8,2025-12-02 17:45:35.488763,136.2,11190.0,0.12,99.88,0,Cellular Bonded
4572,4,33,2026-05-14 09:52:44.497792,85.6,9625.0,0.16,99.84,0,Satellite Hybrid
4573,169,108,2025-08-28 04:52:44.830488,117.6,5746.0,0.19,99.81,0,Satellite Hybrid
4574,55,99,2026-02-11 04:41:10.625687,20.4,12303.0,0.29,94.71,1,WiFi
4575,96,71,2025-10-03 12:47:53.929186,51.8,7960.0,0.01,99.99,0,WiFi
4576,5,61,2025-09-15 07:06:31.854477,81.6,9262.0,0.15,99.85,0,Cellular Bonded
4577,252,60,2026-05-31 08:14:11.043168,43.3,4112.0,0.46,99.54,0,Wired IP
4578,271,29,2025-11-18 05:55:48.618816,60.6,7373.0,0.34,99.66,0,Satellite Hybrid
4579,79,113,2026-03-31 00:42:04.362595,73.2,6655.0,0.3,99.7,0,WiFi
4580,250,8,2025-11-26 16:53:16.083313,39.1,6524.0,0.63,94.37,1,WiFi
4581,129,75,2025-11-20 00:54:01.643499,90.4,9644.0,0.04,99.96,0,Cellular Bonded
4582,203,44,2026-05-15 21:21:10.553026,70.9,7795.0,0.27,99.73,0,Cellular Bonded
4583,187,105,2026-03-26 15:46:40.882896,92.6,7024.0,0.75,99.25,0,Wired IP
4584,94,76,2026-07-16 11:20:50.041410,128.5,4870.0,0.13,99.87,0,Cellular Bonded
4585,138,102,2026-05-14 23:47:02.547430,97.9,8531.0,0.06,99.94,0,Wired IP
4586,225,15,2026-04-15 20:33:28.316086,29.6,3319.0,0.18,99.82,0,Cellular Bonded
4587,225,15,2025-12-31 05:14:02.663982,99.9,5352.0,0.57,99.43,0,WiFi
4588,182,58,2025-10-21 06:23:18.554448,112.7,6213.0,0.41,99.59,0,Wired IP
4589,3,33,2026-05-30 21:24:56.129704,70.0,7952.0,0.54,99.46,0,WiFi
4590,102,111,2025-11-12 11:01:27.590104,64.9,6852.0,0.3,99.7,0,Cellular Bonded
4591,146,27,2025-10-23 05:47:01.519671,73.9,7771.0,0.22,99.78,0,Cellular Bonded
4592,203,44,2026-02-26 18:09:15.580441,43.9,8038.0,0.29,99.71,0,Satellite Hybrid
4593,170,54,2025-08-30 07:37:35.218121,115.5,6290.0,0.06,99.94,0,Wired IP
4594,83,89,2026-08-12 11:08:02.748574,65.9,11072.0,0.25,99.75,0,Cellular Bonded
4595,246,8,2026-08-06 08:35:53.050670,89.8,7819.0,0.09,99.91,0,Cellular Bonded
4596,137,17,2026-03-23 15:15:34.681436,77.6,4074.0,1.07,98.93,0,Satellite Hybrid
4597,251,58,2026-06-14 04:48:38.617845,50.5,4100.0,0.2,99.8,0,Cellular Bonded
4598,66,62,2026-06-20 00:01:34.824223,21.9,8077.0,0.74,99.26,0,Cellular Bonded
4599,205,32,2026-05-20 00:37:59.801454,58.4,8279.0,0.08,99.92,0,Wired IP
4600,200,117,2026-01-15 23:32:29.382132,43.0,6807.0,0.18,99.82,0,Wired IP
4601,56,49,2026-01-05 02:37:56.514706,98.1,7883.0,0.16,99.84,0,Cellular Bonded
4602,65,23,2026-04-16 09:48:04.879527,161.7,7749.0,0.2,99.8,0,Cellular Bonded
4603,257,41,2026-05-10 06:10:14.413303,36.5,5767.0,0.45,94.55,1,Cellular Bonded
4604,122,14,2025-10-18 07:17:01.046793,91.6,7500.0,0.19,99.81,0,Cellular Bonded
4605,176,39,2026-03-17 03:25:51.901211,136.2,5837.0,0.36,99.64,0,Cellular Bonded
4606,5,61,2026-06-21 12:59:13.974256,105.3,11629.0,0.08,99.92,0,Cellular Bonded
4607,149,29,2025-09-07 01:40:03.754490,145.5,9489.0,1.31,98.69,0,Cellular Bonded
4608,43,75,2025-11-22 18:04:48.110089,47.6,8753.0,0.88,99.12,0,Satellite Hybrid
4609,127,93,2026-06-13 09:36:00.213670,25.6,8889.0,0.02,99.98,0,WiFi
4610,262,63,2025-09-06 09:52:31.060517,18.3,12689.0,0.12,99.88,0,Cellular Bonded
4611,144,9,2026-02-03 14:56:16.406057,176.1,6697.0,0.12,99.88,0,Cellular Bonded
4612,135,58,2026-02-08 01:58:14.391101,62.9,12182.0,0.14,99.86,0,Satellite Hybrid
4613,127,93,2026-02-08 02:16:16.141973,34.5,10295.0,0.11,99.89,0,WiFi
4614,220,18,2026-07-30 09:19:03.120426,80.9,5005.0,0.23,99.77,0,Cellular Bonded
4615,53,24,2026-07-20 23:21:00.886030,102.0,7737.0,0.04,99.96,0,WiFi
4616,258,100,2025-11-11 12:49:08.659717,65.2,500.0,1.3,98.7,0,Cellular Bonded
4617,97,28,2026-04-24 17:55:30.264108,1.0,8110.0,0.01,99.99,0,Cellular Bonded
4618,77,30,2026-01-07 15:06:48.949791,117.3,10669.0,0.0,100.0,0,WiFi
4619,68,37,2025-11-22 02:34:12.409091,197.7,4968.0,1.31,98.69,0,Cellular Bonded
4620,141,13,2026-02-27 20:54:14.301033,82.1,11750.0,0.48,99.52,0,Cellular Bonded
4621,75,99,2026-01-23 22:24:42.262305,79.6,3633.0,0.19,99.81,0,Cellular Bonded
4622,103,16,2025-12-01 15:49:07.585094,61.5,11096.0,0.75,99.25,0,Cellular Bonded
4623,27,81,2026-06-05 06:54:51.523222,69.3,8031.0,1.21,98.79,0,Cellular Bonded
4624,269,92,2026-01-04 16:26:39.336884,53.3,10455.0,0.03,99.97,0,Satellite Hybrid
4625,119,42,2025-12-11 11:27:25.488211,78.3,6857.0,0.65,99.35,0,Cellular Bonded
4626,219,57,2026-02-27 19:15:02.499702,58.6,13336.0,0.1,99.9,0,WiFi
4627,262,63,2026-08-02 04:04:01.394191,31.6,4898.0,0.08,99.92,0,WiFi
4628,27,81,2025-09-22 18:43:35.709885,1.0,3871.0,0.37,99.63,0,Cellular Bonded
4629,138,102,2026-02-28 04:21:41.305659,61.7,10357.0,0.18,99.82,0,Cellular Bonded
4630,180,114,2025-12-25 09:35:43.620355,134.9,7147.0,0.03,99.97,0,Satellite Hybrid
4631,127,93,2026-06-22 10:04:05.714757,56.0,9188.0,0.35,99.65,0,Wired IP
4632,25,35,2026-03-29 02:09:40.711580,54.6,8326.0,0.19,99.81,0,Cellular Bonded
4633,1,50,2026-04-13 06:26:42.526818,78.3,10467.0,1.25,98.75,0,Cellular Bonded
4634,165,70,2025-11-25 17:52:37.076993,28.5,7557.0,0.17,99.83,0,Cellular Bonded
4635,242,76,2025-11-24 22:02:16.678479,105.0,6659.0,0.07,99.93,0,Cellular Bonded
4636,52,73,2026-06-07 02:46:59.562932,42.6,4129.0,0.84,99.16,0,WiFi
4637,130,18,2025-11-19 10:46:46.295242,78.5,9003.0,0.11,99.89,0,Satellite Hybrid
4638,187,105,2026-03-19 11:40:17.547801,33.5,2391.0,0.07,99.93,0,Cellular Bonded
4639,58,112,2026-02-02 13:28:32.194107,63.5,14149.0,0.5,99.5,0,Satellite Hybrid
4640,7,43,2026-04-21 17:55:12.539199,97.9,7750.0,0.98,99.02,0,Cellular Bonded
4641,67,96,2025-11-14 12:05:42.845404,74.9,7280.0,0.35,99.65,0,WiFi
4642,186,61,2026-04-20 12:07:18.467950,8.0,7549.0,0.01,99.99,0,Satellite Hybrid
4643,271,29,2026-05-26 12:01:03.258808,49.6,6957.0,0.23,99.77,0,Cellular Bonded
4644,122,14,2026-02-24 01:00:11.384224,38.9,6999.0,1.16,98.84,0,Cellular Bonded
4645,108,25,2026-04-22 15:11:00.094944,11.4,5439.0,0.8,99.2,0,Cellular Bonded
4646,45,120,2026-08-15 19:14:13.965435,103.6,10497.0,0.22,99.78,0,Cellular Bonded
4647,67,96,2025-12-10 14:15:57.952222,114.4,3588.0,0.49,99.51,0,Cellular Bonded
4648,62,103,2025-08-22 02:23:42.023901,1.0,9072.0,0.38,99.62,0,Satellite Hybrid
4649,98,78,2025-08-21 07:58:51.685524,57.9,10036.0,0.31,99.69,0,Cellular Bonded
4650,229,54,2025-09-12 01:02:45.694532,52.8,7626.0,1.33,98.67,0,Satellite Hybrid
4651,39,58,2026-01-15 08:39:20.379668,6.9,5549.0,0.13,99.87,0,Cellular Bonded
4652,176,39,2026-02-25 23:32:27.140506,70.5,10082.0,0.29,99.71,0,WiFi
4653,243,24,2026-04-25 11:21:20.965722,140.5,7912.0,0.27,99.73,0,Cellular Bonded
4654,104,117,2025-12-24 13:20:34.655364,56.8,9290.0,0.62,99.38,0,Wired IP
4655,79,113,2026-05-09 23:36:49.154933,103.7,6925.0,0.5,99.5,0,Wired IP
4656,99,95,2025-11-18 04:34:24.187879,69.6,7836.0,0.03,99.97,0,WiFi
4657,130,18,2025-08-30 15:57:36.671432,14.1,7365.0,0.03,99.97,0,Cellular Bonded
4658,287,5,2026-04-01 08:14:09.482802,10.7,6609.0,0.1,99.9,0,Cellular Bonded
4659,188,39,2025-09-08 00:03:42.547929,11.3,2770.0,0.81,99.19,0,Satellite Hybrid
4660,61,113,2026-03-23 02:56:45.679795,65.6,6989.0,0.57,99.43,0,Cellular Bonded
4661,35,115,2026-07-10 13:43:49.731307,9.4,2488.0,1.23,98.77,0,Cellular Bonded
4662,269,92,2025-11-05 09:18:51.635752,31.7,10639.0,0.6,99.4,0,Cellular Bonded
4663,258,100,2026-03-25 00:54:34.068690,33.8,1343.0,1.04,98.96,0,Cellular Bonded
4664,86,59,2025-10-01 16:43:12.485530,90.1,5693.0,0.34,99.66,0,Cellular Bonded
4665,67,96,2026-08-02 20:55:41.911543,29.4,4468.0,0.24,99.76,0,WiFi
4666,290,33,2025-09-18 18:32:57.243653,7.6,6842.0,0.28,99.72,0,WiFi
4667,98,78,2026-03-26 23:20:58.689462,39.3,9253.0,0.07,99.93,0,Cellular Bonded
4668,204,45,2026-01-02 11:28:42.680243,38.7,10135.0,0.64,99.36,0,Cellular Bonded
4669,273,46,2026-05-24 01:50:56.408587,77.3,11819.0,0.16,99.84,0,Wired IP
4670,39,58,2026-04-11 17:59:55.677210,59.6,12570.0,0.41,99.59,0,Satellite Hybrid
4671,261,118,2026-06-07 10:31:31.135915,24.7,3312.0,0.15,99.85,0,Wired IP
4672,200,117,2025-10-24 16:28:19.646445,31.3,8414.0,0.29,99.71,0,Cellular Bonded
4673,140,46,2025-09-27 16:49:51.734513,47.0,3588.0,0.31,99.69,0,Wired IP
4674,2,35,2025-10-24 12:02:32.555075,118.2,8400.0,0.11,99.89,0,WiFi
4675,112,53,2025-12-03 18:25:31.923835,78.9,10021.0,0.16,99.84,0,Wired IP
4676,5,61,2026-04-16 08:08:29.975047,79.0,9557.0,0.18,99.82,0,WiFi
4677,263,17,2025-09-14 21:03:01.912816,20.3,5922.0,0.29,99.71,0,Wired IP
4678,269,92,2026-01-30 18:19:27.676720,90.1,10077.0,0.24,99.76,0,Cellular Bonded
4679,113,23,2026-08-16 13:02:38.747322,73.5,10788.0,0.67,99.33,0,Cellular Bonded
4680,138,102,2026-05-26 02:02:46.424680,87.1,8952.0,0.2,99.8,0,Cellular Bonded
4681,88,49,2026-04-27 22:14:47.283168,78.2,7512.0,0.47,99.53,0,WiFi
4682,274,35,2026-04-18 22:21:22.872080,112.9,5400.0,0.42,99.58,0,Cellular Bonded
4683,21,46,2026-05-26 08:42:31.549858,61.8,8647.0,0.16,99.84,0,Cellular Bonded
4684,143,42,2025-11-20 04:14:14.226897,74.3,6100.0,0.11,99.89,0,WiFi
4685,139,7,2026-05-30 05:40:38.439410,29.5,2333.0,0.42,99.58,0,WiFi
4686,27,81,2025-11-27 11:01:34.323843,5.2,3006.0,0.66,99.34,0,Cellular Bonded
4687,128,107,2025-09-10 00:17:42.022547,43.9,7482.0,0.13,99.87,0,WiFi
4688,108,25,2026-01-07 02:08:48.697455,37.7,8549.0,0.05,99.95,0,Cellular Bonded
4689,1,50,2026-08-16 19:16:29.405287,93.3,9295.0,0.01,99.99,0,Cellular Bonded
4690,189,1,2025-11-20 12:08:23.145892,98.3,7617.0,0.28,99.72,0,Cellular Bonded
4691,282,10,2026-06-10 22:38:15.082695,18.1,2933.0,0.44,99.56,0,Cellular Bonded
4692,69,12,2025-10-22 04:33:17.214879,128.9,4986.0,0.13,99.87,0,Satellite Hybrid
4693,151,38,2025-09-12 13:43:08.348600,115.8,6248.0,0.03,99.97,0,Wired IP
4694,30,93,2026-08-10 18:23:54.448278,51.6,7195.0,0.73,99.27,0,Wired IP
4695,6,51,2025-10-30 11:46:32.703182,95.4,4374.0,0.03,99.97,0,Cellular Bonded
4696,113,23,2026-01-08 13:34:34.810622,152.9,5288.0,0.3,99.7,0,Cellular Bonded
4697,144,9,2026-04-10 20:46:26.262762,84.7,6032.0,0.03,99.97,0,Cellular Bonded
4698,9,12,2025-09-26 19:40:35.994034,1.0,7589.0,1.07,98.93,0,Cellular Bonded
4699,299,26,2026-03-03 14:10:42.121408,26.1,6063.0,0.06,99.94,0,Cellular Bonded
4700,196,25,2026-01-22 15:55:01.198205,110.5,10123.0,0.67,99.33,0,Cellular Bonded
4701,132,76,2026-03-30 08:39:20.819710,15.5,6847.0,0.37,99.63,0,WiFi
4702,283,56,2025-09-26 00:34:16.108956,76.6,7104.0,0.09,99.91,0,Cellular Bonded
4703,227,1,2026-01-26 10:24:04.883070,52.1,8940.0,0.11,99.89,0,Cellular Bonded
4704,138,102,2025-11-20 18:46:39.034954,63.9,7934.0,0.09,99.91,0,Cellular Bonded
4705,203,44,2025-08-30 23:08:11.652217,25.0,7370.0,0.1,99.9,0,WiFi
4706,119,42,2025-09-12 22:36:04.493554,66.6,8039.0,0.01,99.99,0,WiFi
4707,223,49,2026-05-10 19:42:56.293478,102.2,8033.0,0.34,99.66,0,Cellular Bonded
4708,246,8,2026-05-28 23:03:55.377051,103.9,9208.0,0.13,99.87,0,Cellular Bonded
4709,93,19,2025-08-25 02:07:09.366383,8.1,7166.0,0.22,99.78,0,Wired IP
4710,91,61,2026-02-15 22:03:48.705809,135.1,9677.0,0.45,99.55,0,WiFi
4711,252,60,2026-04-13 13:26:55.433531,71.5,9137.0,0.26,99.74,0,Cellular Bonded
4712,93,19,2025-08-18 13:19:22.955493,9.1,5050.0,0.16,99.84,0,WiFi
4713,11,65,2025-09-01 01:11:53.274224,12.1,8974.0,1.4,98.6,0,Cellular Bonded
4714,91,61,2026-01-07 18:44:05.289040,135.2,9432.0,0.38,99.62,0,Cellular Bonded
4715,97,28,2025-10-12 13:56:55.253604,56.2,8420.0,0.34,99.66,0,Cellular Bonded
4716,37,7,2025-12-16 15:21:24.190412,12.9,9336.0,0.59,99.41,0,Cellular Bonded
4717,233,87,2026-01-08 02:09:04.848809,13.2,4098.0,0.48,99.52,0,Cellular Bonded
4718,207,61,2025-08-19 14:10:12.402399,19.2,8510.0,0.13,99.87,0,Satellite Hybrid
4719,270,112,2026-05-03 13:01:35.328606,73.2,9349.0,0.15,99.85,0,Cellular Bonded
4720,7,43,2026-05-26 16:20:23.009655,8.6,9094.0,1.29,98.71,0,WiFi
4721,194,63,2026-02-08 18:40:55.390804,147.6,7483.0,0.67,99.33,0,Satellite Hybrid
4722,57,99,2026-01-12 16:23:06.460233,63.1,6209.0,0.06,99.94,0,WiFi
4723,23,115,2026-05-10 21:39:46.558009,113.0,9287.0,0.12,99.88,0,Cellular Bonded
4724,43,75,2026-06-10 18:02:10.248214,71.3,8639.0,0.43,99.57,0,Cellular Bonded
4725,7,43,2025-09-12 19:51:43.950860,91.6,8854.0,0.1,99.9,0,WiFi
4726,5,61,2025-11-08 16:21:24.534610,27.7,7351.0,0.58,99.42,0,Cellular Bonded
4727,55,99,2026-01-05 13:38:37.858648,97.2,6241.0,0.54,99.46,0,Cellular Bonded
4728,174,90,2026-04-26 20:18:44.710246,25.7,7286.0,0.15,99.85,0,Cellular Bonded
4729,44,29,2026-05-29 21:46:48.366795,4.7,11205.0,0.14,99.86,0,WiFi
4730,246,8,2025-10-01 11:34:55.195364,83.5,4411.0,0.09,99.91,0,WiFi
4731,228,117,2026-03-01 15:29:57.366940,113.7,9277.0,0.03,99.97,0,Cellular Bonded
4732,158,116,2026-08-15 05:06:06.106657,50.4,6980.0,0.04,99.96,0,Satellite Hybrid
4733,80,62,2025-12-17 22:58:25.151647,110.0,8765.0,0.22,99.78,0,Cellular Bonded
4734,279,47,2025-12-06 18:47:10.793907,65.6,8620.0,0.34,99.66,0,Wired IP
4735,279,47,2025-09-07 09:16:47.966277,64.9,8056.0,0.4,99.6,0,Cellular Bonded
4736,23,115,2026-08-17 04:32:13.838551,74.7,8306.0,0.15,99.85,0,WiFi
4737,152,83,2026-04-11 10:42:52.867301,13.5,10268.0,0.64,99.36,0,Cellular Bonded
4738,213,75,2025-12-29 14:35:07.348741,116.9,2193.0,0.66,99.34,0,Wired IP
4739,115,57,2026-06-25 17:49:02.932596,67.9,10692.0,0.32,94.68,1,Cellular Bonded
4740,219,57,2025-12-20 08:59:53.409331,91.3,7863.0,0.52,99.48,0,Cellular Bonded
4741,181,92,2026-06-21 07:16:47.655207,63.1,10996.0,0.38,99.62,0,Cellular Bonded
4742,116,39,2026-05-22 20:01:14.484525,83.4,11254.0,0.47,99.53,0,Cellular Bonded
4743,197,56,2025-12-02 02:02:16.654712,9.5,7174.0,1.18,98.82,0,Wired IP
4744,58,112,2025-10-31 09:15:07.169250,18.5,9812.0,0.57,99.43,0,Cellular Bonded
4745,57,99,2026-03-08 15:27:32.741828,1.0,6887.0,0.22,99.78,0,WiFi
4746,145,50,2026-08-06 10:03:50.450715,107.4,9741.0,0.32,99.68,0,Cellular Bonded
4747,171,39,2026-04-16 10:23:11.716735,126.1,6975.0,0.46,99.54,0,Cellular Bonded
4748,44,29,2025-12-05 08:06:46.101332,56.4,4260.0,0.16,99.84,0,Wired IP
4749,78,17,2026-01-07 15:24:48.815380,56.1,6787.0,0.19,99.81,0,Cellular Bonded
4750,272,13,2025-09-26 05:06:43.166345,79.6,3915.0,0.58,99.42,0,WiFi
4751,93,19,2026-04-26 16:38:38.318503,1.0,11238.0,0.82,99.18,0,Cellular Bonded
4752,77,30,2026-02-11 19:57:35.059965,102.2,4387.0,0.47,99.53,0,Cellular Bonded
4753,155,109,2026-07-07 09:02:50.881684,15.4,8902.0,0.1,99.9,0,Cellular Bonded
4754,147,66,2026-01-25 02:52:47.190551,64.3,13478.0,0.64,99.36,0,Cellular Bonded
4755,54,64,2025-10-26 09:36:45.123442,95.7,5366.0,0.14,99.86,0,Cellular Bonded
4756,256,101,2025-08-31 06:28:22.603447,1.0,8423.0,0.51,99.49,0,Satellite Hybrid
4757,136,108,2025-08-27 11:56:23.858634,79.9,8016.0,1.13,98.87,0,Wired IP
4758,40,117,2026-08-16 22:59:53.438745,51.4,9320.0,0.17,99.83,0,Cellular Bonded
4759,77,30,2025-11-13 07:04:49.306316,17.7,6690.0,0.1,99.9,0,Cellular Bonded
4760,76,105,2026-01-07 03:41:54.516220,39.4,8527.0,0.34,99.66,0,WiFi
4761,200,117,2026-06-03 14:52:40.229627,42.1,9095.0,0.98,99.02,0,WiFi
4762,245,117,2026-04-10 02:35:24.878784,64.1,12314.0,0.02,99.98,0,Satellite Hybrid
4763,58,112,2026-02-16 15:26:04.310602,33.9,10254.0,0.44,99.56,0,Cellular Bonded
4764,143,42,2026-08-05 11:38:37.367776,1.0,11066.0,0.14,99.86,0,Wired IP
4765,166,31,2026-06-10 13:40:37.250117,35.0,11080.0,0.23,99.77,0,WiFi
4766,94,76,2026-08-06 01:50:20.554916,88.2,10449.0,0.31,99.69,0,Wired IP
4767,181,92,2025-08-24 05:33:41.807123,49.4,8695.0,0.33,99.67,0,Cellular Bonded
4768,218,20,2025-12-20 02:11:05.668499,1.0,5904.0,0.06,99.94,0,Cellular Bonded
4769,212,85,2025-12-19 12:27:39.064297,19.9,11524.0,0.35,99.65,0,Satellite Hybrid
4770,171,39,2026-05-08 10:28:43.906879,98.4,14161.0,0.05,99.95,0,Cellular Bonded
4771,126,87,2026-01-13 06:21:35.181900,65.5,11573.0,0.49,99.51,0,Satellite Hybrid
4772,282,10,2025-11-03 12:13:32.508055,67.6,4254.0,0.03,99.97,0,Wired IP
4773,274,35,2026-04-13 22:04:29.241123,38.1,10562.0,0.36,99.64,0,Cellular Bonded
4774,275,6,2026-02-25 04:45:06.846284,74.9,12520.0,0.52,99.48,0,WiFi
4775,197,56,2026-07-27 09:48:38.555601,71.3,5923.0,0.42,99.58,0,Cellular Bonded
4776,216,99,2026-07-01 21:30:33.543783,85.5,6621.0,2.39,97.61,0,Wired IP
4777,113,23,2026-03-02 02:30:52.457097,48.3,11547.0,0.16,99.84,0,Cellular Bonded
4778,121,39,2026-05-15 18:02:39.158798,19.3,7305.0,0.12,99.88,0,Wired IP
4779,105,69,2025-11-11 06:53:58.968215,66.0,5118.0,0.41,99.59,0,Cellular Bonded
4780,9,12,2025-09-13 12:48:14.540665,59.6,8907.0,0.3,99.7,0,Cellular Bonded
4781,243,24,2026-05-13 17:03:17.593310,54.2,10751.0,0.48,99.52,0,WiFi
4782,57,99,2026-02-12 16:54:31.299579,68.2,13100.0,0.13,99.87,0,Satellite Hybrid
4783,179,13,2025-08-25 04:43:54.866470,126.7,7986.0,0.15,99.85,0,WiFi
4784,72,13,2026-07-15 09:28:46.312279,62.2,9875.0,0.11,99.89,0,Wired IP
4785,74,89,2026-03-31 23:15:17.105031,1.0,6150.0,0.17,99.83,0,Cellular Bonded
4786,283,56,2025-11-14 19:51:13.658227,36.6,12647.0,0.16,99.84,0,WiFi
4787,216,99,2026-04-12 01:42:48.718997,41.5,6534.0,0.48,99.52,0,Wired IP
4788,115,57,2025-08-23 11:34:28.749829,36.5,6508.0,0.44,99.56,0,Satellite Hybrid
4789,71,55,2026-04-06 04:26:36.115040,29.1,7707.0,0.04,99.96,0,WiFi
4790,74,89,2026-07-14 11:25:56.402232,110.2,7619.0,0.34,99.66,0,Satellite Hybrid
4791,14,74,2026-06-13 20:11:06.611788,37.5,8167.0,0.18,99.82,0,Cellular Bonded
4792,218,20,2025-09-22 18:05:42.334689,99.8,8614.0,0.23,99.77,0,Satellite Hybrid
4793,55,99,2026-03-29 08:38:50.044943,63.7,6736.0,0.33,99.67,0,Cellular Bonded
4794,38,68,2026-06-19 04:12:30.599878,37.9,10395.0,0.24,99.76,0,Cellular Bonded
4795,81,84,2025-09-10 14:03:06.394544,120.7,14292.0,0.03,94.97,1,Satellite Hybrid
4796,188,39,2026-06-12 15:32:49.550215,42.1,7231.0,0.08,99.92,0,WiFi
4797,126,87,2025-09-28 22:02:43.055438,61.8,5610.0,0.09,99.91,0,Cellular Bonded
4798,292,65,2026-03-23 10:17:41.753842,63.6,4362.0,0.11,99.89,0,Cellular Bonded
4799,214,101,2026-03-30 23:13:06.847803,72.4,11496.0,0.07,99.93,0,Cellular Bonded
4800,94,76,2025-09-10 06:37:36.590707,70.3,6228.0,0.17,99.83,0,Cellular Bonded
4801,72,13,2025-10-31 05:03:09.322599,44.2,5337.0,0.66,99.34,0,Cellular Bonded
4802,154,112,2025-12-19 09:10:16.182002,66.6,5518.0,0.33,99.67,0,Cellular Bonded
4803,173,74,2026-06-19 08:58:21.471873,25.5,5758.0,0.08,99.92,0,Cellular Bonded
4804,7,43,2026-05-14 14:40:58.397820,69.0,7231.0,1.79,98.21,0,Satellite Hybrid
4805,80,62,2026-01-11 23:42:10.879311,121.2,5095.0,0.34,99.66,0,WiFi
4806,17,29,2025-10-01 08:04:01.227490,124.6,11388.0,0.1,99.9,0,Cellular Bonded
4807,89,100,2026-04-24 22:59:33.469490,59.1,3058.0,0.37,99.63,0,Wired IP
4808,6,51,2026-03-05 12:11:47.520600,41.0,6876.0,0.81,99.19,0,Wired IP
4809,217,19,2025-12-13 15:09:28.057128,24.1,7920.0,0.27,99.73,0,Cellular Bonded
4810,233,87,2026-08-05 09:21:11.185217,79.1,9625.0,0.11,99.89,0,Wired IP
4811,133,9,2025-11-04 01:50:14.156093,82.8,8338.0,1.57,98.43,0,Cellular Bonded
4812,257,41,2025-09-03 21:06:12.852735,70.1,5434.0,1.25,98.75,0,Wired IP
4813,117,109,2025-10-20 13:17:22.484488,15.1,8645.0,0.07,99.93,0,WiFi
4814,81,84,2025-09-10 07:36:21.943890,112.0,13534.0,0.25,99.75,0,WiFi
4815,48,21,2025-11-26 05:17:25.493638,47.7,9967.0,0.1,99.9,0,WiFi
4816,65,23,2026-05-21 18:35:15.611310,55.3,9654.0,0.13,99.87,0,Cellular Bonded
4817,206,45,2025-10-18 14:00:30.488227,41.3,7002.0,0.36,99.64,0,Cellular Bonded
4818,113,23,2025-12-31 06:38:25.169699,35.6,8506.0,0.05,99.95,0,Cellular Bonded
4819,287,5,2025-10-17 11:20:01.474408,1.0,8223.0,0.7,99.3,0,Cellular Bonded
4820,40,117,2025-11-15 04:16:56.440760,97.5,2903.0,0.81,99.19,0,Cellular Bonded
4821,240,72,2026-03-18 16:28:33.587284,122.5,3419.0,0.15,99.85,0,WiFi
4822,208,47,2025-10-05 22:10:42.908623,93.2,6628.0,0.13,99.87,0,Wired IP
4823,85,13,2026-06-03 00:05:57.071421,94.9,7096.0,0.2,99.8,0,Cellular Bonded
4824,191,77,2026-04-06 00:21:12.180560,86.6,6944.0,0.15,99.85,0,Cellular Bonded
4825,100,52,2026-01-02 12:59:26.893554,32.6,5955.0,1.15,98.85,0,Wired IP
4826,54,64,2025-10-14 19:47:42.662292,88.0,7012.0,0.11,99.89,0,Cellular Bonded
4827,172,91,2026-07-05 08:05:53.196998,86.6,9593.0,0.14,94.86,1,Cellular Bonded
4828,145,50,2025-09-16 16:55:45.134375,90.7,6260.0,1.34,98.66,0,Cellular Bonded
4829,55,99,2025-08-20 21:00:38.868553,43.1,9601.0,0.46,99.54,0,Cellular Bonded
4830,6,51,2026-07-22 07:34:13.782662,1.8,9459.0,1.04,98.96,0,Cellular Bonded
4831,159,17,2026-05-03 05:27:12.509089,109.8,7166.0,0.23,99.77,0,Cellular Bonded
4832,104,117,2026-03-22 23:22:15.716732,113.6,8425.0,0.23,99.77,0,Cellular Bonded
4833,17,29,2025-11-29 19:28:56.599171,84.5,7686.0,0.03,99.97,0,Cellular Bonded
4834,44,29,2026-04-28 09:28:41.988230,39.7,8556.0,0.17,99.83,0,Wired IP
4835,290,33,2026-06-03 10:30:39.166551,45.2,9891.0,0.1,99.9,0,Wired IP
4836,248,36,2026-02-08 00:02:52.463294,48.1,8723.0,0.1,99.9,0,Satellite Hybrid
4837,162,45,2025-10-03 13:25:15.872259,70.6,1256.0,1.21,98.79,0,Cellular Bonded
4838,159,17,2025-10-09 11:18:31.303669,78.5,10000.0,0.05,94.95,1,WiFi
4839,183,20,2025-11-25 03:30:05.642181,3.4,8283.0,0.14,99.86,0,Satellite Hybrid
4840,204,45,2026-01-29 15:49:32.364080,81.2,8219.0,0.77,99.23,0,Cellular Bonded
4841,162,45,2025-11-13 13:48:51.402383,54.0,7151.0,0.36,99.64,0,Cellular Bonded
4842,183,20,2025-10-20 22:56:16.485832,12.8,6290.0,0.16,99.84,0,Wired IP
4843,50,10,2026-04-27 17:26:46.116703,133.4,9482.0,0.59,99.41,0,WiFi
4844,258,100,2026-03-23 21:38:11.584528,55.3,6670.0,0.17,99.83,0,Cellular Bonded
4845,77,30,2026-05-07 01:04:16.595226,110.9,6444.0,0.55,94.45,1,Cellular Bonded
4846,196,25,2026-03-29 15:51:56.294168,100.8,4320.0,0.05,99.95,0,Cellular Bonded
4847,20,95,2025-09-19 08:52:18.564107,57.7,11169.0,0.77,99.23,0,WiFi
4848,78,17,2026-06-15 22:30:41.080835,41.5,5743.0,0.06,99.94,0,Cellular Bonded
4849,41,114,2025-12-06 04:31:14.786049,60.7,10453.0,0.4,99.6,0,Cellular Bonded
4850,48,21,2026-01-18 02:41:16.523733,104.8,7349.0,0.01,99.99,0,Cellular Bonded
4851,119,42,2026-03-09 19:48:00.730968,52.6,10045.0,0.06,99.94,0,Cellular Bonded
4852,73,23,2025-10-27 06:58:29.868368,94.0,8984.0,0.41,99.59,0,Wired IP
4853,83,89,2026-08-13 09:18:56.458641,15.9,10660.0,0.24,99.76,0,Cellular Bonded
4854,257,41,2026-08-09 19:21:09.885913,99.1,4497.0,0.1,99.9,0,Satellite Hybrid
4855,268,77,2026-04-01 04:03:47.750726,88.8,11007.0,0.02,99.98,0,WiFi
4856,175,19,2026-06-29 04:04:26.309734,35.5,5831.0,0.04,99.96,0,Cellular Bonded
4857,68,37,2026-08-13 10:52:49.340462,1.0,7937.0,0.07,99.93,0,WiFi
4858,185,72,2026-02-19 12:15:57.361233,69.5,10622.0,0.11,99.89,0,Cellular Bonded
4859,221,47,2026-02-03 16:41:58.329519,64.2,7215.0,0.53,99.47,0,Cellular Bonded
4860,199,38,2026-04-03 22:08:59.495965,70.0,7258.0,0.41,99.59,0,WiFi
4861,39,58,2025-11-02 04:57:13.277430,90.0,6476.0,0.26,99.74,0,Cellular Bonded
4862,291,118,2025-09-06 14:39:25.998255,1.0,8957.0,0.12,99.88,0,Cellular Bonded
4863,255,92,2025-09-28 08:53:56.221890,50.7,1807.0,0.54,99.46,0,Cellular Bonded
4864,8,101,2025-10-11 17:00:34.157312,58.3,8756.0,0.18,99.82,0,Cellular Bonded
4865,159,17,2026-06-22 06:03:33.628415,117.3,10397.0,1.06,98.94,0,Cellular Bonded
4866,45,120,2026-07-16 23:11:59.235293,99.9,5656.0,0.49,99.51,0,Wired IP
4867,233,87,2026-02-15 20:25:45.336262,91.3,5640.0,0.03,99.97,0,Cellular Bonded
4868,152,83,2025-10-15 13:22:08.670798,78.3,5937.0,0.37,99.63,0,Cellular Bonded
4869,144,9,2026-07-21 01:13:23.730421,27.4,3961.0,0.11,99.89,0,Cellular Bonded
4870,181,92,2025-09-06 23:03:19.565000,106.6,6391.0,0.18,99.82,0,Cellular Bonded
4871,92,105,2025-12-29 04:24:09.277707,61.0,11943.0,1.16,98.84,0,Cellular Bonded
4872,236,12,2025-11-02 17:55:44.786903,49.6,8465.0,1.06,98.94,0,Cellular Bonded
4873,243,24,2025-11-18 00:04:02.580605,19.7,8188.0,1.16,98.84,0,WiFi
4874,227,1,2026-03-31 09:39:04.763776,11.2,6810.0,0.15,99.85,0,Wired IP
4875,72,13,2026-07-09 03:40:24.170915,89.0,8565.0,0.23,99.77,0,WiFi
4876,292,65,2026-01-30 15:43:47.666484,1.0,6834.0,0.29,99.71,0,Cellular Bonded
4877,187,105,2025-09-25 08:33:02.675564,64.9,8996.0,0.67,99.33,0,WiFi
4878,206,45,2025-09-06 09:17:29.982395,1.0,2895.0,0.17,99.83,0,Cellular Bonded
4879,67,96,2026-03-02 09:31:00.251651,73.0,8312.0,0.1,99.9,0,Wired IP
4880,263,17,2025-10-14 22:21:10.583953,72.0,4092.0,0.17,99.83,0,Cellular Bonded
4881,161,89,2025-08-28 20:21:39.390129,59.0,6749.0,0.02,99.98,0,Cellular Bonded
4882,212,85,2026-02-22 04:46:21.145726,75.2,5147.0,0.68,99.32,0,Cellular Bonded
4883,135,58,2025-09-13 02:31:08.034932,73.2,7067.0,0.0,100.0,0,WiFi
4884,22,2,2025-11-12 03:10:26.667995,51.0,6810.0,0.05,99.95,0,Cellular Bonded
4885,30,93,2026-01-27 14:46:46.974974,50.4,8739.0,2.06,97.94,0,Cellular Bonded
4886,126,87,2026-03-17 20:59:29.017586,76.0,4718.0,0.02,99.98,0,WiFi
4887,288,119,2026-01-18 05:08:40.314852,136.7,6642.0,0.08,94.92,1,Satellite Hybrid
4888,54,64,2026-05-17 22:55:07.790945,123.5,9345.0,0.14,99.86,0,Wired IP
4889,82,112,2026-07-12 04:19:46.037252,1.0,12157.0,0.02,99.98,0,Wired IP
4890,38,68,2025-11-10 05:17:47.296521,99.1,7196.0,0.03,99.97,0,Cellular Bonded
4891,237,74,2025-09-27 10:35:28.745626,84.1,4723.0,0.28,99.72,0,Cellular Bonded
4892,179,13,2025-11-09 09:18:40.382493,33.1,6793.0,0.06,99.94,0,Cellular Bonded
4893,274,35,2025-11-12 19:06:22.127003,61.8,5240.0,0.25,99.75,0,Wired IP
4894,239,16,2026-01-15 20:27:14.273184,86.1,3569.0,0.54,99.46,0,Satellite Hybrid
4895,93,19,2025-10-30 05:31:36.142782,69.7,9305.0,0.93,99.07,0,Cellular Bonded
4896,204,45,2026-07-09 14:56:09.921140,129.0,13616.0,1.82,98.18,0,Cellular Bonded
4897,103,16,2025-09-14 01:54:45.253985,77.7,5451.0,0.1,99.9,0,Satellite Hybrid
4898,34,34,2026-03-19 19:41:29.514268,40.0,6725.0,0.33,99.67,0,Satellite Hybrid
4899,249,90,2025-09-07 01:47:11.724619,113.9,10052.0,0.37,99.63,0,Cellular Bonded
4900,244,28,2026-01-24 08:19:04.899938,138.5,9119.0,0.19,99.81,0,Cellular Bonded
4901,233,87,2025-11-05 03:32:09.618333,106.2,3975.0,0.1,94.9,1,WiFi
4902,80,62,2026-03-28 16:56:40.636798,56.2,11555.0,0.83,99.17,0,Wired IP
4903,75,99,2025-10-22 05:42:17.677869,78.9,10038.0,0.15,99.85,0,Cellular Bonded
4904,164,36,2026-01-01 13:48:34.307686,27.6,9701.0,0.54,99.46,0,Cellular Bonded
4905,195,113,2026-02-01 07:57:54.676809,70.1,5768.0,0.03,99.97,0,Cellular Bonded
4906,186,61,2025-10-28 02:42:18.648074,64.0,10495.0,0.31,99.69,0,Cellular Bonded
4907,243,24,2025-12-27 03:18:57.376351,14.6,8407.0,0.55,99.45,0,WiFi
4908,109,52,2025-11-24 16:30:16.793296,118.6,8627.0,0.05,99.95,0,Cellular Bonded
4909,217,19,2025-12-18 20:27:08.048837,85.5,9371.0,0.24,99.76,0,Cellular Bonded
4910,91,61,2025-08-29 22:54:04.083344,1.0,8942.0,0.29,99.71,0,Cellular Bonded
4911,36,105,2026-03-13 19:46:49.009951,131.1,9247.0,0.6,99.4,0,Satellite Hybrid
4912,42,109,2025-11-28 16:05:00.396525,47.6,4819.0,0.03,99.97,0,Cellular Bonded
4913,232,16,2025-09-27 19:08:43.949397,68.1,8637.0,0.07,99.93,0,Cellular Bonded
4914,269,92,2026-02-04 04:14:56.431878,1.0,7578.0,0.09,99.91,0,Cellular Bonded
4915,133,9,2026-01-17 21:45:50.064026,94.3,12913.0,0.74,99.26,0,Cellular Bonded
4916,28,90,2026-05-22 19:01:34.824226,75.2,10837.0,0.12,99.88,0,Cellular Bonded
4917,220,18,2025-11-06 11:50:59.816123,32.0,2331.0,0.03,99.97,0,WiFi
4918,153,8,2025-12-03 23:37:11.537055,63.2,5368.0,0.19,99.81,0,Cellular Bonded
4919,179,13,2025-10-14 11:20:10.140308,62.7,7360.0,0.68,99.32,0,Cellular Bonded
4920,247,92,2026-06-04 06:52:38.449532,32.8,8759.0,0.74,99.26,0,Wired IP
4921,83,89,2026-08-01 00:48:54.582645,39.7,12148.0,1.19,98.81,0,Wired IP
4922,224,14,2026-07-14 19:27:18.653937,59.5,9690.0,0.62,99.38,0,WiFi
4923,293,18,2026-03-17 06:37:13.904060,70.8,4706.0,0.55,99.45,0,Wired IP
4924,6,51,2026-03-08 00:23:30.119565,1.0,3820.0,0.92,99.08,0,Cellular Bonded
4925,102,111,2025-11-10 02:08:03.411022,93.2,11551.0,1.02,98.98,0,Cellular Bonded
4926,297,11,2026-01-15 12:34:30.368050,69.4,8091.0,0.54,99.46,0,Cellular Bonded
4927,166,31,2026-02-24 16:55:01.548606,80.5,6996.0,0.16,99.84,0,WiFi
4928,163,4,2026-06-28 23:24:47.099624,133.0,7461.0,0.02,94.98,1,Cellular Bonded
4929,235,75,2025-11-05 05:57:59.994853,81.4,7058.0,0.73,99.27,0,Cellular Bonded
4930,256,101,2026-02-07 01:56:23.252636,111.4,5395.0,0.54,99.46,0,WiFi
4931,59,36,2026-02-03 03:58:08.648997,1.0,5885.0,0.36,99.64,0,WiFi
4932,209,21,2025-08-23 12:47:21.758798,133.4,7557.0,0.01,99.99,0,Wired IP
4933,2,35,2026-01-21 12:22:46.070026,44.0,11403.0,0.19,99.81,0,Cellular Bonded
4934,65,23,2026-07-02 18:31:19.084770,87.4,9646.0,0.4,99.6,0,Cellular Bonded
4935,297,11,2025-11-16 16:57:46.920319,53.4,3793.0,0.12,99.88,0,Cellular Bonded
4936,112,53,2026-01-23 18:09:26.396124,38.6,4996.0,0.42,99.58,0,Wired IP
4937,97,28,2025-11-07 10:13:01.491483,126.5,5696.0,0.06,99.94,0,Cellular Bonded
4938,280,25,2026-07-22 19:20:02.599613,39.7,7001.0,0.3,99.7,0,WiFi
4939,194,63,2026-07-29 15:48:02.502781,59.9,10698.0,0.25,99.75,0,Wired IP
4940,108,25,2026-07-17 19:05:24.811147,92.0,7236.0,1.46,98.54,0,Cellular Bonded
4941,296,49,2026-07-12 03:16:10.943765,184.4,11050.0,0.8,99.2,0,Cellular Bonded
4942,190,3,2026-01-17 17:48:14.987052,87.0,8708.0,0.07,99.93,0,WiFi
4943,9,12,2025-09-03 09:10:05.067502,47.6,12147.0,0.03,99.97,0,Satellite Hybrid
4944,158,116,2026-08-15 02:13:45.048610,59.4,6665.0,0.2,99.8,0,Wired IP
4945,64,24,2026-05-12 23:40:41.547468,100.9,6598.0,0.02,99.98,0,Cellular Bonded
4946,234,57,2026-02-18 07:08:26.707642,153.3,9573.0,0.66,99.34,0,WiFi
4947,181,92,2026-01-20 15:14:30.097787,49.2,11803.0,0.52,99.48,0,Cellular Bonded
4948,278,69,2026-01-09 04:20:41.218616,52.0,9789.0,0.98,99.02,0,WiFi
4949,172,91,2026-06-09 19:36:56.592505,1.0,5542.0,1.48,98.52,0,WiFi
4950,91,61,2026-04-29 13:04:30.609775,125.4,4778.0,0.34,99.66,0,Cellular Bonded
4951,192,92,2025-09-23 00:17:19.569846,87.1,13317.0,0.43,99.57,0,Wired IP
4952,84,86,2026-02-15 00:53:38.834473,80.0,7557.0,0.03,99.97,0,Cellular Bonded
4953,196,25,2025-09-17 13:40:59.463091,81.9,13501.0,0.31,99.69,0,WiFi
4954,224,14,2026-05-20 03:24:50.263110,89.6,7787.0,0.19,99.81,0,Satellite Hybrid
4955,51,101,2026-04-28 06:28:02.243192,142.2,6637.0,0.08,99.92,0,Cellular Bonded
4956,54,64,2026-01-13 16:05:11.063787,71.2,6298.0,1.32,98.68,0,Cellular Bonded
4957,9,12,2025-11-05 19:40:03.947657,111.5,9688.0,0.1,99.9,0,Cellular Bonded
4958,211,118,2025-12-27 01:41:58.227123,39.3,5636.0,0.05,99.95,0,Cellular Bonded
4959,279,47,2025-11-13 12:08:15.921373,111.7,6754.0,0.65,99.35,0,WiFi
4960,228,117,2026-08-17 21:29:49.904068,1.0,9784.0,0.21,99.79,0,Cellular Bonded
4961,17,29,2025-08-24 01:17:06.720893,91.7,8312.0,0.13,99.87,0,Cellular Bonded
4962,216,99,2026-04-19 11:06:57.132223,103.6,9085.0,0.12,99.88,0,Cellular Bonded
4963,233,87,2025-10-16 07:16:11.349487,106.1,8751.0,1.02,98.98,0,Cellular Bonded
4964,59,36,2026-02-01 21:28:48.821218,10.6,6174.0,0.34,99.66,0,Satellite Hybrid
4965,241,102,2026-03-14 10:48:18.068818,65.0,8056.0,0.32,99.68,0,Cellular Bonded
4966,180,114,2026-03-19 07:08:40.390254,46.9,5978.0,0.11,99.89,0,WiFi
4967,238,96,2026-08-09 16:06:18.179243,1.0,9025.0,0.27,99.73,0,Cellular Bonded
4968,203,44,2026-02-03 12:42:36.378582,77.7,7305.0,1.16,93.84,1,Cellular Bonded
4969,192,92,2025-10-07 20:12:00.857453,54.1,11877.0,0.2,99.8,0,WiFi
4970,260,27,2026-05-01 21:51:29.923347,41.2,6650.0,0.01,99.99,0,Cellular Bonded
4971,136,108,2025-10-24 18:01:25.973609,133.7,7536.0,0.16,99.84,0,Cellular Bonded
4972,213,75,2026-07-02 09:21:07.633747,79.9,7357.0,0.09,99.91,0,Wired IP
4973,3,33,2026-04-04 01:11:14.582229,94.0,7779.0,0.21,99.79,0,Cellular Bonded
4974,213,75,2026-05-02 04:34:46.145010,153.5,11091.0,0.4,94.6,1,Cellular Bonded
4975,14,74,2025-08-18 17:40:06.745241,70.5,6779.0,1.08,98.92,0,Wired IP
4976,192,92,2026-04-04 05:30:57.199839,53.7,8142.0,0.04,99.96,0,WiFi
4977,266,117,2026-01-05 17:38:00.735619,108.4,8475.0,0.7,99.3,0,Satellite Hybrid
4978,163,4,2026-04-27 09:21:37.374381,49.0,8756.0,0.41,99.59,0,Wired IP
4979,293,18,2026-02-28 01:05:36.291455,85.0,6272.0,0.15,99.85,0,WiFi
4980,124,5,2025-12-04 12:08:04.662492,83.2,8526.0,0.5,99.5,0,Cellular Bonded
4981,201,6,2026-05-20 01:44:36.294671,133.7,5698.0,0.04,99.96,0,Wired IP
4982,202,58,2026-04-30 01:21:12.447466,97.0,7694.0,0.49,99.51,0,Cellular Bonded
4983,296,49,2026-03-29 19:49:13.841355,98.4,8403.0,0.64,99.36,0,Cellular Bonded
4984,200,117,2026-03-16 05:16:59.328466,119.6,6293.0,0.11,99.89,0,Cellular Bonded
4985,89,100,2025-11-01 20:31:23.618146,98.4,11319.0,0.07,99.93,0,Satellite Hybrid
4986,163,4,2026-04-25 04:02:45.361792,129.6,13076.0,0.7,99.3,0,Cellular Bonded
4987,224,14,2026-04-01 17:30:17.858950,97.7,9968.0,0.51,99.49,0,Cellular Bonded
4988,65,23,2025-12-18 18:43:45.468152,2.4,4119.0,0.53,99.47,0,Cellular Bonded
4989,296,49,2026-07-24 13:04:03.457317,111.4,4267.0,0.73,99.27,0,Cellular Bonded
4990,134,74,2026-02-22 03:18:26.581590,178.7,9386.0,0.06,99.94,0,Wired IP
4991,82,112,2026-07-16 10:13:52.718708,18.9,7770.0,0.5,99.5,0,WiFi
4992,105,69,2025-12-29 02:37:41.055763,62.4,9305.0,0.12,99.88,0,Cellular Bonded
4993,14,74,2025-09-06 01:27:33.669943,94.0,11602.0,1.44,98.56,0,WiFi
4994,79,113,2026-01-05 00:46:30.217236,19.5,7418.0,0.09,94.91,1,Cellular Bonded
4995,279,47,2026-02-04 02:39:34.529852,22.6,8062.0,0.14,99.86,0,Cellular Bonded
4996,41,114,2025-09-02 03:49:12.287527,57.8,5551.0,0.09,99.91,0,WiFi
4997,13,40,2025-12-30 00:01:35.351450,17.2,13814.0,0.32,99.68,0,Cellular Bonded
4998,67,96,2026-04-11 20:20:11.039216,78.8,6788.0,1.05,98.95,0,Wired IP
4999,184,92,2026-05-02 13:05:29.760399,28.7,12321.0,0.26,99.74,0,WiFi
5000,114,16,2026-03-10 22:30:06.845297,47.5,10822.0,0.99,99.01,0,Cellular Bonded
5001,275,6,2026-05-27 14:59:08.717102,87.3,8093.0,1.11,98.89,0,WiFi
5002,194,63,2025-10-07 18:17:21.865591,21.5,6301.0,0.03,99.97,0,WiFi
5003,27,81,2025-12-18 12:01:37.799537,176.1,8331.0,0.26,99.74,0,Cellular Bonded
5004,74,89,2026-03-03 05:25:55.319672,97.8,8353.0,0.01,99.99,0,WiFi
5005,297,11,2026-04-12 03:55:16.069858,122.6,6390.0,1.19,98.81,0,Cellular Bonded
5006,57,99,2026-05-14 09:52:44.101799,58.8,7406.0,0.1,99.9,0,WiFi
5007,63,96,2026-05-19 20:23:29.762236,86.4,12571.0,0.22,99.78,0,Satellite Hybrid
5008,145,50,2026-07-02 05:40:07.911035,45.4,8726.0,0.32,99.68,0,WiFi
5009,93,19,2026-05-01 19:18:23.285492,116.2,6327.0,0.75,99.25,0,WiFi
5010,254,28,2026-05-20 04:14:40.413143,117.5,10271.0,0.62,99.38,0,WiFi
5011,107,12,2026-05-22 23:48:45.472212,16.6,7571.0,0.15,99.85,0,Cellular Bonded
5012,252,60,2025-12-13 05:17:32.439124,58.1,2359.0,1.28,98.72,0,Wired IP
5013,212,85,2026-07-12 00:28:37.545499,59.5,6043.0,0.31,99.69,0,Cellular Bonded
5014,40,117,2026-02-18 01:26:34.821756,49.5,8854.0,0.19,99.81,0,Cellular Bonded
5015,215,36,2026-01-19 14:59:12.532491,163.3,9558.0,0.53,99.47,0,Cellular Bonded
5016,161,89,2025-09-07 02:50:36.678940,126.9,9497.0,0.57,99.43,0,Cellular Bonded
5017,231,3,2026-01-01 07:55:41.769742,41.9,11377.0,0.06,99.94,0,Cellular Bonded
5018,93,19,2026-01-30 09:16:23.770860,86.0,11526.0,0.28,99.72,0,Satellite Hybrid
5019,92,105,2026-02-17 06:54:21.223991,48.6,5948.0,0.19,99.81,0,Cellular Bonded
5020,17,29,2026-06-17 01:27:43.640169,74.4,10637.0,0.52,99.48,0,Cellular Bonded
5021,176,39,2026-02-05 20:48:30.054013,30.5,6149.0,0.47,99.53,0,Cellular Bonded
5022,248,36,2026-02-28 09:42:55.910191,129.3,6177.0,1.43,98.57,0,Cellular Bonded
5023,280,25,2026-06-15 12:50:03.221070,32.6,9556.0,0.35,94.65,1,Satellite Hybrid
5024,268,77,2026-07-12 13:46:39.495177,49.6,7541.0,0.2,99.8,0,Cellular Bonded
5025,63,96,2026-01-30 05:29:10.311731,68.9,4626.0,0.45,99.55,0,Cellular Bonded
5026,16,44,2025-12-30 15:01:57.894119,4.2,9173.0,0.45,99.55,0,WiFi
5027,266,117,2026-04-21 00:31:58.089216,45.1,10930.0,0.34,99.66,0,WiFi
5028,79,113,2026-04-28 07:01:17.068130,71.0,6451.0,0.72,99.28,0,Cellular Bonded
5029,187,105,2026-08-10 06:40:49.303459,139.0,6963.0,0.03,99.97,0,Cellular Bonded
5030,112,53,2026-07-06 14:47:28.101912,47.8,4855.0,0.09,94.91,1,Satellite Hybrid
5031,71,55,2025-10-25 23:52:47.524903,43.1,7847.0,0.13,99.87,0,Cellular Bonded
5032,65,23,2026-07-06 22:13:34.182824,12.4,6065.0,0.47,99.53,0,Cellular Bonded
5033,247,92,2025-09-19 02:37:48.483893,122.0,6027.0,0.26,99.74,0,Satellite Hybrid
5034,48,21,2026-01-07 20:28:31.607683,48.1,9232.0,1.81,98.19,0,Wired IP
5035,283,56,2025-10-22 12:17:05.545249,88.5,7202.0,0.56,99.44,0,Wired IP
5036,240,72,2026-08-03 00:58:06.879523,108.8,10997.0,0.0,100.0,0,Cellular Bonded
5037,254,28,2025-09-15 07:51:14.294645,40.6,5399.0,1.54,98.46,0,Cellular Bonded
5038,205,32,2025-10-17 09:13:54.846434,33.0,9361.0,0.0,100.0,0,Cellular Bonded
5039,129,75,2025-09-28 03:09:52.332819,42.2,6626.0,0.01,99.99,0,Cellular Bonded
5040,144,9,2025-10-11 05:56:28.028388,65.0,6888.0,0.28,99.72,0,Cellular Bonded
5041,53,24,2025-10-12 04:13:45.221886,91.0,6729.0,0.25,99.75,0,Cellular Bonded
5042,160,71,2025-10-31 19:12:06.122990,108.0,10484.0,0.57,99.43,0,WiFi
5043,106,99,2026-07-31 19:04:24.402090,105.7,7142.0,0.03,99.97,0,Satellite Hybrid
5044,250,8,2025-08-26 12:30:36.726720,58.0,12741.0,0.12,99.88,0,Cellular Bonded
5045,229,54,2026-01-17 06:58:57.621840,57.3,7000.0,0.02,99.98,0,WiFi
5046,140,46,2026-04-24 08:13:49.212874,75.6,9982.0,0.43,99.57,0,Cellular Bonded
5047,56,49,2026-07-24 08:29:46.377771,114.2,6091.0,1.29,98.71,0,Cellular Bonded
5048,220,18,2026-02-07 05:35:01.301153,31.8,2838.0,0.22,99.78,0,Satellite Hybrid
5049,181,92,2026-01-18 14:27:48.798443,99.1,9751.0,0.42,99.58,0,Cellular Bonded
5050,33,90,2026-05-14 12:45:46.239677,67.6,8344.0,0.22,99.78,0,Cellular Bonded
5051,18,13,2025-08-26 01:55:38.007057,55.3,11243.0,0.29,99.71,0,Cellular Bonded
5052,130,18,2025-10-26 06:04:28.325942,68.3,11103.0,0.32,99.68,0,Wired IP
5053,151,38,2025-08-26 06:47:00.960491,61.3,6200.0,0.17,99.83,0,Cellular Bonded
5054,272,13,2026-06-06 23:54:58.014072,20.7,7737.0,0.01,99.99,0,Cellular Bonded
5055,16,44,2026-06-19 00:39:48.525598,69.4,6852.0,0.38,99.62,0,Wired IP
5056,166,31,2026-02-23 22:05:45.358902,45.6,5084.0,0.79,99.21,0,Cellular Bonded
5057,96,71,2025-12-18 20:19:47.514576,88.6,9895.0,0.83,99.17,0,Cellular Bonded
5058,38,68,2026-03-17 11:43:46.444384,94.0,11039.0,0.11,99.89,0,Wired IP
5059,191,77,2026-04-14 14:48:47.488903,99.5,8373.0,0.78,99.22,0,Cellular Bonded
5060,161,89,2026-06-01 11:03:30.374075,1.0,11168.0,0.49,99.51,0,Satellite Hybrid
5061,164,36,2026-02-11 16:50:53.806798,20.2,10905.0,0.1,99.9,0,WiFi
5062,169,108,2026-04-18 07:15:13.382853,59.5,7484.0,0.09,99.91,0,Cellular Bonded
5063,291,118,2026-02-27 18:29:12.481182,112.0,5634.0,0.48,99.52,0,Cellular Bonded
5064,120,58,2026-03-06 10:50:02.819260,8.9,7243.0,0.44,99.56,0,Cellular Bonded
5065,198,33,2026-02-01 10:18:12.527691,110.8,5946.0,0.01,99.99,0,Cellular Bonded
5066,109,52,2026-03-13 07:23:26.800289,25.1,9918.0,0.09,99.91,0,Wired IP
5067,53,24,2026-07-12 03:32:01.181546,47.1,7415.0,0.47,99.53,0,Satellite Hybrid
5068,39,58,2025-12-08 02:54:43.714381,137.9,6164.0,0.68,99.32,0,Cellular Bonded
5069,216,99,2026-06-02 08:27:52.080183,30.2,6295.0,0.14,99.86,0,WiFi
5070,223,49,2025-11-09 00:32:56.958540,6.0,5933.0,0.66,99.34,0,Cellular Bonded
5071,164,36,2025-12-31 23:56:34.750407,104.6,8623.0,0.21,99.79,0,Cellular Bonded
5072,26,87,2025-12-01 10:09:35.327678,137.9,7826.0,0.29,99.71,0,Cellular Bonded
5073,256,101,2026-06-22 21:14:00.430036,73.2,7023.0,0.2,99.8,0,WiFi
5074,141,13,2025-10-11 09:18:28.402563,104.8,12556.0,0.93,99.07,0,Cellular Bonded
5075,64,24,2025-11-30 01:10:52.641114,80.1,5381.0,0.03,99.97,0,Satellite Hybrid
5076,168,61,2026-08-02 07:04:22.821905,100.9,8518.0,0.05,99.95,0,Cellular Bonded
5077,122,14,2026-04-01 01:30:58.914988,1.0,5971.0,0.0,100.0,0,Wired IP
5078,146,27,2025-10-15 22:23:43.423714,91.0,10957.0,0.06,94.94,1,Cellular Bonded
5079,295,111,2026-03-01 15:36:35.047675,72.6,9721.0,0.37,99.63,0,Wired IP
5080,237,74,2025-10-23 18:40:26.139448,147.8,11172.0,0.17,99.83,0,Cellular Bonded
5081,207,61,2025-10-21 06:02:16.338735,19.8,10921.0,0.33,94.67,1,Cellular Bonded
5082,274,35,2026-05-03 17:27:18.686094,58.2,4888.0,0.1,99.9,0,Wired IP
5083,21,46,2026-07-14 11:51:35.418155,97.3,3933.0,0.12,99.88,0,Cellular Bonded
5084,9,12,2026-06-04 05:55:48.435563,91.5,7406.0,0.2,99.8,0,WiFi
5085,49,36,2025-10-16 02:28:03.932448,73.8,11711.0,0.28,99.72,0,Cellular Bonded
5086,213,75,2025-09-29 22:01:47.136675,63.7,6030.0,0.81,99.19,0,Cellular Bonded
5087,141,13,2026-08-16 00:07:39.008010,58.4,8780.0,0.3,99.7,0,Cellular Bonded
5088,178,45,2026-03-15 23:06:49.350717,24.2,7489.0,0.02,99.98,0,Wired IP
5089,285,114,2026-01-26 04:19:45.791354,102.1,10439.0,0.04,99.96,0,Wired IP
5090,253,50,2025-12-31 04:24:16.299418,111.9,7746.0,0.01,99.99,0,Cellular Bonded
5091,202,58,2025-11-01 03:04:46.510103,51.9,9845.0,0.3,99.7,0,Wired IP
5092,233,87,2026-05-03 08:53:51.701789,125.5,9776.0,0.1,99.9,0,Cellular Bonded
5093,63,96,2026-04-18 04:36:26.440126,63.4,4074.0,0.65,99.35,0,Cellular Bonded
5094,53,24,2026-08-10 06:08:17.593979,118.8,8715.0,0.11,94.89,1,Wired IP
5095,25,35,2025-10-11 05:51:18.051192,39.4,9426.0,0.52,99.48,0,Cellular Bonded
5096,72,13,2026-01-28 22:23:27.767239,81.3,9113.0,1.28,98.72,0,Cellular Bonded
5097,166,31,2026-08-09 07:44:14.858862,22.6,2204.0,1.34,98.66,0,WiFi
5098,224,14,2026-03-01 00:56:46.573718,82.8,6758.0,0.08,99.92,0,Cellular Bonded
5099,46,36,2025-10-01 14:05:27.248643,104.4,5718.0,0.66,99.34,0,Cellular Bonded
5100,189,1,2025-08-27 08:05:25.410977,82.5,5497.0,0.48,99.52,0,Cellular Bonded
5101,276,82,2026-07-24 02:46:45.105031,70.7,7630.0,0.41,99.59,0,Wired IP
5102,27,81,2026-05-25 18:40:42.876620,122.7,9888.0,0.48,99.52,0,Satellite Hybrid
5103,23,115,2026-07-30 05:15:49.167534,53.0,6503.0,0.03,99.97,0,Wired IP
5104,156,65,2026-07-22 22:14:21.348721,11.2,7473.0,0.35,99.65,0,Cellular Bonded
5105,169,108,2025-10-14 04:53:53.162437,40.5,10406.0,0.15,99.85,0,Wired IP
5106,195,113,2026-08-07 09:10:06.389155,104.1,8373.0,0.21,99.79,0,Cellular Bonded
5107,88,49,2026-03-05 14:28:52.741619,36.0,8026.0,0.07,99.93,0,Cellular Bonded
5108,299,26,2026-02-19 11:06:42.812815,88.2,9967.0,0.09,99.91,0,Cellular Bonded
5109,65,23,2026-04-11 12:12:00.146843,115.6,14815.0,0.52,99.48,0,Cellular Bonded
5110,76,105,2025-12-04 03:05:00.870478,59.4,9690.0,0.13,99.87,0,Cellular Bonded
5111,212,85,2026-07-11 07:20:39.504984,20.1,6590.0,1.05,98.95,0,Cellular Bonded
5112,63,96,2026-08-07 04:23:49.808771,55.6,10363.0,0.13,99.87,0,Cellular Bonded
5113,124,5,2026-05-20 12:54:06.358698,148.2,8133.0,0.91,99.09,0,WiFi
5114,251,58,2026-08-16 02:41:30.542892,44.0,7954.0,0.99,99.01,0,Wired IP
5115,165,70,2026-04-18 16:17:54.263193,52.1,7792.0,0.53,99.47,0,WiFi
5116,248,36,2026-06-06 02:46:35.588604,1.0,10495.0,0.76,99.24,0,Cellular Bonded
5117,136,108,2026-05-11 04:27:52.729957,48.7,7870.0,0.07,99.93,0,Wired IP
5118,43,75,2026-07-20 21:53:09.160618,117.6,8840.0,0.27,99.73,0,WiFi
5119,125,35,2025-12-19 20:55:20.674480,58.8,8030.0,0.92,99.08,0,Cellular Bonded
5120,106,99,2025-09-28 05:42:51.648235,14.2,1272.0,0.02,99.98,0,Cellular Bonded
5121,39,58,2026-02-09 02:03:25.535313,33.8,10568.0,0.21,99.79,0,Satellite Hybrid
5122,31,26,2025-09-01 20:52:08.206196,116.5,6519.0,0.86,99.14,0,Cellular Bonded
5123,111,100,2026-04-22 17:43:32.110979,7.9,10648.0,0.35,99.65,0,Cellular Bonded
5124,198,33,2025-09-29 21:40:06.544922,38.1,7309.0,0.33,99.67,0,Cellular Bonded
5125,54,64,2025-08-27 06:57:17.571932,96.9,3674.0,0.13,99.87,0,Wired IP
5126,271,29,2026-03-31 15:48:25.715597,30.6,4497.0,0.37,99.63,0,Wired IP
5127,161,89,2025-11-06 16:19:43.833371,41.7,9949.0,0.71,99.29,0,WiFi
5128,160,71,2025-12-26 16:49:56.100173,130.6,8544.0,0.34,99.66,0,Satellite Hybrid
5129,79,113,2025-12-15 09:00:18.910161,96.3,3772.0,1.19,98.81,0,WiFi
5130,55,99,2026-03-28 05:42:36.318488,73.6,7725.0,0.01,99.99,0,Wired IP
5131,113,23,2025-10-28 11:25:14.840428,90.8,9948.0,0.37,99.63,0,Cellular Bonded
5132,198,33,2026-02-26 09:47:14.998219,5.9,6985.0,0.13,99.87,0,Cellular Bonded
5133,263,17,2026-05-30 10:30:50.022840,108.5,8304.0,0.59,99.41,0,WiFi
5134,205,32,2026-05-25 06:12:40.811289,1.0,6606.0,0.57,99.43,0,WiFi
5135,143,42,2025-10-28 16:22:43.870840,1.0,10575.0,0.09,99.91,0,WiFi
5136,158,116,2025-09-17 18:02:46.946708,81.3,7427.0,0.14,99.86,0,Satellite Hybrid
5137,296,49,2026-06-24 07:43:52.699852,50.9,10952.0,0.71,99.29,0,WiFi
5138,76,105,2026-04-22 09:26:48.940257,55.7,9411.0,0.04,99.96,0,Cellular Bonded
5139,55,99,2026-08-02 19:25:28.502399,54.9,11635.0,0.12,99.88,0,Cellular Bonded
5140,124,5,2026-08-09 11:00:45.191646,110.3,5519.0,0.06,94.94,1,Cellular Bonded
5141,236,12,2026-01-09 05:15:04.184764,72.2,10493.0,0.01,99.99,0,Cellular Bonded
5142,15,43,2026-02-13 06:40:08.649670,146.3,4431.0,0.27,99.73,0,Wired IP
5143,272,13,2026-03-26 10:05:10.800034,50.3,5662.0,0.22,99.78,0,Satellite Hybrid
5144,136,108,2026-02-20 23:26:30.990284,45.4,8918.0,0.65,99.35,0,Satellite Hybrid
5145,282,10,2025-09-07 16:45:09.372575,29.8,9561.0,0.59,99.41,0,Cellular Bonded
5146,221,47,2026-04-18 15:14:07.075990,46.6,8405.0,0.05,99.95,0,Cellular Bonded
5147,204,45,2026-01-10 08:42:40.963787,59.3,7109.0,2.07,97.93,0,Cellular Bonded
5148,261,118,2026-05-06 14:15:05.895316,44.0,8931.0,0.24,99.76,0,Cellular Bonded
5149,226,31,2026-01-21 08:15:46.042434,34.3,7693.0,0.96,99.04,0,Cellular Bonded
5150,51,101,2026-01-06 04:26:19.934149,91.4,8729.0,0.06,99.94,0,WiFi
5151,196,25,2025-08-22 16:31:28.919665,56.6,3630.0,0.42,99.58,0,Wired IP
5152,217,19,2025-12-22 03:33:13.886410,113.0,6614.0,0.49,99.51,0,Cellular Bonded
5153,97,28,2025-12-08 16:50:42.169132,115.4,7520.0,0.54,99.46,0,Cellular Bonded
5154,142,40,2026-01-27 21:23:43.939785,79.6,12178.0,0.98,99.02,0,Satellite Hybrid
5155,253,50,2026-03-11 00:54:33.969254,106.1,7297.0,0.02,99.98,0,Wired IP
5156,56,49,2025-11-04 23:25:05.870074,78.8,8386.0,0.12,99.88,0,WiFi
5157,128,107,2026-07-08 07:44:40.842028,89.0,10301.0,0.09,99.91,0,Cellular Bonded
5158,113,23,2026-05-15 22:12:57.526611,1.0,13196.0,0.53,99.47,0,Cellular Bonded
5159,19,12,2026-01-16 22:51:44.227901,56.7,10746.0,0.02,99.98,0,Cellular Bonded
5160,123,95,2026-01-26 18:29:04.899967,88.2,13255.0,0.31,99.69,0,WiFi
5161,52,73,2025-10-17 00:40:56.339742,77.4,9698.0,0.28,99.72,0,Satellite Hybrid
5162,208,47,2026-05-10 23:42:23.113648,13.3,8612.0,0.41,99.59,0,Cellular Bonded
5163,52,73,2026-07-11 22:38:32.325408,111.0,9260.0,0.17,99.83,0,Cellular Bonded
5164,138,102,2026-05-11 05:00:19.596941,22.4,11189.0,0.11,99.89,0,WiFi
5165,88,49,2026-01-16 10:27:24.743286,165.8,7458.0,0.06,99.94,0,WiFi
5166,178,45,2026-06-19 05:36:17.211426,81.8,8235.0,1.55,98.45,0,Cellular Bonded
5167,148,5,2026-03-24 12:12:44.922334,9.1,10934.0,0.56,99.44,0,Cellular Bonded
5168,49,36,2025-10-09 16:08:22.844164,55.7,8158.0,0.4,99.6,0,Wired IP
5169,245,117,2025-12-06 22:19:03.152029,94.8,6230.0,0.14,99.86,0,WiFi
5170,123,95,2026-08-14 00:54:02.095846,28.5,9448.0,0.36,99.64,0,Wired IP
5171,36,105,2026-02-25 23:51:47.245046,124.7,5916.0,0.45,99.55,0,Cellular Bonded
5172,171,39,2025-12-18 16:17:39.581075,69.9,10015.0,0.18,99.82,0,Cellular Bonded
5173,73,23,2026-07-24 21:02:15.849348,134.7,7497.0,0.39,99.61,0,WiFi
5174,243,24,2026-03-21 20:38:08.899529,53.6,11529.0,0.29,99.71,0,Wired IP
5175,11,65,2026-01-02 09:50:55.384903,61.8,9097.0,0.46,99.54,0,Cellular Bonded
5176,136,108,2025-08-20 15:42:33.492430,82.7,6572.0,0.23,99.77,0,Cellular Bonded
5177,88,49,2026-04-08 10:16:31.720522,75.0,8390.0,1.08,98.92,0,Satellite Hybrid
5178,5,61,2025-11-26 00:20:41.513196,19.0,7836.0,0.63,99.37,0,Wired IP
5179,243,24,2025-10-21 01:57:08.419576,76.9,9152.0,0.0,100.0,0,Cellular Bonded
5180,251,58,2026-02-02 22:20:10.289799,101.0,7491.0,0.03,99.97,0,Cellular Bonded
5181,242,76,2026-03-13 13:12:49.925134,80.5,5824.0,0.63,99.37,0,Satellite Hybrid
5182,9,12,2026-07-18 04:52:46.687678,83.7,11208.0,0.08,99.92,0,Cellular Bonded
5183,149,29,2025-10-29 23:24:33.092341,58.5,6465.0,0.18,99.82,0,Cellular Bonded
5184,269,92,2026-06-18 01:19:33.867966,72.0,8054.0,0.56,99.44,0,Cellular Bonded
5185,76,105,2025-12-01 21:41:48.804987,98.7,9383.0,0.9,99.1,0,Cellular Bonded
5186,52,73,2026-02-13 07:43:21.514271,100.5,6783.0,0.6,99.4,0,Cellular Bonded
5187,172,91,2026-06-14 14:13:57.776679,78.1,5945.0,0.03,99.97,0,Cellular Bonded
5188,180,114,2025-12-06 11:28:09.764110,20.1,4322.0,0.25,99.75,0,Cellular Bonded
5189,132,76,2026-03-19 20:42:27.988488,58.0,5559.0,0.1,99.9,0,Cellular Bonded
5190,130,18,2026-02-14 14:30:58.520073,1.8,7575.0,0.11,99.89,0,WiFi
5191,7,43,2026-05-15 07:34:14.485923,110.4,8383.0,0.29,99.71,0,Wired IP
5192,155,109,2025-11-08 04:44:03.648767,91.8,4473.0,0.28,99.72,0,Wired IP
5193,266,117,2026-06-03 01:33:52.101851,108.9,7369.0,0.33,99.67,0,WiFi
5194,248,36,2025-10-13 11:07:10.213419,28.8,10820.0,0.14,99.86,0,Cellular Bonded
5195,266,117,2025-12-05 19:29:37.835965,116.6,8839.0,0.01,99.99,0,Satellite Hybrid
5196,11,65,2026-04-09 01:36:00.835395,98.3,7321.0,0.06,99.94,0,Satellite Hybrid
5197,211,118,2026-04-07 14:36:20.321101,62.7,8438.0,0.54,99.46,0,Wired IP
5198,73,23,2025-10-02 13:37:50.641171,51.7,8712.0,0.15,99.85,0,Satellite Hybrid
5199,16,44,2026-04-18 07:45:46.329489,58.4,8522.0,0.53,99.47,0,Cellular Bonded
5200,221,47,2025-12-01 06:09:13.606770,89.0,10495.0,0.3,99.7,0,Satellite Hybrid
5201,46,36,2025-10-22 17:11:42.979599,53.7,10346.0,0.59,99.41,0,Cellular Bonded
5202,194,63,2026-07-15 06:06:02.142733,106.5,10080.0,0.23,99.77,0,WiFi
5203,141,13,2026-04-10 14:39:52.807137,93.4,8232.0,0.05,99.95,0,Cellular Bonded
5204,279,47,2025-08-28 14:54:21.653953,75.1,8633.0,0.25,99.75,0,Wired IP
5205,231,3,2026-05-24 09:23:18.935580,8.2,8386.0,0.24,99.76,0,Wired IP
5206,270,112,2026-02-14 05:18:53.878339,82.4,7691.0,0.64,99.36,0,Cellular Bonded
5207,179,13,2026-08-07 13:19:52.778722,155.3,10199.0,0.44,99.56,0,Cellular Bonded
5208,201,6,2026-03-24 20:35:04.543133,71.0,9677.0,1.07,98.93,0,Satellite Hybrid
5209,142,40,2025-12-28 07:04:56.163847,136.5,3392.0,0.71,99.29,0,Cellular Bonded
5210,22,2,2026-02-09 15:14:22.073573,63.2,9482.0,1.25,98.75,0,Wired IP
5211,176,39,2026-01-24 10:06:01.632021,57.4,11900.0,0.35,99.65,0,WiFi
5212,63,96,2025-11-20 09:16:27.598217,132.0,8774.0,0.63,99.37,0,Cellular Bonded
5213,233,87,2026-04-25 14:58:35.716047,9.0,8420.0,0.11,99.89,0,Wired IP
5214,178,45,2026-08-08 21:09:48.927747,35.2,7820.0,1.39,98.61,0,Wired IP
5215,5,61,2026-06-12 22:38:49.117481,4.6,11884.0,0.29,99.71,0,WiFi
5216,76,105,2026-01-01 11:19:52.869798,52.6,4307.0,0.53,99.47,0,Cellular Bonded
5217,77,30,2026-05-12 19:07:51.584618,65.3,6716.0,0.53,99.47,0,Wired IP
5218,149,29,2025-08-24 15:26:00.295150,66.9,6652.0,0.24,99.76,0,Cellular Bonded
5219,84,86,2025-11-20 23:30:59.593922,23.2,9070.0,0.13,99.87,0,WiFi
5220,148,5,2026-03-18 13:34:24.413028,72.8,7961.0,0.2,99.8,0,Cellular Bonded
5221,151,38,2025-10-10 14:01:23.288958,24.0,6060.0,1.02,93.98,1,WiFi
5222,21,46,2026-02-02 12:54:33.939336,114.7,5417.0,1.35,98.65,0,Cellular Bonded
5223,64,24,2026-04-28 07:32:48.087373,32.2,6388.0,0.82,99.18,0,Cellular Bonded
5224,157,86,2025-12-26 16:45:41.155641,82.2,3294.0,0.39,94.61,1,WiFi
5225,181,92,2025-09-06 13:04:27.105805,100.3,2028.0,1.35,98.65,0,Cellular Bonded
5226,1,50,2025-12-28 01:51:36.675197,98.3,5512.0,0.59,99.41,0,Cellular Bonded
5227,71,55,2026-04-07 11:51:26.520844,91.3,6308.0,0.44,99.56,0,Wired IP
5228,146,27,2026-08-01 21:48:29.949870,48.7,9189.0,0.71,99.29,0,Cellular Bonded
5229,258,100,2025-09-05 00:30:39.466739,80.0,9259.0,0.34,99.66,0,Satellite Hybrid
5230,288,119,2025-12-02 16:58:44.975519,105.0,6683.0,0.25,99.75,0,Cellular Bonded
5231,45,120,2026-04-08 11:30:23.820361,45.5,9499.0,0.68,99.32,0,Cellular Bonded
5232,74,89,2025-09-15 06:47:49.710989,1.0,7302.0,0.92,99.08,0,Cellular Bonded
5233,101,83,2025-10-27 23:43:32.451241,79.9,5561.0,0.76,99.24,0,Cellular Bonded
5234,42,109,2026-04-04 11:52:01.016604,101.2,10181.0,0.35,99.65,0,Cellular Bonded
5235,17,29,2026-05-24 09:08:05.027196,20.3,4634.0,0.45,99.55,0,Cellular Bonded
5236,182,58,2026-03-24 19:27:21.145112,1.0,9548.0,0.25,99.75,0,Satellite Hybrid
5237,198,33,2025-10-18 05:59:34.016977,72.9,10395.0,0.1,99.9,0,Cellular Bonded
5238,51,101,2025-12-14 00:04:02.886484,95.6,13396.0,0.45,99.55,0,Cellular Bonded
5239,155,109,2025-12-11 16:01:43.024167,62.6,6724.0,0.25,99.75,0,WiFi
5240,89,100,2026-06-22 16:41:17.007114,107.8,6768.0,0.17,99.83,0,Cellular Bonded
5241,166,31,2026-06-06 05:24:49.951739,93.2,5340.0,0.03,99.97,0,Cellular Bonded
5242,72,13,2025-11-25 07:57:46.354518,29.8,6108.0,0.03,99.97,0,Cellular Bonded
5243,103,16,2026-04-30 00:35:13.636478,73.3,555.0,0.13,99.87,0,WiFi
5244,214,101,2025-12-28 13:46:06.029741,18.3,4390.0,0.61,99.39,0,Satellite Hybrid
5245,155,109,2026-03-01 07:45:24.269805,59.6,9092.0,0.7,99.3,0,WiFi
5246,153,8,2025-12-24 14:19:56.969130,24.9,11984.0,0.68,99.32,0,Cellular Bonded
5247,237,74,2025-10-09 16:49:30.164587,51.6,8703.0,0.14,99.86,0,Wired IP
5248,193,62,2025-10-07 05:31:49.032261,59.0,6886.0,0.04,99.96,0,Wired IP
5249,224,14,2025-11-28 23:12:41.060775,102.6,9588.0,0.3,99.7,0,Cellular Bonded
5250,270,112,2026-05-29 12:49:33.755232,148.9,8464.0,0.1,99.9,0,Cellular Bonded
5251,161,89,2026-01-15 15:11:20.546411,42.5,5127.0,0.06,99.94,0,Cellular Bonded
5252,184,92,2026-07-20 09:45:15.713747,89.0,6694.0,0.23,99.77,0,Satellite Hybrid
5253,219,57,2025-10-16 18:00:48.466192,70.9,6131.0,0.14,99.86,0,Cellular Bonded
5254,211,118,2025-11-05 18:31:35.200568,73.2,10007.0,0.11,99.89,0,Cellular Bonded
5255,287,5,2026-02-17 23:50:20.606944,119.8,5557.0,0.37,94.63,1,Cellular Bonded
5256,216,99,2026-06-17 19:06:15.541973,60.9,4470.0,0.24,99.76,0,Cellular Bonded
5257,72,13,2026-06-04 11:37:11.979678,104.2,10891.0,0.19,99.81,0,Wired IP
5258,155,109,2026-03-10 04:04:39.554047,70.2,6327.0,1.2,98.8,0,Cellular Bonded
5259,298,85,2026-04-26 23:44:33.058873,21.2,7664.0,0.66,99.34,0,Cellular Bonded
5260,66,62,2026-07-31 22:29:38.885513,27.4,9565.0,0.02,99.98,0,Cellular Bonded
5261,290,33,2026-06-23 02:06:17.643085,91.2,7040.0,0.8,99.2,0,Cellular Bonded
5262,28,90,2026-05-05 08:19:06.776920,33.9,8677.0,0.48,99.52,0,Cellular Bonded
5263,202,58,2026-05-01 14:14:10.543592,100.3,9167.0,0.25,99.75,0,WiFi
5264,4,33,2026-06-07 05:05:43.520292,91.9,10757.0,0.24,99.76,0,Cellular Bonded
5265,266,117,2026-01-17 14:04:31.922728,80.2,10301.0,0.64,99.36,0,Satellite Hybrid
5266,28,90,2026-07-18 15:02:02.466388,43.6,4913.0,0.23,99.77,0,Wired IP
5267,139,7,2025-09-29 18:56:55.215840,31.5,12271.0,0.57,99.43,0,WiFi
5268,55,99,2025-10-05 03:26:28.834515,128.7,7032.0,0.73,99.27,0,Wired IP
5269,50,10,2025-08-24 13:58:54.797524,121.5,9046.0,0.27,99.73,0,Cellular Bonded
5270,290,33,2025-12-23 08:22:29.211413,72.5,10782.0,0.19,99.81,0,Cellular Bonded
5271,170,54,2026-04-27 11:59:21.258216,33.5,7831.0,0.13,99.87,0,Wired IP
5272,63,96,2025-10-07 23:37:03.366974,81.7,12008.0,0.26,99.74,0,Cellular Bonded
5273,262,63,2026-01-26 13:31:19.194908,161.8,6223.0,0.5,99.5,0,Cellular Bonded
5274,28,90,2026-08-13 17:53:08.656675,43.8,10689.0,0.28,99.72,0,Satellite Hybrid
5275,265,33,2026-02-25 04:45:53.210497,174.5,6868.0,0.05,99.95,0,Cellular Bonded
5276,254,28,2026-08-07 08:49:45.537184,47.0,7403.0,0.09,99.91,0,Satellite Hybrid
5277,80,62,2025-10-20 02:25:18.133806,44.3,6770.0,0.32,99.68,0,Wired IP
5278,160,71,2025-12-07 11:02:53.787301,69.7,8208.0,0.35,99.65,0,Cellular Bonded
5279,4,33,2026-05-16 23:54:28.234898,28.0,10225.0,0.03,99.97,0,Cellular Bonded
5280,103,16,2025-09-30 12:44:39.417083,106.7,5016.0,0.32,99.68,0,Cellular Bonded
5281,1,50,2025-10-04 05:23:02.629296,72.5,10049.0,0.24,99.76,0,Wired IP
5282,62,103,2026-04-28 15:58:03.560270,69.2,7637.0,0.18,99.82,0,WiFi
5283,127,93,2026-04-26 09:40:31.047562,66.3,9924.0,0.01,99.99,0,Cellular Bonded
5284,243,24,2025-12-08 11:05:20.087428,109.4,6331.0,0.14,94.86,1,Cellular Bonded
5285,259,64,2025-11-02 20:07:49.190693,51.3,8635.0,0.75,99.25,0,Cellular Bonded
5286,29,8,2026-08-11 09:11:00.037623,62.4,9524.0,0.12,99.88,0,Cellular Bonded
5287,154,112,2026-01-20 07:25:18.896684,19.0,10893.0,0.52,99.48,0,Cellular Bonded
5288,95,9,2026-05-23 18:32:30.027699,70.0,5539.0,0.07,99.93,0,Wired IP
5289,280,25,2025-09-28 00:30:55.229378,95.0,6806.0,0.02,99.98,0,Wired IP
5290,225,15,2025-08-25 02:29:01.976585,71.1,7475.0,0.29,99.71,0,Cellular Bonded
5291,64,24,2026-02-11 00:15:33.948363,95.7,6765.0,0.09,99.91,0,WiFi
5292,12,33,2026-01-22 15:51:48.702313,30.9,8599.0,0.22,99.78,0,Cellular Bonded
5293,124,5,2025-10-28 21:56:41.489432,27.4,4789.0,0.77,99.23,0,WiFi
5294,280,25,2025-08-30 05:01:02.413201,65.8,7273.0,0.1,99.9,0,Cellular Bonded
5295,246,8,2026-04-16 02:06:19.193962,20.2,6490.0,1.06,98.94,0,Cellular Bonded
5296,52,73,2026-03-22 18:30:51.765220,105.9,8578.0,0.08,99.92,0,Satellite Hybrid
5297,253,50,2026-02-05 11:19:59.869616,72.4,8843.0,0.27,99.73,0,WiFi
5298,141,13,2026-07-15 21:18:37.831675,49.2,6084.0,0.01,99.99,0,Satellite Hybrid
5299,55,99,2025-09-03 00:54:32.840747,109.9,10255.0,0.9,99.1,0,Wired IP
5300,218,20,2025-12-06 08:25:42.608424,25.2,7945.0,0.25,99.75,0,Satellite Hybrid
5301,146,27,2025-08-21 23:43:03.805699,57.5,9881.0,0.05,99.95,0,Cellular Bonded
5302,289,120,2025-09-22 11:11:09.009983,46.2,5340.0,0.84,99.16,0,Cellular Bonded
5303,298,85,2025-10-02 10:16:19.434338,14.1,8667.0,0.27,99.73,0,Wired IP
5304,228,117,2026-03-25 21:59:49.420854,48.2,9686.0,0.44,99.56,0,Cellular Bonded
5305,182,58,2026-03-20 17:41:18.438558,58.3,8157.0,0.37,99.63,0,Satellite Hybrid
5306,240,72,2025-10-30 06:07:39.625651,124.3,5955.0,0.42,99.58,0,Cellular Bonded
5307,235,75,2026-04-20 00:49:37.626854,78.0,3059.0,0.75,99.25,0,Wired IP
5308,82,112,2025-08-28 22:03:34.605904,78.5,13118.0,1.15,98.85,0,Cellular Bonded
5309,258,100,2025-10-10 08:56:25.894701,140.9,6251.0,0.1,99.9,0,WiFi
5310,269,92,2026-05-17 15:07:57.398036,61.2,5949.0,0.45,99.55,0,Cellular Bonded
5311,33,90,2025-11-27 11:47:55.438397,76.5,9110.0,0.4,99.6,0,Wired IP
5312,78,17,2026-03-17 20:54:00.275548,23.5,8526.0,0.08,99.92,0,Cellular Bonded
5313,289,120,2025-12-24 19:21:37.646957,27.3,4234.0,0.64,99.36,0,Cellular Bonded
5314,72,13,2026-06-26 09:33:07.913118,62.2,12458.0,3.19,96.81,0,WiFi
5315,156,65,2026-05-30 06:17:52.617093,62.4,8487.0,0.05,99.95,0,Cellular Bonded
5316,35,115,2026-03-29 23:48:30.317298,64.1,5329.0,0.13,99.87,0,Cellular Bonded
5317,248,36,2026-02-18 13:12:40.413831,62.2,8370.0,2.01,97.99,0,Cellular Bonded
5318,242,76,2025-09-12 04:25:11.031486,73.8,4414.0,0.74,99.26,0,WiFi
5319,93,19,2026-06-13 10:05:10.507371,26.7,10463.0,0.01,99.99,0,Cellular Bonded
5320,260,27,2026-05-23 20:28:19.594930,72.5,7849.0,1.01,98.99,0,Cellular Bonded
5321,270,112,2026-02-27 06:51:24.184441,87.7,12054.0,0.02,99.98,0,Cellular Bonded
5322,166,31,2026-05-06 12:55:07.534855,148.2,7568.0,0.14,99.86,0,Wired IP
5323,298,85,2026-08-05 05:35:53.657999,1.0,7231.0,0.15,99.85,0,WiFi
5324,207,61,2025-10-19 22:37:19.570527,117.7,9909.0,0.14,99.86,0,Cellular Bonded
5325,16,44,2026-05-20 11:38:31.470344,15.7,6978.0,0.47,99.53,0,Cellular Bonded
5326,82,112,2025-08-19 19:38:50.055977,17.7,5771.0,0.24,99.76,0,WiFi
5327,55,99,2026-05-10 00:28:41.987770,81.9,9161.0,0.39,99.61,0,Cellular Bonded
5328,244,28,2026-07-21 14:52:55.559469,89.5,9631.0,0.44,99.56,0,Cellular Bonded
5329,119,42,2026-07-20 05:59:07.453873,58.1,8233.0,0.2,99.8,0,Cellular Bonded
5330,122,14,2026-06-24 23:53:56.285674,104.1,3185.0,0.84,99.16,0,Cellular Bonded
5331,90,12,2026-02-07 12:41:06.744630,21.5,9001.0,0.17,99.83,0,Wired IP
5332,197,56,2026-04-30 02:02:10.095383,77.0,12072.0,0.12,99.88,0,Cellular Bonded
5333,216,99,2025-10-24 19:36:04.358429,48.0,5514.0,0.07,99.93,0,WiFi
5334,32,74,2026-04-21 02:27:12.122245,89.5,8728.0,1.34,98.66,0,WiFi
5335,59,36,2025-09-26 09:59:14.494010,37.6,5694.0,0.82,94.18,1,Wired IP
5336,38,68,2026-06-18 22:51:51.432521,9.3,10628.0,0.1,99.9,0,Wired IP
5337,192,92,2026-08-11 10:51:41.630783,89.3,5239.0,1.38,98.62,0,WiFi
5338,16,44,2026-01-20 01:10:24.159368,30.0,5563.0,0.04,99.96,0,WiFi
5339,165,70,2026-02-21 23:03:14.878120,6.8,8228.0,0.1,99.9,0,Cellular Bonded
5340,231,3,2026-01-14 00:29:45.450584,87.9,7660.0,0.45,99.55,0,WiFi
5341,294,96,2026-05-23 04:23:57.735318,109.7,9959.0,0.07,99.93,0,Satellite Hybrid
5342,101,83,2025-12-10 23:07:06.824641,51.2,6719.0,0.14,99.86,0,Cellular Bonded
5343,225,15,2026-02-04 07:28:04.041752,6.4,10210.0,0.07,99.93,0,Wired IP
5344,116,39,2026-02-23 23:02:03.181197,22.6,10033.0,0.18,99.82,0,WiFi
5345,83,89,2026-02-15 05:32:45.559074,42.8,9246.0,1.1,98.9,0,WiFi
5346,271,29,2025-12-28 02:37:20.923429,47.5,6000.0,0.03,99.97,0,Cellular Bonded
5347,99,95,2025-12-01 11:15:16.719010,82.6,6148.0,0.01,99.99,0,Cellular Bonded
5348,13,40,2026-05-08 20:19:52.648233,150.5,9404.0,1.27,98.73,0,Wired IP
5349,50,10,2025-09-17 06:17:33.446541,91.8,7776.0,0.23,99.77,0,WiFi
5350,72,13,2026-02-14 11:07:11.088812,95.4,4655.0,0.31,99.69,0,Satellite Hybrid
5351,185,72,2026-01-05 16:46:25.105156,27.4,9314.0,0.14,99.86,0,WiFi
5352,291,118,2026-02-01 01:00:18.897275,46.6,5516.0,0.44,99.56,0,Wired IP
5353,37,7,2026-05-13 23:18:58.786166,66.3,5986.0,0.03,99.97,0,Cellular Bonded
5354,271,29,2026-04-26 00:54:32.669825,84.4,5368.0,0.57,99.43,0,Cellular Bonded
5355,107,12,2026-06-21 06:28:44.592842,47.4,12402.0,0.13,99.87,0,Cellular Bonded
5356,243,24,2025-11-08 16:35:23.098536,12.0,6524.0,0.57,99.43,0,WiFi
5357,183,20,2026-01-13 21:54:17.673109,45.7,11081.0,0.07,99.93,0,WiFi
5358,287,5,2026-08-12 18:56:14.011633,111.9,5981.0,0.68,99.32,0,WiFi
5359,35,115,2026-01-21 11:04:36.065682,89.7,7611.0,0.43,99.57,0,Satellite Hybrid
5360,193,62,2026-06-26 23:52:55.974705,58.8,8169.0,0.2,99.8,0,Wired IP
5361,292,65,2026-07-10 20:37:52.820622,53.3,5100.0,0.21,99.79,0,Cellular Bonded
5362,265,33,2026-06-07 03:50:05.531345,99.5,5431.0,0.57,99.43,0,Satellite Hybrid
5363,61,113,2026-07-27 00:58:53.474246,71.3,5794.0,1.23,98.77,0,Cellular Bonded
5364,27,81,2025-12-30 08:51:39.702955,80.4,8293.0,0.64,99.36,0,WiFi
5365,170,54,2025-08-22 21:44:16.579883,45.8,11512.0,0.18,94.82,1,Cellular Bonded
5366,149,29,2026-04-21 08:00:03.344865,57.5,7566.0,0.16,99.84,0,WiFi
5367,129,75,2026-04-20 13:55:23.767680,71.0,4452.0,0.55,99.45,0,Cellular Bonded
5368,184,92,2026-01-09 22:18:04.558947,16.1,10415.0,0.46,99.54,0,WiFi
5369,81,84,2026-02-25 00:44:45.020282,126.8,9938.0,0.12,99.88,0,Wired IP
5370,39,58,2026-04-22 04:40:28.648939,82.0,9549.0,0.01,99.99,0,Satellite Hybrid
5371,124,5,2025-09-30 18:11:03.941641,95.8,9123.0,1.17,98.83,0,Wired IP
5372,257,41,2026-01-09 08:38:56.729962,100.2,7479.0,0.0,100.0,0,Cellular Bonded
5373,30,93,2026-04-28 22:54:50.539710,60.2,8529.0,0.18,99.82,0,Wired IP
5374,57,99,2026-08-10 02:10:50.964537,59.9,15105.0,0.28,99.72,0,WiFi
5375,135,58,2026-05-15 21:22:44.974136,59.8,9115.0,0.08,99.92,0,Cellular Bonded
5376,17,29,2026-07-10 00:14:39.987153,66.7,7072.0,1.06,98.94,0,WiFi
5377,134,74,2025-10-18 19:53:56.295018,1.0,3184.0,0.4,99.6,0,Cellular Bonded
5378,31,26,2025-12-29 00:10:13.335988,34.2,13775.0,0.41,99.59,0,Satellite Hybrid
5379,281,66,2025-10-29 21:54:34.295932,101.0,4040.0,0.18,99.82,0,Cellular Bonded
5380,169,108,2025-10-30 08:13:19.758214,17.2,10703.0,0.88,99.12,0,Cellular Bonded
5381,32,74,2026-06-22 08:13:49.309836,120.1,12817.0,0.09,99.91,0,Cellular Bonded
5382,38,68,2026-01-12 19:40:54.087264,17.5,10874.0,0.05,99.95,0,Satellite Hybrid
5383,289,120,2025-11-11 05:52:59.726244,93.3,5309.0,0.73,99.27,0,Cellular Bonded
5384,19,12,2026-01-20 06:32:17.647252,1.0,2981.0,0.4,99.6,0,Cellular Bonded
5385,37,7,2026-02-16 10:24:19.422231,56.9,7916.0,0.05,99.95,0,Satellite Hybrid
5386,42,109,2026-05-24 10:15:10.504395,45.8,7041.0,0.16,99.84,0,Cellular Bonded
5387,246,8,2026-05-24 20:22:23.368073,60.1,7380.0,0.07,99.93,0,WiFi
5388,139,7,2026-03-22 22:39:55.125207,126.8,5418.0,0.02,99.98,0,Wired IP
5389,54,64,2026-05-21 07:39:41.416993,43.8,8985.0,0.1,94.9,1,Satellite Hybrid
5390,260,27,2026-06-06 15:06:44.909187,60.9,9999.0,0.27,99.73,0,Cellular Bonded
5391,180,114,2026-07-28 13:16:43.243747,5.5,5968.0,0.17,99.83,0,Cellular Bonded
5392,156,65,2025-12-26 05:28:33.341937,68.4,7457.0,0.46,99.54,0,Cellular Bonded
5393,117,109,2026-04-18 14:27:08.225723,51.7,9375.0,0.2,94.8,1,WiFi
5394,29,8,2026-07-31 01:50:59.436655,89.6,9038.0,0.01,94.99,1,Cellular Bonded
5395,101,83,2026-08-13 17:22:22.570188,9.4,11018.0,0.02,99.98,0,Satellite Hybrid
5396,195,113,2026-02-20 22:12:13.595805,1.0,4814.0,0.12,99.88,0,Cellular Bonded
5397,10,67,2025-10-11 00:51:36.918980,60.7,4655.0,0.13,99.87,0,Wired IP
5398,27,81,2026-01-31 04:45:30.433609,2.5,6343.0,0.15,99.85,0,Cellular Bonded
5399,194,63,2025-10-01 20:13:26.024134,1.0,8249.0,0.42,99.58,0,Cellular Bonded
5400,221,47,2026-02-12 20:49:18.983949,104.7,12079.0,0.11,99.89,0,WiFi
5401,282,10,2025-11-10 11:56:31.783936,78.0,7243.0,0.82,99.18,0,Satellite Hybrid
5402,225,15,2026-07-28 06:04:36.097103,88.9,8021.0,1.44,98.56,0,Satellite Hybrid
5403,189,1,2025-08-29 02:07:41.598813,109.2,6776.0,0.04,99.96,0,Cellular Bonded
5404,176,39,2026-05-14 13:32:36.783208,70.5,9592.0,0.21,99.79,0,Wired IP
5405,30,93,2026-06-17 08:03:21.570287,107.9,6014.0,0.33,99.67,0,Cellular Bonded
5406,48,21,2026-02-16 01:51:42.033811,63.4,7582.0,0.32,99.68,0,Cellular Bonded
5407,117,109,2025-08-28 00:04:03.375699,136.8,4671.0,0.5,99.5,0,Cellular Bonded
5408,275,6,2025-10-22 14:46:18.581964,47.2,8411.0,0.01,99.99,0,Cellular Bonded
5409,8,101,2026-03-26 22:27:26.072736,47.1,8384.0,0.01,99.99,0,Cellular Bonded
5410,128,107,2025-12-15 14:10:08.775172,54.8,6655.0,1.18,98.82,0,Cellular Bonded
5411,40,117,2025-12-06 18:07:30.659977,61.9,9203.0,0.36,99.64,0,Cellular Bonded
5412,225,15,2026-04-02 17:50:15.755002,36.0,9546.0,0.62,99.38,0,Cellular Bonded
5413,23,115,2026-05-22 17:33:11.803999,63.0,5676.0,0.67,99.33,0,Cellular Bonded
5414,126,87,2026-04-16 13:25:20.635908,67.1,6855.0,0.46,99.54,0,WiFi
5415,67,96,2026-02-24 00:58:23.861142,31.4,7489.0,0.35,99.65,0,Cellular Bonded
5416,246,8,2026-02-13 21:45:24.421269,65.2,9675.0,0.26,99.74,0,Cellular Bonded
5417,40,117,2026-02-04 08:31:12.997843,71.7,2704.0,0.15,99.85,0,Wired IP
5418,279,47,2025-12-03 09:36:53.154494,1.0,6714.0,0.07,99.93,0,WiFi
5419,183,20,2026-02-15 23:47:42.998011,63.2,6917.0,0.32,99.68,0,Cellular Bonded
5420,113,23,2026-02-18 12:12:29.997075,97.3,10872.0,1.42,98.58,0,Cellular Bonded
5421,155,109,2026-03-04 06:00:01.053178,1.0,8600.0,0.19,99.81,0,Cellular Bonded
5422,283,56,2026-06-09 17:33:27.223733,20.3,10807.0,0.31,99.69,0,Cellular Bonded
5423,126,87,2026-03-03 13:16:28.200646,28.3,13296.0,0.26,99.74,0,Wired IP
5424,137,17,2025-08-24 16:31:52.571071,23.9,10225.0,0.28,99.72,0,Cellular Bonded
5425,278,69,2026-05-24 02:47:15.556318,85.4,9129.0,0.13,99.87,0,WiFi
5426,28,90,2026-08-14 21:18:21.830112,87.0,6325.0,0.11,99.89,0,Cellular Bonded
5427,211,118,2026-07-05 12:28:02.874703,54.9,10778.0,1.87,98.13,0,Cellular Bonded
5428,249,90,2025-09-30 17:27:02.976297,133.6,7324.0,0.0,100.0,0,Cellular Bonded
5429,105,69,2026-01-29 13:09:56.610374,39.2,11324.0,0.07,99.93,0,Cellular Bonded
5430,267,84,2026-06-25 13:43:09.120174,82.3,8073.0,0.45,99.55,0,Cellular Bonded
5431,284,30,2026-01-26 18:56:18.101605,68.7,8000.0,0.29,99.71,0,Wired IP
5432,191,77,2025-08-31 08:57:02.917130,124.0,10530.0,0.34,99.66,0,Cellular Bonded
5433,73,23,2025-10-21 19:15:55.500381,41.6,12723.0,1.01,93.99,1,WiFi
5434,121,39,2026-04-15 22:47:43.071576,36.1,7702.0,0.81,99.19,0,WiFi
5435,233,87,2026-05-29 17:51:37.104842,92.0,10002.0,0.13,99.87,0,Wired IP
5436,11,65,2026-07-07 04:32:41.947756,43.1,8096.0,0.08,99.92,0,Cellular Bonded
5437,18,13,2025-10-17 03:46:58.160709,48.1,13255.0,0.25,99.75,0,WiFi
5438,197,56,2026-01-22 10:54:06.167439,1.0,6524.0,1.31,98.69,0,Cellular Bonded
5439,44,29,2025-12-10 07:10:06.182153,100.2,4086.0,0.61,99.39,0,WiFi
5440,197,56,2026-01-07 06:26:25.020786,65.7,7906.0,0.51,99.49,0,Cellular Bonded
5441,196,25,2026-05-24 03:11:33.670538,77.4,6798.0,0.11,99.89,0,Cellular Bonded
5442,23,115,2026-03-13 21:26:22.295690,33.6,5016.0,0.13,99.87,0,Wired IP
5443,195,113,2026-02-13 07:26:35.209027,57.4,4097.0,1.26,98.74,0,Wired IP
5444,221,47,2026-03-08 09:24:00.906293,21.2,4990.0,0.36,99.64,0,Wired IP
5445,157,86,2026-03-03 03:19:00.430338,53.7,10764.0,0.51,94.49,1,WiFi
5446,179,13,2026-02-05 17:46:54.109825,55.3,4464.0,0.33,99.67,0,WiFi
5447,173,74,2026-03-11 11:37:07.804039,86.8,9690.0,0.01,99.99,0,WiFi
5448,135,58,2025-10-14 07:09:20.549830,175.5,7749.0,0.19,99.81,0,WiFi
5449,111,100,2025-09-07 14:01:56.627031,97.6,12459.0,0.79,99.21,0,Cellular Bonded
5450,175,19,2025-11-22 09:16:46.361598,63.1,3203.0,1.27,98.73,0,Cellular Bonded
5451,223,49,2026-03-21 23:50:39.513718,87.7,7458.0,0.91,99.09,0,Wired IP
5452,30,93,2026-01-03 03:35:32.095681,98.8,6834.0,0.28,99.72,0,Satellite Hybrid
5453,284,30,2026-04-22 04:24:14.689670,96.6,5501.0,0.16,99.84,0,Cellular Bonded
5454,148,5,2026-05-25 00:44:29.043449,13.4,9696.0,0.1,99.9,0,Cellular Bonded
5455,274,35,2025-11-30 01:40:03.264366,37.1,9759.0,0.62,99.38,0,WiFi
5456,294,96,2025-09-09 15:51:16.676708,53.7,12993.0,0.55,99.45,0,Cellular Bonded
5457,266,117,2026-03-21 18:44:52.900926,108.3,5065.0,1.75,98.25,0,Cellular Bonded
5458,196,25,2025-10-04 00:51:35.187735,97.5,8048.0,0.8,99.2,0,Cellular Bonded
5459,122,14,2025-12-29 23:49:33.041412,58.4,8025.0,0.62,99.38,0,Cellular Bonded
5460,8,101,2026-06-09 18:11:12.708258,41.9,6600.0,0.39,99.61,0,Cellular Bonded
5461,141,13,2026-03-19 09:49:58.811072,45.1,4884.0,0.33,99.67,0,Wired IP
5462,128,107,2026-05-24 13:33:21.136475,85.1,8086.0,0.64,99.36,0,Wired IP
5463,152,83,2026-04-03 10:39:43.543553,88.7,8910.0,0.71,99.29,0,Cellular Bonded
5464,203,44,2026-01-04 03:54:35.301955,85.0,7072.0,0.04,94.96,1,Cellular Bonded
5465,141,13,2026-01-21 12:42:39.008451,83.5,9182.0,0.06,99.94,0,Cellular Bonded
5466,129,75,2026-08-15 08:07:00.167782,1.0,7422.0,1.0,99.0,0,WiFi
5467,7,43,2026-01-15 14:37:13.574974,110.3,7107.0,0.22,99.78,0,Cellular Bonded
5468,292,65,2025-09-07 20:16:16.537663,152.3,12111.0,0.0,100.0,0,Wired IP
5469,136,108,2025-11-15 09:24:04.217255,82.1,6921.0,0.04,99.96,0,Wired IP
5470,228,117,2025-11-11 21:14:11.034759,61.3,12287.0,0.03,99.97,0,WiFi
5471,226,31,2025-12-10 04:00:47.339084,118.0,3131.0,0.14,94.86,1,Cellular Bonded
5472,19,12,2025-09-18 05:53:34.166776,105.1,6598.0,0.22,99.78,0,Cellular Bonded
5473,246,8,2026-04-26 09:11:08.135295,46.2,7831.0,0.89,99.11,0,Satellite Hybrid
5474,285,114,2026-07-01 10:28:11.659806,52.5,6543.0,1.64,98.36,0,Satellite Hybrid
5475,30,93,2025-09-29 00:36:00.419260,40.9,3742.0,0.12,99.88,0,Cellular Bonded
5476,41,114,2025-10-19 05:09:02.908547,45.4,10019.0,0.73,99.27,0,Cellular Bonded
5477,283,56,2026-03-02 18:46:11.375814,85.1,6680.0,0.19,99.81,0,WiFi
5478,33,90,2025-08-31 21:11:07.854590,1.0,8860.0,0.25,99.75,0,Cellular Bonded
5479,133,9,2026-04-15 08:23:56.162355,22.1,8011.0,0.73,99.27,0,WiFi
5480,142,40,2026-01-19 10:59:27.855795,19.5,4615.0,0.08,99.92,0,WiFi
5481,254,28,2026-02-22 03:30:42.786353,42.7,7706.0,1.36,98.64,0,Cellular Bonded
5482,90,12,2026-01-18 23:35:53.578767,58.2,8935.0,0.71,99.29,0,WiFi
5483,26,87,2025-08-25 16:27:54.584032,54.7,10489.0,0.67,99.33,0,WiFi
5484,20,95,2026-02-05 16:44:37.368770,20.7,7742.0,0.22,99.78,0,Satellite Hybrid
5485,260,27,2025-08-26 08:32:03.580544,136.7,12368.0,0.12,99.88,0,Satellite Hybrid
5486,297,11,2025-12-11 18:41:27.813941,56.3,9981.0,0.4,99.6,0,Cellular Bonded
5487,284,30,2026-03-14 10:33:58.401538,69.3,6578.0,0.02,99.98,0,WiFi
5488,32,74,2025-12-13 22:26:32.573212,20.2,11648.0,0.21,99.79,0,Wired IP
5489,133,9,2025-09-22 21:53:32.566238,66.4,7330.0,1.03,98.97,0,Wired IP
5490,9,12,2026-02-12 12:12:43.131209,1.0,11221.0,0.04,99.96,0,Cellular Bonded
5491,181,92,2026-04-27 10:21:11.611003,73.8,10386.0,0.02,99.98,0,Cellular Bonded
5492,23,115,2025-11-01 09:40:34.269259,46.8,8230.0,0.61,99.39,0,Wired IP
5493,180,114,2026-02-15 13:33:56.032724,77.8,10578.0,0.25,99.75,0,WiFi
5494,260,27,2026-06-10 10:51:55.953062,51.1,7386.0,0.57,99.43,0,Wired IP
5495,262,63,2026-04-18 20:40:38.428682,41.1,14616.0,0.31,99.69,0,Cellular Bonded
5496,105,69,2025-10-18 01:32:09.808612,90.5,7794.0,0.26,99.74,0,Cellular Bonded
5497,191,77,2025-12-05 13:48:44.170687,42.5,11451.0,0.5,99.5,0,Satellite Hybrid
5498,213,75,2026-08-07 02:50:21.953446,53.4,8353.0,0.01,99.99,0,Cellular Bonded
5499,219,57,2025-10-30 21:19:15.333391,23.8,9798.0,0.23,99.77,0,Wired IP
5500,74,89,2026-04-07 04:49:22.398705,85.1,6970.0,0.7,94.3,1,Wired IP
5501,185,72,2026-08-08 19:50:11.188630,65.6,10155.0,0.46,99.54,0,Satellite Hybrid
5502,209,21,2025-09-14 17:36:27.087244,20.6,5593.0,0.17,99.83,0,Cellular Bonded
5503,192,92,2026-06-24 15:27:59.181244,51.6,9093.0,0.02,99.98,0,WiFi
5504,151,38,2025-11-04 09:16:08.048423,111.6,7015.0,0.6,99.4,0,Satellite Hybrid
5505,83,89,2025-11-23 00:44:05.599737,46.8,7297.0,0.12,99.88,0,Cellular Bonded
5506,149,29,2025-12-04 18:31:57.542668,85.5,4988.0,0.15,99.85,0,Wired IP
5507,14,74,2026-03-15 14:18:48.668209,44.6,5553.0,0.65,99.35,0,WiFi
5508,109,52,2026-06-07 22:48:59.532552,46.8,12494.0,0.15,99.85,0,Wired IP
5509,262,63,2026-04-03 05:34:28.260997,67.4,6299.0,0.18,99.82,0,Cellular Bonded
5510,261,118,2026-08-02 22:12:18.020756,90.4,3372.0,0.21,99.79,0,Cellular Bonded
5511,177,67,2026-05-07 05:31:21.397266,1.0,4458.0,0.15,99.85,0,Wired IP
5512,194,63,2026-03-17 07:14:58.505553,31.2,8350.0,0.77,99.23,0,Cellular Bonded
5513,17,29,2026-03-22 07:01:27.258247,1.0,5684.0,0.04,99.96,0,Wired IP
5514,77,30,2025-11-26 00:39:39.239906,41.1,8978.0,0.29,99.71,0,Satellite Hybrid
5515,41,114,2026-03-13 00:10:38.280580,54.4,4967.0,0.42,99.58,0,Cellular Bonded
5516,115,57,2026-02-28 02:20:56.845349,33.2,7115.0,0.21,99.79,0,Satellite Hybrid
5517,295,111,2026-01-21 03:34:45.434048,75.8,5741.0,0.2,99.8,0,WiFi
5518,215,36,2025-12-23 00:32:51.063000,91.8,3480.0,0.38,99.62,0,WiFi
5519,63,96,2025-09-15 05:21:02.895657,42.8,8982.0,1.34,98.66,0,WiFi
5520,271,29,2026-06-14 22:27:56.361431,103.3,8382.0,0.19,99.81,0,Cellular Bonded
5521,242,76,2026-02-18 10:50:54.399994,69.4,8141.0,0.07,99.93,0,Satellite Hybrid
5522,267,84,2025-12-05 17:12:45.378315,39.1,7025.0,0.11,99.89,0,Satellite Hybrid
5523,138,102,2026-04-17 10:14:21.312859,71.2,9952.0,1.01,98.99,0,WiFi
5524,295,111,2025-12-10 14:59:40.093377,52.9,8156.0,0.16,99.84,0,Cellular Bonded
5525,125,35,2026-01-16 11:30:44.079027,47.3,7552.0,0.07,99.93,0,Cellular Bonded
5526,186,61,2025-11-17 23:02:32.878969,4.8,8198.0,0.53,99.47,0,Satellite Hybrid
5527,162,45,2026-02-22 08:51:03.228892,108.9,10261.0,0.52,99.48,0,Wired IP
5528,60,82,2026-04-20 09:14:02.907659,33.4,5744.0,0.04,99.96,0,Satellite Hybrid
5529,228,117,2026-03-06 02:53:41.021780,61.4,1756.0,0.07,99.93,0,Satellite Hybrid
5530,210,80,2026-07-05 19:13:16.560768,7.9,9806.0,0.25,99.75,0,Wired IP
5531,181,92,2026-04-04 10:14:14.211924,36.3,9796.0,0.84,99.16,0,Cellular Bonded
5532,40,117,2026-02-22 16:20:25.763202,34.2,7606.0,1.03,98.97,0,Cellular Bonded
5533,248,36,2025-10-25 07:58:54.659049,118.9,8938.0,0.01,99.99,0,Cellular Bonded
5534,230,118,2026-02-16 11:13:28.966898,66.8,8665.0,0.76,99.24,0,Wired IP
5535,118,53,2026-04-16 11:01:06.574604,20.0,11021.0,0.15,99.85,0,Cellular Bonded
5536,65,23,2026-06-14 23:56:48.090827,97.5,7646.0,0.26,99.74,0,Wired IP
5537,126,87,2026-07-26 16:24:16.098647,69.0,8538.0,0.82,99.18,0,WiFi
5538,209,21,2025-11-24 01:05:52.218318,107.1,10482.0,0.51,99.49,0,Cellular Bonded
5539,71,55,2026-04-08 02:34:08.330081,1.0,6422.0,0.06,99.94,0,Cellular Bonded
5540,147,66,2026-06-09 12:45:19.858426,76.2,9850.0,0.02,99.98,0,WiFi
5541,61,113,2026-06-25 12:50:46.492873,36.5,9159.0,0.17,99.83,0,Satellite Hybrid
5542,216,99,2026-07-15 06:28:26.680113,72.0,8933.0,0.13,99.87,0,Cellular Bonded
5543,76,105,2026-07-25 10:01:46.915819,37.5,7532.0,0.54,99.46,0,Cellular Bonded
5544,102,111,2026-05-10 11:34:01.982392,82.0,8940.0,0.41,99.59,0,WiFi
5545,233,87,2025-09-09 02:20:33.020302,76.3,4938.0,0.45,94.55,1,WiFi
5546,62,103,2025-10-30 11:35:27.631426,51.8,5977.0,0.16,99.84,0,Satellite Hybrid
5547,284,30,2026-02-03 01:32:56.465489,80.9,11742.0,0.56,99.44,0,Cellular Bonded
5548,241,102,2025-11-13 23:37:41.551680,69.0,10608.0,0.02,99.98,0,Satellite Hybrid
5549,65,23,2026-05-17 17:11:45.050019,4.2,8236.0,0.58,99.42,0,Wired IP
5550,221,47,2026-05-24 16:30:00.332882,62.2,2914.0,0.05,94.95,1,Wired IP
5551,86,59,2026-06-22 09:02:26.546174,24.7,6506.0,0.26,99.74,0,Cellular Bonded
5552,68,37,2026-01-14 23:59:43.497014,60.6,7843.0,0.05,99.95,0,Cellular Bonded
5553,272,13,2026-06-28 05:46:34.913311,155.4,6896.0,0.48,99.52,0,Cellular Bonded
5554,217,19,2026-07-16 20:09:48.471616,123.6,5294.0,0.19,99.81,0,Satellite Hybrid
5555,206,45,2026-04-06 15:32:06.126117,179.8,12457.0,0.71,99.29,0,WiFi
5556,124,5,2026-06-23 01:12:16.435705,82.7,6352.0,0.44,99.56,0,Satellite Hybrid
5557,61,113,2025-11-23 16:19:35.073780,35.9,7920.0,1.21,98.79,0,Wired IP
5558,173,74,2025-12-01 00:30:28.437596,15.7,7881.0,0.7,99.3,0,Cellular Bonded
5559,56,49,2025-10-15 20:35:39.783248,129.0,5341.0,0.57,99.43,0,Cellular Bonded
5560,24,114,2026-04-25 23:13:48.004456,95.8,10199.0,0.36,99.64,0,Cellular Bonded
5561,182,58,2025-11-12 10:26:44.409477,5.9,6722.0,0.15,99.85,0,Cellular Bonded
5562,210,80,2025-11-13 07:03:55.405955,109.2,5644.0,0.27,99.73,0,Cellular Bonded
5563,224,14,2025-10-11 23:32:05.717659,94.7,5578.0,0.14,99.86,0,Wired IP
5564,245,117,2025-08-28 08:26:12.566360,24.7,10551.0,0.29,99.71,0,WiFi
5565,94,76,2026-06-05 04:35:56.144095,40.6,6161.0,0.28,99.72,0,Wired IP
5566,261,118,2025-12-09 14:21:18.574863,22.5,3767.0,0.08,99.92,0,Satellite Hybrid
5567,4,33,2026-02-11 10:08:13.348906,48.9,12072.0,0.55,99.45,0,Cellular Bonded
5568,190,3,2026-08-15 02:24:03.291977,24.2,10187.0,0.61,99.39,0,WiFi
5569,233,87,2026-01-19 07:00:51.745555,40.7,9592.0,0.47,99.53,0,Cellular Bonded
5570,225,15,2026-07-14 20:08:03.665128,40.4,11215.0,0.2,99.8,0,Cellular Bonded
5571,144,9,2025-10-30 23:21:08.762520,39.5,6761.0,0.07,99.93,0,Cellular Bonded
5572,50,10,2025-11-25 18:56:24.972787,58.7,11604.0,0.65,99.35,0,Satellite Hybrid
5573,253,50,2025-08-28 21:01:56.650798,65.6,11207.0,0.04,99.96,0,Satellite Hybrid
5574,289,120,2026-06-02 11:59:15.175231,107.2,11710.0,0.65,99.35,0,WiFi
5575,269,92,2025-11-27 15:16:15.517460,116.2,7325.0,0.47,99.53,0,Cellular Bonded
5576,219,57,2026-03-07 06:26:09.194848,134.1,8753.0,0.32,99.68,0,Wired IP
5577,197,56,2026-04-10 10:21:14.626365,76.8,6680.0,0.7,99.3,0,WiFi
5578,92,105,2025-09-02 15:43:04.025756,4.9,4247.0,0.35,99.65,0,Cellular Bonded
5579,22,2,2026-05-08 23:17:14.855839,28.0,8879.0,0.31,99.69,0,WiFi
5580,108,25,2026-05-30 18:50:24.782396,85.6,5892.0,0.06,99.94,0,Satellite Hybrid
5581,143,42,2025-09-07 10:26:30.087940,1.0,8131.0,0.05,99.95,0,WiFi
5582,161,89,2026-07-11 11:58:13.003640,35.1,7466.0,0.59,99.41,0,Cellular Bonded
5583,146,27,2025-12-10 19:49:43.814100,82.9,12070.0,0.09,99.91,0,Cellular Bonded
5584,148,5,2025-12-05 00:18:19.080558,50.8,8175.0,0.03,99.97,0,WiFi
5585,225,15,2025-09-10 10:45:30.131847,1.0,9110.0,0.31,99.69,0,Satellite Hybrid
5586,87,19,2026-08-01 21:12:48.992944,143.3,10242.0,1.13,98.87,0,Cellular Bonded
5587,133,9,2026-07-11 14:18:58.276418,107.8,3998.0,0.02,99.98,0,WiFi
5588,55,99,2026-04-20 10:12:49.806517,82.8,7754.0,0.34,99.66,0,WiFi
5589,143,42,2026-07-07 13:28:24.535272,1.0,9100.0,0.33,99.67,0,Cellular Bonded
5590,106,99,2026-01-10 02:54:11.984355,34.3,5173.0,0.11,99.89,0,Cellular Bonded
5591,261,118,2026-06-20 19:16:03.482100,58.8,5849.0,0.11,99.89,0,Cellular Bonded
5592,15,43,2026-06-21 21:01:22.972655,54.9,11556.0,1.24,98.76,0,Cellular Bonded
5593,21,46,2025-11-12 09:40:07.522051,47.1,9560.0,1.09,98.91,0,Cellular Bonded
5594,277,115,2026-03-14 15:59:47.777446,14.7,9449.0,0.44,99.56,0,Satellite Hybrid
5595,100,52,2026-02-16 20:22:44.454236,73.0,9679.0,0.21,94.79,1,Cellular Bonded
5596,14,74,2025-10-01 06:40:00.409139,33.0,8821.0,0.71,99.29,0,Cellular Bonded
5597,145,50,2026-04-17 16:54:05.120372,163.7,9554.0,0.18,99.82,0,WiFi
5598,293,18,2026-03-18 02:45:20.888983,61.6,8542.0,0.5,99.5,0,Cellular Bonded
5599,228,117,2026-05-28 04:28:50.623782,35.2,8808.0,0.29,99.71,0,Cellular Bonded
5600,233,87,2026-02-25 23:30:16.992319,85.2,7869.0,0.06,99.94,0,WiFi
5601,57,99,2026-02-15 11:06:35.666773,16.1,5529.0,0.13,99.87,0,Cellular Bonded
5602,62,103,2025-09-20 04:23:15.668301,11.7,5925.0,0.44,99.56,0,Cellular Bonded
5603,222,105,2026-03-25 04:43:55.976300,16.0,5665.0,0.56,99.44,0,Cellular Bonded
5604,45,120,2026-05-27 11:36:57.876304,17.2,6707.0,0.14,99.86,0,WiFi
5605,143,42,2025-12-10 15:29:49.290646,15.1,7782.0,0.02,99.98,0,Cellular Bonded
5606,60,82,2026-06-18 01:46:04.779308,31.8,1095.0,0.92,99.08,0,Satellite Hybrid
5607,41,114,2026-05-14 08:37:11.538495,64.1,10608.0,0.09,99.91,0,WiFi
5608,114,16,2026-06-08 09:40:03.937251,147.0,8803.0,0.07,99.93,0,Satellite Hybrid
5609,168,61,2026-05-16 19:30:59.331083,3.2,5292.0,0.45,99.55,0,Satellite Hybrid
5610,172,91,2026-07-25 17:36:02.114370,76.6,8231.0,0.48,99.52,0,Satellite Hybrid
5611,263,17,2025-11-05 19:41:03.872126,6.9,12070.0,0.73,99.27,0,Cellular Bonded
5612,38,68,2025-09-26 05:30:53.870653,22.3,10584.0,0.06,99.94,0,Cellular Bonded
5613,162,45,2025-11-04 09:31:07.975032,7.7,10803.0,0.13,99.87,0,Satellite Hybrid
5614,20,95,2025-11-26 11:01:11.570371,116.0,5560.0,0.31,99.69,0,Wired IP
5615,267,84,2026-01-14 07:29:00.869892,15.1,5467.0,0.01,99.99,0,Wired IP
5616,286,109,2026-06-29 05:33:12.490609,221.1,13768.0,1.03,98.97,0,Cellular Bonded
5617,19,12,2025-09-07 15:40:54.778322,113.1,4770.0,0.62,99.38,0,WiFi
5618,5,61,2026-02-28 23:25:50.656729,79.5,11477.0,0.79,99.21,0,Satellite Hybrid
5619,193,62,2026-04-30 15:02:40.555662,74.5,4166.0,0.5,99.5,0,WiFi
5620,113,23,2025-09-28 11:22:17.426435,59.0,4652.0,0.41,99.59,0,Wired IP
5621,136,108,2026-03-05 10:58:19.461922,76.9,8473.0,0.37,99.63,0,Wired IP
5622,249,90,2026-02-07 13:53:58.756903,46.0,3962.0,0.74,99.26,0,Cellular Bonded
5623,255,92,2025-11-16 03:57:18.573832,51.6,10270.0,0.18,99.82,0,Cellular Bonded
5624,102,111,2025-11-27 14:56:09.849711,22.2,8338.0,0.01,99.99,0,Wired IP
5625,46,36,2026-05-31 12:42:29.705187,136.7,13611.0,0.19,99.81,0,Satellite Hybrid
5626,110,85,2025-10-10 03:17:08.834995,34.9,500.0,0.56,94.44,1,Cellular Bonded
5627,35,115,2026-02-07 17:07:14.445920,97.6,3586.0,0.41,99.59,0,WiFi
5628,107,12,2025-12-30 11:28:15.114418,126.7,10773.0,0.15,99.85,0,Cellular Bonded
5629,20,95,2025-12-08 17:35:56.282206,111.8,9941.0,0.23,99.77,0,Cellular Bonded
5630,135,58,2026-04-10 20:01:26.840691,27.6,9819.0,0.0,100.0,0,Cellular Bonded
5631,299,26,2026-07-14 16:24:01.822620,48.2,5186.0,0.14,99.86,0,WiFi
5632,179,13,2025-08-30 22:41:08.540833,111.5,4517.0,0.45,99.55,0,Cellular Bonded
5633,93,19,2026-05-15 04:00:39.737455,74.4,6774.0,0.03,99.97,0,Cellular Bonded
5634,119,42,2026-06-05 21:12:52.647525,39.9,5827.0,0.75,99.25,0,WiFi
5635,249,90,2025-09-07 04:42:13.963230,75.1,7852.0,0.11,99.89,0,Satellite Hybrid
5636,201,6,2026-07-19 03:31:41.780009,80.1,9087.0,0.04,99.96,0,WiFi
5637,279,47,2026-04-20 09:34:12.264002,34.0,4748.0,0.27,99.73,0,WiFi
5638,50,10,2025-11-18 14:05:40.923900,48.0,6697.0,0.02,99.98,0,Wired IP
5639,148,5,2026-01-05 15:58:38.031640,26.7,6661.0,0.41,99.59,0,WiFi
5640,229,54,2026-04-08 11:31:43.721237,98.1,10398.0,0.02,99.98,0,WiFi
5641,218,20,2026-04-30 23:47:50.799490,153.0,8069.0,1.25,98.75,0,WiFi
5642,238,96,2026-07-13 22:14:41.574987,47.9,9093.0,0.26,99.74,0,Wired IP
5643,59,36,2026-04-25 09:09:17.824204,29.2,8465.0,0.53,99.47,0,Cellular Bonded
5644,204,45,2026-03-01 12:03:10.258657,86.8,8868.0,0.22,99.78,0,Cellular Bonded
5645,248,36,2025-11-12 12:39:14.369596,93.7,7069.0,0.32,99.68,0,Satellite Hybrid
5646,251,58,2026-01-26 17:35:41.577114,14.3,10566.0,0.23,99.77,0,WiFi
5647,121,39,2025-08-21 02:38:10.712129,61.6,6630.0,0.43,94.57,1,Cellular Bonded
5648,138,102,2026-08-03 22:47:46.251465,1.0,6314.0,0.44,99.56,0,Cellular Bonded
5649,210,80,2026-07-22 19:34:36.842973,15.4,11387.0,1.04,98.96,0,WiFi
5650,166,31,2026-07-19 07:38:26.556971,1.0,3447.0,0.07,99.93,0,Cellular Bonded
5651,163,4,2025-12-06 01:47:26.618398,73.3,6150.0,0.11,99.89,0,WiFi
5652,227,1,2026-07-26 00:48:17.282119,122.8,9574.0,0.55,99.45,0,Cellular Bonded
5653,134,74,2026-05-21 10:51:32.842642,70.8,9964.0,0.52,99.48,0,Wired IP
5654,138,102,2025-12-04 19:25:54.542484,67.6,10261.0,0.31,99.69,0,Wired IP
5655,113,23,2026-06-27 23:02:14.372834,89.2,10343.0,0.37,99.63,0,Satellite Hybrid
5656,24,114,2025-10-15 17:27:57.703851,106.2,6965.0,0.38,99.62,0,Cellular Bonded
5657,210,80,2026-01-25 10:25:57.306860,87.1,7008.0,0.39,99.61,0,Cellular Bonded
5658,86,59,2025-12-12 00:33:40.101048,82.0,4979.0,0.08,99.92,0,Cellular Bonded
5659,57,99,2026-06-10 17:47:30.451537,92.3,12625.0,1.02,98.98,0,Cellular Bonded
5660,169,108,2026-04-10 11:32:33.874478,57.6,7769.0,0.09,99.91,0,Cellular Bonded
5661,277,115,2026-06-02 08:53:59.392064,34.0,11455.0,1.04,93.96,1,Cellular Bonded
5662,11,65,2025-11-26 06:32:40.944233,72.8,8158.0,0.08,99.92,0,Cellular Bonded
5663,47,89,2025-09-16 11:25:36.840347,102.5,11557.0,0.33,99.67,0,Cellular Bonded
5664,171,39,2026-05-29 18:30:37.727734,99.5,11211.0,0.07,99.93,0,Wired IP
5665,284,30,2026-02-13 17:24:51.818289,113.2,14590.0,0.75,99.25,0,Satellite Hybrid
5666,26,87,2026-05-14 06:02:26.727328,65.5,5993.0,0.61,99.39,0,WiFi
5667,186,61,2026-07-22 10:43:36.298308,78.7,3849.0,0.39,99.61,0,Cellular Bonded
5668,81,84,2025-12-17 16:41:15.651981,50.4,8890.0,0.0,100.0,0,Wired IP
5669,203,44,2026-01-19 10:03:11.866390,84.3,7714.0,0.13,99.87,0,Cellular Bonded
5670,118,53,2026-07-19 13:04:05.410274,88.7,9200.0,0.27,99.73,0,Cellular Bonded
5671,83,89,2025-09-23 21:16:59.549284,22.6,9286.0,0.76,99.24,0,Cellular Bonded
5672,170,54,2025-10-15 18:28:59.929193,55.4,10860.0,0.36,99.64,0,WiFi
5673,284,30,2025-11-21 12:04:12.189283,50.3,5657.0,0.26,99.74,0,Wired IP
5674,7,43,2025-09-11 11:09:44.454407,66.9,7029.0,0.41,94.59,1,Cellular Bonded
5675,11,65,2026-01-18 20:57:05.629218,61.6,3344.0,0.08,99.92,0,Cellular Bonded
5676,270,112,2026-05-11 10:29:25.791790,88.6,9133.0,0.19,99.81,0,Satellite Hybrid
5677,204,45,2026-03-06 04:20:32.700140,122.5,9298.0,0.38,99.62,0,Cellular Bonded
5678,22,2,2025-12-15 12:31:33.746510,60.0,5022.0,0.14,99.86,0,WiFi
5679,155,109,2026-04-29 00:25:46.341541,111.2,7520.0,0.09,94.91,1,Cellular Bonded
5680,127,93,2026-05-23 09:21:29.028274,23.3,8401.0,0.35,94.65,1,Cellular Bonded
5681,64,24,2026-04-09 08:45:47.116981,44.0,7009.0,0.17,99.83,0,Wired IP
5682,194,63,2025-10-24 07:27:25.728634,114.2,2874.0,0.29,99.71,0,Wired IP
5683,68,37,2026-01-27 02:22:29.572917,38.7,10372.0,1.32,98.68,0,Wired IP
5684,139,7,2026-04-09 06:21:45.576736,88.5,8571.0,0.99,99.01,0,Wired IP
5685,40,117,2025-08-19 08:40:07.179285,54.9,6236.0,0.46,99.54,0,Cellular Bonded
5686,213,75,2025-10-30 06:34:24.692850,98.1,9422.0,0.44,94.56,1,Cellular Bonded
5687,278,69,2025-12-07 18:36:41.122991,37.2,7055.0,0.27,99.73,0,WiFi
5688,78,17,2026-03-16 10:21:51.509279,134.5,8946.0,0.16,99.84,0,Cellular Bonded
5689,201,6,2025-09-27 16:40:59.127001,36.3,9733.0,0.38,99.62,0,WiFi
5690,160,71,2025-11-17 08:29:18.684280,76.3,5402.0,0.47,99.53,0,WiFi
5691,218,20,2026-05-05 17:13:36.526447,76.1,7247.0,0.04,99.96,0,Cellular Bonded
5692,12,33,2026-05-25 10:41:56.550202,6.0,7250.0,0.14,99.86,0,Cellular Bonded
5693,235,75,2026-04-12 05:09:59.928639,45.5,7805.0,0.88,99.12,0,Cellular Bonded
5694,136,108,2025-10-04 17:27:39.029675,59.3,500.0,0.14,99.86,0,Wired IP
5695,296,49,2026-03-23 01:52:23.436057,78.9,8329.0,0.21,99.79,0,Wired IP
5696,150,37,2026-01-15 00:29:07.892735,108.4,7617.0,0.06,99.94,0,Satellite Hybrid
5697,114,16,2026-07-27 03:55:37.659747,110.4,11250.0,0.24,99.76,0,WiFi
5698,288,119,2026-01-30 01:12:23.808569,86.2,4401.0,0.32,99.68,0,Cellular Bonded
5699,146,27,2026-07-03 02:28:17.122892,60.5,4787.0,0.89,99.11,0,Satellite Hybrid
5700,274,35,2025-10-05 23:23:44.518818,67.5,11071.0,0.62,99.38,0,Cellular Bonded
5701,196,25,2025-10-20 13:33:52.098542,49.6,11075.0,0.33,94.67,1,Cellular Bonded
5702,255,92,2026-03-22 17:08:59.301939,74.1,9193.0,0.78,99.22,0,Cellular Bonded
5703,191,77,2025-12-15 19:38:26.734138,57.1,6684.0,0.29,99.71,0,WiFi
5704,56,49,2025-11-29 02:32:12.445710,4.4,6317.0,0.19,99.81,0,WiFi
5705,296,49,2025-09-18 01:08:14.993449,86.6,6264.0,0.36,99.64,0,Cellular Bonded
5706,204,45,2025-12-30 10:14:48.248083,51.9,11971.0,0.46,99.54,0,WiFi
5707,229,54,2026-01-08 21:06:30.389424,107.6,9724.0,0.24,99.76,0,Cellular Bonded
5708,289,120,2026-01-02 23:24:26.434584,91.8,7274.0,1.11,98.89,0,Cellular Bonded
5709,160,71,2026-06-18 22:18:41.214868,107.2,5694.0,0.58,99.42,0,WiFi
5710,43,75,2026-03-14 10:53:26.014263,25.4,6984.0,0.65,99.35,0,Cellular Bonded
5711,87,19,2025-08-25 19:22:37.189917,48.4,9044.0,0.39,99.61,0,Satellite Hybrid
5712,251,58,2025-08-26 14:57:42.291232,74.1,2701.0,0.36,99.64,0,Wired IP
5713,43,75,2026-03-10 02:58:49.896113,31.2,9778.0,0.3,99.7,0,WiFi
5714,243,24,2026-03-29 15:27:24.727894,1.0,11610.0,1.13,98.87,0,Cellular Bonded
5715,291,118,2025-11-09 17:25:00.115422,67.5,9140.0,0.63,99.37,0,WiFi
5716,31,26,2025-09-19 17:14:30.591868,70.9,6099.0,0.97,99.03,0,Satellite Hybrid
5717,130,18,2026-02-03 01:00:27.258048,34.9,5233.0,0.39,99.61,0,Satellite Hybrid
5718,173,74,2025-11-21 19:11:36.629641,66.5,9503.0,0.18,99.82,0,Cellular Bonded
5719,19,12,2026-06-25 04:34:40.280721,73.3,11665.0,0.16,99.84,0,Cellular Bonded
5720,290,33,2025-09-05 09:52:05.621391,35.8,6815.0,1.16,98.84,0,Cellular Bonded
5721,3,33,2026-03-31 20:01:49.529427,91.7,11302.0,0.4,99.6,0,WiFi
5722,108,25,2026-03-25 09:44:18.121536,1.4,4012.0,0.14,99.86,0,Satellite Hybrid
5723,251,58,2025-10-11 17:18:19.684436,87.2,8694.0,1.32,98.68,0,WiFi
5724,161,89,2026-08-02 23:00:33.363621,46.5,1634.0,1.07,98.93,0,WiFi
5725,121,39,2025-10-19 08:09:41.208861,42.8,5270.0,0.08,99.92,0,Wired IP
5726,248,36,2026-03-13 07:18:50.451841,76.7,4369.0,0.04,99.96,0,Cellular Bonded
5727,42,109,2025-08-23 09:22:54.481247,89.7,10640.0,0.99,99.01,0,Wired IP
5728,218,20,2026-02-26 04:33:53.012728,1.0,6680.0,0.15,99.85,0,Cellular Bonded
5729,193,62,2026-05-27 13:05:30.259891,29.8,4659.0,0.02,99.98,0,Wired IP
5730,7,43,2026-07-23 02:23:17.875227,46.6,9610.0,0.65,99.35,0,WiFi
5731,63,96,2026-06-16 05:17:28.006875,115.0,5382.0,0.14,99.86,0,Cellular Bonded
5732,225,15,2026-02-14 14:56:29.593477,1.0,8561.0,0.06,99.94,0,Cellular Bonded
5733,59,36,2025-11-08 04:24:59.657175,99.9,10020.0,0.55,94.45,1,Cellular Bonded
5734,218,20,2025-10-31 09:28:12.264954,81.0,3728.0,0.38,99.62,0,Cellular Bonded
5735,269,92,2026-07-29 14:02:53.732392,43.5,7423.0,0.61,99.39,0,Wired IP
5736,281,66,2026-06-11 03:59:43.428477,21.0,8480.0,0.33,99.67,0,WiFi
5737,5,61,2025-11-23 09:54:50.974507,103.8,10194.0,0.13,99.87,0,Cellular Bonded
5738,223,49,2026-05-17 17:16:45.083834,123.8,9831.0,0.92,99.08,0,Wired IP
5739,139,7,2026-01-04 17:03:08.819320,103.4,8417.0,0.11,99.89,0,Cellular Bonded
5740,191,77,2026-01-22 16:23:56.259048,120.1,7998.0,0.43,99.57,0,Satellite Hybrid
5741,85,13,2025-11-01 15:47:17.363311,101.8,10009.0,0.53,99.47,0,Wired IP
5742,268,77,2025-11-04 22:17:31.227746,132.9,5886.0,0.09,99.91,0,Cellular Bonded
5743,191,77,2026-06-15 01:31:53.238571,5.1,7889.0,0.95,99.05,0,WiFi
5744,129,75,2026-05-10 12:22:55.105208,37.1,6967.0,0.14,99.86,0,Satellite Hybrid
5745,108,25,2025-10-26 08:43:29.362138,65.5,11265.0,0.04,99.96,0,Cellular Bonded
5746,70,113,2025-10-23 01:56:05.639093,114.7,4466.0,0.11,99.89,0,Cellular Bonded
5747,243,24,2026-06-03 12:27:46.783255,92.8,3990.0,0.27,94.73,1,WiFi
5748,214,101,2025-08-28 17:48:06.433865,106.8,11102.0,0.07,99.93,0,Cellular Bonded
5749,241,102,2026-08-09 13:32:29.244274,33.6,8046.0,0.18,99.82,0,Cellular Bonded
5750,3,33,2025-11-12 04:48:06.520897,42.2,10785.0,0.03,99.97,0,Cellular Bonded
5751,97,28,2026-01-29 20:42:37.517002,109.9,10090.0,0.05,99.95,0,WiFi
5752,49,36,2025-11-16 21:13:31.363288,123.6,5358.0,0.45,99.55,0,WiFi
5753,170,54,2026-03-19 00:30:43.959908,14.3,8185.0,1.4,98.6,0,Cellular Bonded
5754,240,72,2026-04-11 12:07:35.728068,12.2,7130.0,0.06,99.94,0,Satellite Hybrid
5755,35,115,2025-09-18 12:52:29.132434,1.0,7681.0,0.04,99.96,0,WiFi
5756,287,5,2026-02-05 09:34:28.846243,64.4,7551.0,0.4,99.6,0,Cellular Bonded
5757,177,67,2026-07-02 08:24:11.142905,77.7,6935.0,0.16,99.84,0,Cellular Bonded
5758,99,95,2026-08-08 22:23:37.967316,50.4,8095.0,0.16,99.84,0,WiFi
5759,219,57,2026-01-10 08:40:57.461042,72.1,9999.0,0.1,99.9,0,Cellular Bonded
5760,157,86,2025-11-03 16:57:07.678451,4.6,12203.0,0.08,99.92,0,WiFi
5761,207,61,2026-01-05 05:30:36.038578,40.5,5422.0,0.03,99.97,0,WiFi
5762,288,119,2026-01-19 18:09:24.326595,28.3,6071.0,0.14,99.86,0,Wired IP
5763,104,117,2026-03-24 05:43:53.077380,15.9,8162.0,0.6,99.4,0,Cellular Bonded
5764,79,113,2025-09-13 21:45:32.456439,125.3,3156.0,0.35,99.65,0,Cellular Bonded
5765,111,100,2026-03-09 13:34:34.184291,61.9,11130.0,1.81,98.19,0,WiFi
5766,135,58,2025-09-06 06:16:41.421488,64.2,8511.0,0.06,99.94,0,WiFi
5767,65,23,2026-07-24 02:44:29.220224,85.6,9014.0,0.14,99.86,0,Cellular Bonded
5768,197,56,2026-02-06 03:32:30.446315,34.6,8464.0,1.06,98.94,0,Cellular Bonded
5769,142,40,2025-12-25 13:44:40.360011,95.3,8861.0,0.06,99.94,0,Wired IP
5770,243,24,2026-03-27 14:08:38.741896,95.3,9250.0,0.27,99.73,0,Cellular Bonded
5771,2,35,2026-04-20 02:29:58.380091,21.0,11733.0,0.21,99.79,0,Cellular Bonded
5772,111,100,2026-06-07 02:11:19.416461,149.8,7768.0,0.52,99.48,0,WiFi
5773,76,105,2026-05-04 06:12:02.546271,106.8,9478.0,0.05,99.95,0,WiFi
5774,244,28,2026-06-09 20:48:39.502362,88.9,2150.0,0.23,99.77,0,Cellular Bonded
5775,166,31,2025-08-20 04:41:20.556896,32.2,6667.0,0.04,99.96,0,Cellular Bonded
5776,27,81,2026-02-18 09:59:38.138440,50.9,6705.0,0.06,99.94,0,Cellular Bonded
5777,226,31,2026-01-04 07:06:05.052189,78.8,9898.0,1.03,98.97,0,Satellite Hybrid
5778,242,76,2026-08-10 01:46:09.203728,72.6,10968.0,0.25,99.75,0,Cellular Bonded
5779,257,41,2026-04-20 06:37:16.980405,110.3,4776.0,0.91,99.09,0,WiFi
5780,124,5,2025-10-05 12:15:20.584501,89.3,7873.0,1.69,98.31,0,Cellular Bonded
5781,194,63,2026-07-09 22:28:39.018748,51.2,3251.0,0.03,99.97,0,Cellular Bonded
5782,243,24,2025-09-02 06:00:57.779393,31.6,5671.0,0.69,99.31,0,Wired IP
5783,268,77,2025-10-22 17:11:40.340317,1.0,7001.0,1.07,98.93,0,Cellular Bonded
5784,41,114,2025-10-19 05:54:54.958079,41.4,11944.0,0.09,99.91,0,WiFi
5785,110,85,2026-02-14 03:28:18.058095,45.5,13054.0,0.13,99.87,0,WiFi
5786,143,42,2025-12-20 01:14:07.736953,100.7,4847.0,0.19,99.81,0,Cellular Bonded
5787,224,14,2026-02-05 02:35:40.013435,89.1,5086.0,0.1,99.9,0,Cellular Bonded
5788,251,58,2025-09-19 23:07:26.549351,73.0,7815.0,1.61,98.39,0,WiFi
5789,129,75,2026-05-04 12:14:32.445796,6.0,6807.0,1.23,98.77,0,Satellite Hybrid
5790,286,109,2026-01-23 06:36:03.913972,128.3,11045.0,0.02,99.98,0,Wired IP
5791,179,13,2025-11-21 07:07:41.917347,37.2,6232.0,0.18,99.82,0,Cellular Bonded
5792,188,39,2025-12-10 14:15:51.019287,99.4,4027.0,0.66,99.34,0,Wired IP
5793,178,45,2026-08-10 10:27:59.313379,58.8,7246.0,0.12,99.88,0,Cellular Bonded
5794,110,85,2026-02-16 11:17:09.304752,1.0,4767.0,1.22,98.78,0,Cellular Bonded
5795,98,78,2026-08-08 13:23:25.268062,129.5,8836.0,0.52,99.48,0,Satellite Hybrid
5796,92,105,2025-11-28 19:33:25.622148,78.5,10458.0,0.83,99.17,0,Cellular Bonded
5797,6,51,2025-12-27 20:51:20.086142,73.4,7395.0,0.19,99.81,0,WiFi
5798,185,72,2026-01-22 05:41:17.064989,30.6,10944.0,0.28,99.72,0,Wired IP
5799,3,33,2026-07-13 19:03:07.893380,78.6,9293.0,0.58,99.42,0,Wired IP
5800,169,108,2025-11-22 07:44:59.697958,31.4,11096.0,0.05,99.95,0,Cellular Bonded
5801,189,1,2026-06-17 01:43:09.405104,70.4,8858.0,0.76,99.24,0,Satellite Hybrid
5802,258,100,2026-07-22 12:39:04.291979,49.8,7837.0,1.25,98.75,0,Cellular Bonded
5803,140,46,2026-02-22 22:53:55.273907,31.2,8584.0,0.13,94.87,1,Cellular Bonded
5804,141,13,2026-01-24 07:31:56.064035,104.3,8341.0,0.4,99.6,0,WiFi
5805,204,45,2025-10-17 11:08:17.893624,73.6,8884.0,0.8,99.2,0,Cellular Bonded
5806,130,18,2026-05-14 05:24:12.918376,79.5,10274.0,0.06,99.94,0,Cellular Bonded
5807,30,93,2026-02-13 13:45:37.300288,39.1,4597.0,0.73,99.27,0,WiFi
5808,16,44,2026-07-31 01:04:40.182850,68.0,9447.0,0.55,99.45,0,Cellular Bonded
5809,242,76,2026-03-09 01:57:56.012258,111.9,10552.0,0.75,99.25,0,Cellular Bonded
5810,233,87,2026-07-21 02:47:53.412370,19.3,9434.0,0.53,99.47,0,WiFi
5811,243,24,2026-04-07 15:24:21.811400,27.4,8573.0,0.15,99.85,0,Cellular Bonded
5812,280,25,2026-01-25 20:27:10.535097,17.9,10903.0,0.73,99.27,0,Cellular Bonded
5813,20,95,2025-10-26 04:50:30.611689,110.7,9366.0,0.17,99.83,0,Cellular Bonded
5814,79,113,2025-09-07 03:46:56.774796,40.4,10361.0,2.47,97.53,0,WiFi
5815,91,61,2025-10-24 02:12:55.642117,73.5,8112.0,0.15,99.85,0,Cellular Bonded
5816,68,37,2026-02-05 21:32:29.325254,29.1,10398.0,1.3,98.7,0,Wired IP
5817,62,103,2025-10-16 22:37:12.363841,126.4,10309.0,0.04,99.96,0,WiFi
5818,32,74,2026-02-04 18:15:13.648034,84.1,6957.0,1.3,98.7,0,Cellular Bonded
5819,279,47,2025-09-29 14:12:13.328470,63.7,5946.0,0.63,99.37,0,WiFi
5820,100,52,2026-07-11 00:18:57.401657,101.4,9394.0,0.08,99.92,0,WiFi
5821,9,12,2026-02-14 21:36:54.672565,21.6,8828.0,0.21,99.79,0,Wired IP
5822,163,4,2026-01-26 09:51:28.764795,65.2,8040.0,1.02,98.98,0,Cellular Bonded
5823,87,19,2026-08-14 04:43:18.212738,1.0,8601.0,0.67,99.33,0,Cellular Bonded
5824,188,39,2026-03-10 23:20:44.472924,63.7,7552.0,0.03,99.97,0,Cellular Bonded
5825,207,61,2026-02-01 08:08:10.055137,10.5,10383.0,0.11,99.89,0,Cellular Bonded
5826,32,74,2025-09-28 07:14:59.280361,68.2,5211.0,0.46,99.54,0,Cellular Bonded
5827,257,41,2026-05-07 23:32:41.854758,78.5,5855.0,0.33,99.67,0,Cellular Bonded
5828,137,17,2025-10-11 06:48:51.365376,24.5,6643.0,0.06,99.94,0,Cellular Bonded
5829,228,117,2025-12-23 20:35:27.495666,62.0,6621.0,0.37,99.63,0,Wired IP
5830,102,111,2025-10-31 14:37:28.428075,122.3,11631.0,0.19,99.81,0,Cellular Bonded
5831,210,80,2025-11-29 22:51:16.220598,151.2,5104.0,0.51,99.49,0,WiFi
5832,2,35,2026-06-19 00:43:02.206995,31.0,5998.0,0.33,99.67,0,Satellite Hybrid
5833,288,119,2026-05-18 23:53:12.022884,82.2,4534.0,0.17,99.83,0,Satellite Hybrid
5834,175,19,2026-06-14 12:14:23.720597,93.6,3952.0,0.58,99.42,0,Wired IP
5835,45,120,2026-03-11 20:18:34.251265,65.3,10212.0,0.27,99.73,0,Cellular Bonded
5836,238,96,2026-04-17 07:26:39.639153,71.1,7140.0,0.21,99.79,0,Cellular Bonded
5837,47,89,2025-11-03 18:30:57.237714,106.5,11422.0,0.51,99.49,0,Satellite Hybrid
5838,45,120,2026-08-17 13:11:58.765702,43.6,9492.0,0.31,99.69,0,Cellular Bonded
5839,11,65,2025-08-19 17:52:01.143293,69.0,10010.0,0.35,99.65,0,Cellular Bonded
5840,6,51,2026-05-25 04:02:35.073341,69.5,9160.0,0.0,100.0,0,Satellite Hybrid
5841,192,92,2025-10-23 03:40:41.210684,52.7,7776.0,0.23,99.77,0,WiFi
5842,127,93,2026-07-20 05:25:29.517857,155.4,8153.0,0.41,99.59,0,WiFi
5843,98,78,2025-11-16 02:17:49.616632,2.5,4620.0,0.0,100.0,0,Cellular Bonded
5844,68,37,2026-02-16 01:39:00.909797,37.9,4141.0,1.12,98.88,0,Cellular Bonded
5845,195,113,2025-09-21 15:55:33.459054,48.5,8070.0,0.39,99.61,0,Wired IP
5846,92,105,2025-12-16 05:04:45.475011,65.2,10559.0,0.42,99.58,0,Satellite Hybrid
5847,290,33,2025-11-30 00:17:54.021426,72.5,1973.0,1.55,98.45,0,WiFi
5848,116,39,2026-08-11 11:09:13.504491,82.1,13673.0,0.48,99.52,0,WiFi
5849,140,46,2025-10-01 18:28:46.023356,68.8,10283.0,0.22,99.78,0,WiFi
5850,91,61,2026-01-01 14:27:03.869135,45.0,9137.0,0.11,99.89,0,Wired IP
5851,133,9,2026-07-23 09:57:14.425368,103.8,1112.0,0.15,99.85,0,Cellular Bonded
5852,136,108,2025-09-25 22:59:45.613639,60.1,12224.0,0.15,99.85,0,Cellular Bonded
5853,182,58,2025-12-14 08:13:41.059702,91.5,10484.0,0.29,99.71,0,Wired IP
5854,179,13,2025-08-28 18:41:24.091341,87.8,9316.0,0.15,99.85,0,Cellular Bonded
5855,268,77,2026-02-02 05:48:22.144657,29.1,11597.0,0.27,99.73,0,Satellite Hybrid
5856,88,49,2026-05-03 13:54:40.750004,121.0,7257.0,0.05,94.95,1,WiFi
5857,300,63,2026-02-09 09:42:46.616104,105.6,6403.0,0.29,99.71,0,Cellular Bonded
5858,276,82,2026-04-04 14:43:47.739179,97.7,8409.0,0.07,99.93,0,Cellular Bonded
5859,223,49,2025-11-24 13:12:34.963567,1.0,6859.0,1.15,98.85,0,Cellular Bonded
5860,148,5,2026-04-15 10:29:18.842946,18.3,9670.0,0.1,99.9,0,Cellular Bonded
5861,258,100,2025-12-16 11:49:03.901506,114.9,1807.0,0.0,100.0,0,WiFi
5862,138,102,2025-09-03 05:51:48.512324,15.9,8114.0,0.03,99.97,0,Cellular Bonded
5863,108,25,2026-04-02 10:14:06.989768,64.8,3745.0,0.79,99.21,0,Wired IP
5864,240,72,2026-01-30 15:19:48.435695,45.2,10395.0,0.15,99.85,0,Wired IP
5865,60,82,2026-07-30 02:00:58.850661,18.5,10702.0,0.16,99.84,0,Cellular Bonded
5866,96,71,2026-08-18 05:06:51.893482,97.8,8627.0,0.09,99.91,0,Cellular Bonded
5867,240,72,2026-07-15 06:50:48.345432,6.4,6643.0,0.34,99.66,0,WiFi
5868,191,77,2026-06-05 04:29:59.842767,109.6,5154.0,0.17,99.83,0,Satellite Hybrid
5869,18,13,2025-10-04 10:41:26.706786,9.3,10088.0,0.4,99.6,0,Cellular Bonded
5870,54,64,2026-06-29 08:52:23.110555,14.9,5570.0,0.17,99.83,0,WiFi
5871,5,61,2026-06-06 20:08:20.103015,96.8,5217.0,0.92,99.08,0,Cellular Bonded
5872,244,28,2025-11-29 12:40:13.541952,31.2,10557.0,0.42,99.58,0,Cellular Bonded
5873,52,73,2026-06-05 14:15:19.272879,24.9,6074.0,0.13,99.87,0,Cellular Bonded
5874,184,92,2026-05-16 18:07:25.134129,126.8,10802.0,0.06,99.94,0,WiFi
5875,240,72,2026-03-05 23:20:07.582785,31.3,5576.0,0.71,99.29,0,Wired IP
5876,12,33,2026-03-26 02:22:25.122932,52.8,8700.0,2.89,97.11,0,WiFi
5877,234,57,2025-09-21 00:33:26.534099,89.6,8036.0,0.68,99.32,0,WiFi
5878,223,49,2025-11-19 09:12:08.656147,50.1,10746.0,0.46,99.54,0,Cellular Bonded
5879,243,24,2025-11-13 21:03:14.785553,66.3,8438.0,0.67,99.33,0,Cellular Bonded
5880,130,18,2026-05-26 15:20:54.581223,40.8,11469.0,0.36,99.64,0,WiFi
5881,173,74,2026-01-10 20:37:11.320534,52.5,5906.0,0.31,99.69,0,Cellular Bonded
5882,206,45,2025-08-25 17:25:36.453079,20.5,5571.0,0.1,99.9,0,WiFi
5883,120,58,2025-11-02 05:57:09.965747,73.7,9151.0,0.01,99.99,0,WiFi
5884,260,27,2026-01-07 01:22:48.172139,129.2,8496.0,0.23,99.77,0,Cellular Bonded
5885,219,57,2026-01-12 03:05:56.317208,41.9,12699.0,0.83,99.17,0,WiFi
5886,296,49,2026-04-11 11:32:04.697796,119.1,5881.0,0.27,99.73,0,Cellular Bonded
5887,15,43,2026-08-01 15:27:58.422852,8.1,6972.0,0.0,100.0,0,Cellular Bonded
5888,86,59,2025-10-13 12:05:21.385739,1.0,4621.0,0.08,99.92,0,Wired IP
5889,269,92,2025-12-05 05:16:37.266675,113.9,9012.0,0.27,99.73,0,WiFi
5890,291,118,2026-06-06 16:07:49.485796,62.2,8539.0,0.28,99.72,0,Cellular Bonded
5891,67,96,2026-05-13 20:49:05.704946,31.4,9018.0,1.05,98.95,0,Satellite Hybrid
5892,28,90,2026-07-20 16:41:48.582464,139.9,9469.0,0.48,99.52,0,Cellular Bonded
5893,159,17,2026-07-14 03:18:05.303062,12.8,7322.0,0.19,99.81,0,Wired IP
5894,73,23,2026-03-26 13:04:48.849303,101.1,6024.0,0.02,99.98,0,Cellular Bonded
5895,235,75,2025-12-27 07:17:38.601991,63.5,6251.0,0.01,99.99,0,Satellite Hybrid
5896,236,12,2025-09-22 07:45:02.347183,118.1,8964.0,0.35,94.65,1,Wired IP
5897,76,105,2025-12-30 08:59:46.439902,47.6,8837.0,0.12,99.88,0,Cellular Bonded
5898,89,100,2025-10-30 04:47:08.829216,73.1,1946.0,1.17,98.83,0,Cellular Bonded
5899,42,109,2026-01-27 20:13:29.445907,36.4,10169.0,0.07,99.93,0,WiFi
5900,105,69,2026-01-06 21:45:30.537826,86.7,7079.0,0.07,99.93,0,Wired IP
5901,126,87,2025-11-24 05:51:32.336060,87.0,11367.0,0.76,99.24,0,Cellular Bonded
5902,285,114,2026-03-25 09:16:58.653713,53.0,7272.0,0.13,99.87,0,Cellular Bonded
5903,192,92,2025-09-20 04:09:21.820340,85.0,8710.0,0.59,94.41,1,Cellular Bonded
5904,82,112,2026-01-19 11:32:44.599623,131.6,11270.0,0.05,99.95,0,Cellular Bonded
5905,242,76,2025-12-30 15:49:22.136185,24.3,8155.0,1.34,98.66,0,Cellular Bonded
5906,202,58,2025-10-25 06:22:39.578633,22.2,7064.0,0.22,99.78,0,Cellular Bonded
5907,242,76,2026-04-05 11:08:19.436161,100.7,5246.0,0.04,99.96,0,Wired IP
5908,238,96,2025-09-21 04:01:50.356909,134.8,10522.0,0.61,99.39,0,Satellite Hybrid
5909,50,10,2026-02-21 15:05:08.365347,60.2,6156.0,0.12,99.88,0,Cellular Bonded
5910,163,4,2026-08-08 12:31:00.816305,112.6,7128.0,0.11,99.89,0,Cellular Bonded
5911,69,12,2026-04-22 03:59:08.626124,65.7,8299.0,0.05,99.95,0,Wired IP
5912,168,61,2026-04-11 15:24:44.570301,59.2,7624.0,0.09,99.91,0,WiFi
5913,218,20,2026-05-05 17:51:12.917675,74.0,7205.0,0.02,99.98,0,Cellular Bonded
5914,274,35,2026-07-23 23:15:48.220330,1.0,5292.0,1.83,98.17,0,Wired IP
5915,251,58,2026-02-26 17:11:21.709168,33.3,12176.0,0.54,99.46,0,Wired IP
5916,14,74,2026-04-11 12:02:14.751102,45.5,6719.0,0.21,99.79,0,Cellular Bonded
5917,92,105,2025-09-17 21:22:49.332723,120.0,4705.0,0.67,99.33,0,Cellular Bonded
5918,189,1,2026-02-05 03:46:15.965537,101.9,6199.0,0.19,99.81,0,WiFi
5919,257,41,2025-09-16 03:26:30.868706,19.0,11746.0,0.03,99.97,0,WiFi
5920,204,45,2026-06-06 20:01:21.551692,72.0,5575.0,0.57,99.43,0,Cellular Bonded
5921,118,53,2025-12-05 21:27:17.838426,139.4,5217.0,0.28,99.72,0,Cellular Bonded
5922,97,28,2026-08-12 12:08:16.392837,73.0,5624.0,0.63,99.37,0,WiFi
5923,155,109,2026-04-25 00:58:07.315604,99.0,9881.0,0.02,99.98,0,Wired IP
5924,174,90,2025-12-05 21:35:23.484933,68.2,10476.0,0.11,99.89,0,Satellite Hybrid
5925,93,19,2025-11-17 00:09:54.285541,5.9,8771.0,0.37,99.63,0,WiFi
5926,146,27,2026-01-21 09:03:46.498830,88.5,5352.0,0.79,99.21,0,Cellular Bonded
5927,247,92,2026-03-13 18:38:24.249710,82.8,8262.0,0.43,94.57,1,Wired IP
5928,216,99,2026-03-07 08:57:39.418602,112.0,8564.0,0.05,99.95,0,Cellular Bonded
5929,204,45,2026-07-19 02:10:04.470771,63.8,5382.0,0.16,99.84,0,WiFi
5930,55,99,2026-02-21 15:43:32.595395,74.5,10002.0,0.1,99.9,0,Wired IP
5931,43,75,2026-02-20 15:31:11.169794,136.6,8567.0,0.88,99.12,0,Wired IP
5932,52,73,2026-01-16 00:10:05.335981,120.7,8068.0,0.33,99.67,0,Cellular Bonded
5933,208,47,2026-02-03 20:33:30.985527,16.3,15303.0,0.22,99.78,0,WiFi
5934,7,43,2026-05-08 04:19:43.530869,91.0,4506.0,0.5,99.5,0,Wired IP
5935,66,62,2026-06-10 22:50:48.684183,99.7,6990.0,1.16,98.84,0,Satellite Hybrid
5936,197,56,2025-12-25 23:52:18.458899,45.5,11515.0,1.22,98.78,0,WiFi
5937,6,51,2026-03-19 23:51:30.536288,31.7,3872.0,0.38,99.62,0,Cellular Bonded
5938,206,45,2026-05-25 19:48:19.075836,33.4,9822.0,0.36,99.64,0,WiFi
5939,28,90,2025-08-24 04:15:03.751007,82.1,9639.0,0.64,99.36,0,Wired IP
5940,133,9,2026-05-15 13:21:15.108582,109.2,8779.0,0.11,99.89,0,WiFi
5941,60,82,2026-02-03 04:59:08.082170,26.0,6736.0,0.06,99.94,0,Cellular Bonded
5942,231,3,2026-06-01 05:23:15.822096,110.9,1211.0,0.98,99.02,0,Cellular Bonded
5943,243,24,2026-06-21 22:25:15.284114,93.3,5953.0,0.06,99.94,0,Wired IP
5944,274,35,2025-09-03 18:13:53.293548,134.5,4541.0,0.08,99.92,0,Cellular Bonded
5945,58,112,2026-01-17 04:29:05.812567,52.2,11399.0,1.73,98.27,0,Cellular Bonded
5946,218,20,2026-05-02 08:45:14.441268,100.2,6401.0,0.01,99.99,0,WiFi
5947,197,56,2025-12-10 20:11:35.274610,58.8,12190.0,0.07,99.93,0,Satellite Hybrid
5948,41,114,2026-05-09 13:29:10.452086,30.7,10230.0,0.82,99.18,0,Wired IP
5949,173,74,2026-05-21 16:52:19.501130,19.8,6818.0,0.83,99.17,0,Wired IP
5950,133,9,2026-01-29 11:41:50.174681,73.1,8034.0,0.24,99.76,0,Cellular Bonded
5951,233,87,2026-06-09 03:07:25.056409,84.3,7294.0,0.23,99.77,0,WiFi
5952,238,96,2025-12-20 20:08:18.658083,56.7,7990.0,0.1,99.9,0,Cellular Bonded
5953,63,96,2026-07-19 09:15:48.719922,59.0,12112.0,0.07,99.93,0,Cellular Bonded
5954,236,12,2026-06-09 22:09:06.878914,49.0,8008.0,0.22,99.78,0,WiFi
5955,190,3,2025-11-03 06:52:59.594696,165.0,9131.0,0.16,99.84,0,Cellular Bonded
5956,173,74,2025-09-15 19:00:30.947189,1.0,8267.0,0.29,99.71,0,Wired IP
5957,13,40,2026-08-11 18:36:56.054996,97.1,9071.0,0.16,99.84,0,WiFi
5958,92,105,2025-11-20 21:35:36.330864,100.3,12717.0,0.3,99.7,0,Satellite Hybrid
5959,214,101,2026-04-21 01:25:44.032131,71.9,5587.0,1.0,94.0,1,Cellular Bonded
5960,167,19,2026-01-23 14:12:59.969720,32.3,7567.0,0.05,99.95,0,Wired IP
5961,19,12,2025-08-24 18:40:34.264916,139.4,6674.0,0.06,99.94,0,Cellular Bonded
5962,183,20,2026-01-09 09:43:16.563953,72.2,10352.0,0.01,99.99,0,Wired IP
5963,273,46,2025-08-23 02:16:57.843428,1.0,5341.0,0.39,99.61,0,Cellular Bonded
5964,128,107,2026-04-14 15:10:03.899997,143.1,10607.0,0.14,99.86,0,WiFi
5965,274,35,2026-02-02 05:11:29.237002,123.1,5958.0,0.06,99.94,0,Wired IP
5966,75,99,2026-01-13 02:42:46.620124,68.7,9737.0,0.48,99.52,0,WiFi
5967,221,47,2026-04-15 07:57:17.333117,57.0,3381.0,0.17,99.83,0,Cellular Bonded
5968,177,67,2026-05-16 22:02:18.149824,87.7,5553.0,0.02,99.98,0,Cellular Bonded
5969,125,35,2026-05-10 05:24:08.812805,87.6,6025.0,0.86,99.14,0,Cellular Bonded
5970,269,92,2025-12-06 18:32:24.708154,75.2,8461.0,1.46,98.54,0,Satellite Hybrid
5971,21,46,2026-06-11 01:32:34.062281,16.9,5085.0,0.19,99.81,0,Satellite Hybrid
5972,191,77,2026-03-31 08:59:54.316778,151.7,7656.0,0.02,94.98,1,Cellular Bonded
5973,52,73,2026-04-27 08:35:10.975571,31.0,10153.0,1.23,98.77,0,Cellular Bonded
5974,41,114,2026-08-04 19:46:00.443014,42.5,8845.0,0.42,99.58,0,WiFi
5975,155,109,2026-04-21 16:15:56.938902,82.1,9637.0,1.03,98.97,0,Cellular Bonded
5976,12,33,2026-06-07 23:08:49.056096,22.1,11648.0,0.0,100.0,0,WiFi
5977,132,76,2025-09-19 05:29:22.346312,58.8,8443.0,0.01,99.99,0,Cellular Bonded
5978,41,114,2025-10-06 13:26:58.392602,52.5,9515.0,0.11,99.89,0,Cellular Bonded
5979,222,105,2025-10-26 21:19:51.909473,107.2,5520.0,1.28,98.72,0,Cellular Bonded
5980,99,95,2026-06-12 02:23:11.867794,82.5,7271.0,0.77,99.23,0,Cellular Bonded
5981,156,65,2026-04-29 07:38:02.576914,85.3,8539.0,0.17,99.83,0,Satellite Hybrid
5982,277,115,2025-10-25 22:43:09.208723,96.9,8934.0,1.99,98.01,0,Cellular Bonded
5983,125,35,2025-08-28 00:38:57.872866,6.8,10916.0,0.67,99.33,0,WiFi
5984,26,87,2026-02-09 20:46:12.563536,52.9,9906.0,0.08,99.92,0,Cellular Bonded
5985,243,24,2025-10-10 05:24:42.202411,35.8,4636.0,1.17,98.83,0,Cellular Bonded
5986,224,14,2025-11-14 11:56:54.523896,105.6,8377.0,0.87,99.13,0,Cellular Bonded
5987,96,71,2026-06-21 15:14:09.351353,51.6,6595.0,0.24,99.76,0,WiFi
5988,24,114,2026-06-27 12:17:03.488196,101.7,11399.0,0.85,99.15,0,WiFi
5989,93,19,2026-03-02 20:13:18.165643,136.9,4730.0,0.41,99.59,0,Cellular Bonded
5990,140,46,2025-09-18 15:59:01.643862,48.6,10154.0,1.01,93.99,1,Cellular Bonded
5991,107,12,2026-05-26 05:13:04.229167,29.7,9533.0,0.73,94.27,1,Cellular Bonded
5992,213,75,2025-10-11 07:47:41.896278,159.6,5989.0,0.16,99.84,0,Cellular Bonded
5993,141,13,2026-01-19 05:47:19.242903,77.9,2272.0,0.0,100.0,0,Satellite Hybrid
5994,163,4,2025-09-29 18:00:45.815137,56.5,8736.0,1.05,98.95,0,Cellular Bonded
5995,116,39,2026-07-13 15:44:46.793401,79.2,8846.0,0.12,94.88,1,Wired IP
5996,167,19,2026-05-14 22:09:14.575187,21.9,7374.0,0.36,99.64,0,Wired IP
5997,148,5,2026-01-27 18:40:43.791116,53.3,9318.0,0.34,99.66,0,Cellular Bonded
5998,236,12,2026-02-11 07:11:51.381905,129.4,1348.0,0.15,99.85,0,Cellular Bonded
5999,169,108,2025-08-25 09:40:47.461980,65.0,10089.0,0.71,99.29,0,Cellular Bonded
6000,244,28,2026-01-29 07:54:56.883731,119.4,9004.0,0.67,99.33,0,Cellular Bonded
6001,7,43,2025-11-14 19:23:25.131205,132.2,4672.0,0.15,99.85,0,WiFi
6002,164,36,2025-12-03 20:43:40.183524,4.3,4916.0,0.05,99.95,0,Cellular Bonded
6003,228,117,2026-06-17 00:30:23.828792,63.4,11157.0,0.33,99.67,0,Cellular Bonded
6004,256,101,2026-01-08 05:40:56.126525,58.9,5243.0,0.1,99.9,0,WiFi
6005,88,49,2025-12-18 02:34:07.151547,155.4,9246.0,1.18,98.82,0,Cellular Bonded
6006,131,111,2025-09-24 17:09:09.625311,118.7,11602.0,0.49,99.51,0,Satellite Hybrid
6007,293,18,2026-06-23 15:46:12.268270,113.1,10273.0,0.66,99.34,0,Cellular Bonded
6008,250,8,2026-01-22 20:35:55.133237,47.9,8659.0,0.84,99.16,0,Cellular Bonded
6009,177,67,2026-01-16 23:31:45.338271,116.2,6983.0,0.41,99.59,0,Cellular Bonded
6010,272,13,2026-02-15 04:33:27.611066,106.4,11911.0,0.54,99.46,0,WiFi
6011,150,37,2026-03-17 11:20:59.582962,36.3,9843.0,0.25,99.75,0,Satellite Hybrid
6012,232,16,2026-05-12 02:40:17.662460,16.3,8351.0,0.36,99.64,0,Wired IP
6013,16,44,2026-08-17 22:09:06.168321,136.4,5849.0,0.38,99.62,0,Cellular Bonded
6014,300,63,2025-08-31 18:01:40.822163,8.7,8793.0,0.32,99.68,0,WiFi
6015,181,92,2026-01-11 03:18:19.513823,37.1,11181.0,0.05,99.95,0,WiFi
6016,213,75,2026-02-21 15:12:38.189542,130.7,7060.0,0.66,99.34,0,Wired IP
6017,12,33,2026-05-09 18:02:15.210476,41.0,5743.0,0.38,99.62,0,WiFi
6018,146,27,2026-07-25 15:40:50.494233,45.5,4403.0,0.21,99.79,0,WiFi
6019,252,60,2026-07-14 15:01:52.544443,1.0,8218.0,0.13,99.87,0,Cellular Bonded
6020,193,62,2026-06-30 23:01:48.540771,106.3,9800.0,0.01,99.99,0,Satellite Hybrid
6021,68,37,2025-11-10 21:26:20.335412,42.6,11190.0,0.23,99.77,0,Cellular Bonded
6022,64,24,2025-09-09 09:33:10.654289,61.2,3014.0,0.07,99.93,0,Cellular Bonded
6023,112,53,2025-08-25 04:21:07.699033,84.0,6567.0,0.06,99.94,0,Cellular Bonded
6024,57,99,2026-03-16 15:34:06.158381,92.0,7828.0,0.08,99.92,0,Wired IP
6025,92,105,2026-03-08 04:46:21.338443,102.8,11020.0,0.51,99.49,0,Cellular Bonded
6026,206,45,2025-11-24 00:20:05.676829,53.5,6257.0,0.03,99.97,0,Wired IP
6027,181,92,2026-04-11 21:27:16.337675,48.2,14655.0,0.62,99.38,0,Wired IP
6028,215,36,2026-07-08 19:26:48.659687,40.3,7563.0,0.04,99.96,0,Cellular Bonded
6029,143,42,2025-09-29 22:14:05.338254,73.6,9366.0,0.52,99.48,0,Cellular Bonded
6030,186,61,2026-04-02 13:08:32.849501,74.4,7627.0,0.13,99.87,0,WiFi
6031,163,4,2026-04-11 02:52:37.772315,86.6,7073.0,0.42,99.58,0,Satellite Hybrid
6032,273,46,2026-01-28 21:28:57.016627,58.0,5824.0,0.3,99.7,0,Cellular Bonded
6033,207,61,2026-01-24 11:30:55.016684,1.0,7787.0,0.65,99.35,0,Cellular Bonded
6034,238,96,2025-10-16 03:09:26.819600,64.5,6584.0,0.12,99.88,0,WiFi
6035,231,3,2026-05-10 08:00:39.069449,87.5,13155.0,0.17,99.83,0,Wired IP
6036,91,61,2026-02-05 12:43:06.117118,24.3,10337.0,0.28,99.72,0,Cellular Bonded
6037,2,35,2026-01-25 03:59:30.785218,94.0,5478.0,0.11,99.89,0,Wired IP
6038,172,91,2026-02-19 13:05:59.558553,22.4,4705.0,0.36,99.64,0,Satellite Hybrid
6039,89,100,2026-03-20 18:10:34.030225,132.3,12544.0,0.15,99.85,0,Cellular Bonded
6040,51,101,2026-04-25 06:45:07.994219,133.1,10323.0,0.12,99.88,0,WiFi
6041,215,36,2026-07-20 17:00:37.294884,68.9,8398.0,0.04,99.96,0,Cellular Bonded
6042,211,118,2026-06-25 18:47:46.303720,1.0,6118.0,0.27,99.73,0,Cellular Bonded
6043,15,43,2026-05-06 07:33:10.516601,40.4,5081.0,0.08,99.92,0,Cellular Bonded
6044,71,55,2026-02-05 05:56:41.204294,81.0,7142.0,0.64,99.36,0,Cellular Bonded
6045,258,100,2026-07-06 15:10:06.381791,52.2,9134.0,0.35,99.65,0,Cellular Bonded
6046,293,18,2026-05-09 03:51:07.097880,60.9,8231.0,0.01,99.99,0,Cellular Bonded
6047,12,33,2026-01-07 17:44:54.324516,16.0,5176.0,0.65,99.35,0,Cellular Bonded
6048,128,107,2026-01-17 09:49:29.639981,7.4,12201.0,0.32,99.68,0,Cellular Bonded
6049,242,76,2026-07-27 19:30:39.071031,105.1,7111.0,0.47,99.53,0,Wired IP
6050,190,3,2026-04-13 10:14:58.965106,55.3,11616.0,0.45,94.55,1,WiFi
6051,200,117,2025-12-27 17:54:22.626212,59.2,7809.0,0.21,99.79,0,Cellular Bonded
6052,99,95,2026-02-06 15:44:26.719669,67.7,7916.0,0.75,99.25,0,Satellite Hybrid
6053,83,89,2026-08-07 16:06:09.110586,4.5,6417.0,0.34,99.66,0,Cellular Bonded
6054,123,95,2025-10-16 09:13:22.149131,22.1,6437.0,0.21,99.79,0,Cellular Bonded
6055,103,16,2025-11-01 21:04:04.233110,76.0,9486.0,0.07,99.93,0,Cellular Bonded
6056,151,38,2026-04-27 08:53:42.953010,60.6,6578.0,0.66,99.34,0,Cellular Bonded
6057,16,44,2025-09-18 16:50:43.561718,31.9,7292.0,0.02,99.98,0,Cellular Bonded
6058,237,74,2026-02-10 12:17:58.495209,67.7,1750.0,0.08,99.92,0,WiFi
6059,228,117,2025-10-20 11:55:05.135228,31.4,7581.0,0.41,99.59,0,Cellular Bonded
6060,91,61,2025-10-14 07:10:59.502744,32.0,14582.0,0.78,99.22,0,Wired IP
6061,257,41,2026-02-13 21:44:28.331731,90.2,6579.0,0.71,99.29,0,Cellular Bonded
6062,170,54,2026-06-03 21:23:22.999279,52.7,8371.0,0.36,99.64,0,WiFi
6063,82,112,2026-07-28 11:47:10.164557,100.0,7236.0,0.64,99.36,0,Wired IP
6064,36,105,2026-02-14 11:13:38.391976,42.3,9594.0,0.25,94.75,1,WiFi
6065,17,29,2025-11-11 22:05:04.591111,37.6,5417.0,0.23,99.77,0,Cellular Bonded
6066,209,21,2026-03-09 12:05:29.396337,54.8,7950.0,0.1,99.9,0,WiFi
6067,241,102,2026-08-18 00:12:33.372629,136.8,5153.0,0.11,99.89,0,Satellite Hybrid
6068,37,7,2025-12-27 05:02:17.022962,31.0,8703.0,0.21,99.79,0,Wired IP
6069,134,74,2025-11-21 10:39:00.711346,68.4,11157.0,0.94,99.06,0,Cellular Bonded
6070,276,82,2026-04-22 08:15:34.401480,16.1,9925.0,0.41,99.59,0,Cellular Bonded
6071,274,35,2025-10-21 00:23:27.588291,86.6,5061.0,0.57,99.43,0,Cellular Bonded
6072,225,15,2026-06-27 23:25:51.581982,54.6,6216.0,0.06,99.94,0,Satellite Hybrid
6073,31,26,2026-02-18 00:40:48.608316,17.7,2029.0,0.31,99.69,0,Wired IP
6074,204,45,2026-06-08 18:12:01.310838,86.6,11055.0,0.18,99.82,0,Cellular Bonded
6075,21,46,2025-12-19 12:36:08.432747,78.7,6575.0,0.18,99.82,0,Cellular Bonded
6076,262,63,2025-09-28 20:12:07.513518,63.4,10499.0,0.92,99.08,0,Wired IP
6077,226,31,2025-11-08 23:44:45.354889,127.7,7288.0,0.49,99.51,0,Cellular Bonded
6078,64,24,2026-03-11 09:13:07.174427,85.7,8343.0,1.05,98.95,0,WiFi
6079,135,58,2026-02-11 18:44:54.912020,16.2,9901.0,0.71,99.29,0,Satellite Hybrid
6080,297,11,2026-08-15 23:09:42.847058,84.8,10553.0,0.14,99.86,0,Cellular Bonded
6081,58,112,2026-05-31 18:04:29.280966,71.1,6122.0,0.13,99.87,0,Satellite Hybrid
6082,188,39,2026-05-26 02:10:32.315048,58.6,6584.0,0.12,99.88,0,Cellular Bonded
6083,174,90,2026-05-26 08:29:31.992388,66.7,7792.0,0.05,99.95,0,Cellular Bonded
6084,125,35,2026-03-09 13:46:19.900080,141.2,14220.0,0.18,99.82,0,Cellular Bonded
6085,108,25,2026-07-11 10:19:30.635556,17.0,7845.0,0.18,99.82,0,WiFi
6086,169,108,2026-06-25 18:23:46.735976,88.1,6002.0,0.42,99.58,0,Cellular Bonded
6087,38,68,2026-07-03 04:08:04.311615,64.6,7910.0,0.47,99.53,0,Cellular Bonded
6088,252,60,2026-03-26 19:52:39.608968,113.7,11088.0,0.66,99.34,0,Cellular Bonded
6089,134,74,2025-09-25 06:06:20.749815,37.9,8298.0,0.08,99.92,0,Cellular Bonded
6090,228,117,2025-09-05 15:28:01.777033,76.4,2694.0,0.12,99.88,0,WiFi
6091,231,3,2026-07-29 15:56:07.349374,52.5,2327.0,0.34,99.66,0,WiFi
6092,291,118,2026-06-05 21:36:49.715934,68.4,6280.0,0.23,99.77,0,Cellular Bonded
6093,19,12,2026-08-04 15:26:04.139207,77.1,7425.0,0.82,99.18,0,Cellular Bonded
6094,76,105,2026-05-21 02:56:34.028593,86.2,12639.0,1.12,98.88,0,Wired IP
6095,14,74,2026-08-09 00:40:36.508728,22.1,8591.0,0.25,99.75,0,WiFi
6096,190,3,2026-05-30 13:44:49.335356,59.4,9153.0,0.61,99.39,0,WiFi
6097,150,37,2026-03-28 18:53:31.793534,69.4,6013.0,0.08,99.92,0,WiFi
6098,82,112,2026-06-27 14:01:09.956493,78.3,8193.0,1.1,98.9,0,Cellular Bonded
6099,157,86,2025-09-24 10:11:00.551051,67.1,7794.0,0.46,99.54,0,WiFi
6100,226,31,2026-03-11 13:31:26.186265,92.8,6841.0,0.23,99.77,0,Cellular Bonded
6101,80,62,2026-02-19 10:12:24.661394,82.4,8081.0,0.5,99.5,0,Cellular Bonded
6102,66,62,2025-10-18 05:12:27.375499,54.3,8122.0,0.33,99.67,0,Cellular Bonded
6103,150,37,2025-09-30 08:02:05.708719,89.5,13281.0,0.12,99.88,0,Cellular Bonded
6104,132,76,2025-11-01 05:06:07.907201,72.0,7915.0,0.23,99.77,0,WiFi
6105,15,43,2025-12-28 06:01:17.521247,58.9,6594.0,0.35,99.65,0,WiFi
6106,299,26,2026-05-11 02:45:38.008116,127.8,15288.0,0.58,99.42,0,Cellular Bonded
6107,300,63,2026-05-03 17:54:45.182755,54.7,6281.0,0.07,94.93,1,Wired IP
6108,187,105,2026-05-23 09:15:49.813309,6.3,13321.0,0.97,99.03,0,Wired IP
6109,265,33,2026-02-16 04:06:19.028668,105.1,7436.0,0.03,99.97,0,Wired IP
6110,88,49,2026-07-02 00:04:24.601156,89.9,3478.0,0.13,99.87,0,Wired IP
6111,80,62,2025-10-13 13:30:01.464021,61.2,6095.0,0.39,99.61,0,Satellite Hybrid
6112,257,41,2025-12-29 00:24:22.194422,100.6,10368.0,0.63,99.37,0,Cellular Bonded
6113,192,92,2026-06-13 06:21:23.466905,9.8,4215.0,1.25,98.75,0,Cellular Bonded
6114,249,90,2025-10-02 03:10:29.722848,88.9,4857.0,0.22,99.78,0,Cellular Bonded
6115,269,92,2025-10-30 22:28:29.189574,29.9,9530.0,0.4,99.6,0,Cellular Bonded
6116,248,36,2026-08-07 04:40:10.991430,79.5,7633.0,0.16,99.84,0,Cellular Bonded
6117,8,101,2026-05-26 00:49:16.264182,52.2,6553.0,0.36,99.64,0,Cellular Bonded
6118,34,34,2025-08-20 15:26:06.507370,20.8,8882.0,0.12,99.88,0,Satellite Hybrid
6119,159,17,2026-06-18 23:29:17.547502,49.6,4476.0,0.34,99.66,0,Wired IP
6120,77,30,2026-02-07 03:28:01.838018,61.9,5950.0,0.2,99.8,0,WiFi
6121,62,103,2025-11-30 21:59:58.784047,5.9,5639.0,0.24,99.76,0,Cellular Bonded
6122,183,20,2025-10-19 18:08:21.863659,28.6,9736.0,0.43,99.57,0,Wired IP
6123,292,65,2025-11-23 08:16:26.234515,102.9,5054.0,0.06,99.94,0,Cellular Bonded
6124,7,43,2026-05-06 07:33:28.868610,77.7,4405.0,0.58,99.42,0,Cellular Bonded
6125,269,92,2026-01-16 17:35:43.706832,43.7,12083.0,0.0,100.0,0,WiFi
6126,104,117,2026-04-05 00:13:25.862831,51.1,10002.0,0.51,99.49,0,Cellular Bonded
6127,17,29,2025-11-15 20:06:37.849303,50.4,8443.0,0.35,99.65,0,Satellite Hybrid
6128,51,101,2026-05-20 04:31:53.654115,45.5,7427.0,1.19,98.81,0,Cellular Bonded
6129,260,27,2026-02-27 13:57:59.514764,139.2,11215.0,0.89,99.11,0,Cellular Bonded
6130,284,30,2026-06-01 14:29:14.231728,54.3,9008.0,0.03,99.97,0,WiFi
6131,276,82,2025-10-07 14:41:04.182067,105.5,1715.0,0.12,99.88,0,Wired IP
6132,29,8,2026-01-21 18:37:17.355775,105.2,9030.0,0.21,99.79,0,Cellular Bonded
6133,268,77,2026-07-19 08:27:31.218447,1.0,12242.0,0.5,99.5,0,Cellular Bonded
6134,132,76,2026-07-12 01:38:07.674371,102.8,7698.0,0.56,99.44,0,Cellular Bonded
6135,94,76,2026-07-31 16:45:30.866839,73.6,10341.0,0.45,99.55,0,Cellular Bonded
6136,126,87,2026-02-22 15:44:15.169888,118.9,7358.0,0.16,99.84,0,Cellular Bonded
6137,234,57,2026-04-24 06:26:11.955769,39.4,7548.0,0.51,99.49,0,Cellular Bonded
6138,137,17,2026-07-28 17:47:32.290657,90.5,7102.0,0.31,99.69,0,Cellular Bonded
6139,47,89,2026-01-26 19:08:09.099247,6.0,8624.0,0.01,99.99,0,Satellite Hybrid
6140,33,90,2026-05-26 08:59:28.736043,90.8,8909.0,0.59,99.41,0,Wired IP
6141,68,37,2026-05-07 04:48:43.317050,80.5,10053.0,0.07,99.93,0,Cellular Bonded
6142,32,74,2026-02-23 02:11:34.524093,108.1,9605.0,0.16,99.84,0,Cellular Bonded
6143,125,35,2025-09-12 15:19:10.845523,80.7,9215.0,0.02,99.98,0,Cellular Bonded
6144,298,85,2025-12-19 17:35:10.387711,16.5,5879.0,0.73,99.27,0,Cellular Bonded
6145,51,101,2026-01-11 20:34:07.885640,164.3,10794.0,0.22,99.78,0,Cellular Bonded
6146,27,81,2026-05-27 04:26:50.954609,61.2,9256.0,0.52,99.48,0,Cellular Bonded
6147,38,68,2026-01-23 16:36:41.541122,44.5,9457.0,0.45,99.55,0,Cellular Bonded
6148,60,82,2026-01-08 19:06:42.101634,104.2,11285.0,0.17,99.83,0,Cellular Bonded
6149,244,28,2025-08-31 18:41:54.181889,78.1,4917.0,0.32,99.68,0,Wired IP
6150,278,69,2026-07-20 23:52:21.044690,109.0,9206.0,0.01,99.99,0,WiFi
6151,250,8,2025-10-12 08:12:25.116923,34.2,5929.0,0.51,99.49,0,WiFi
6152,5,61,2026-03-15 23:23:41.424706,114.4,6636.0,0.23,99.77,0,Wired IP
6153,58,112,2026-08-10 03:36:04.176820,88.2,11229.0,0.33,99.67,0,Satellite Hybrid
6154,227,1,2026-08-10 23:52:29.593740,73.1,9402.0,0.42,99.58,0,WiFi
6155,100,52,2026-06-05 22:20:55.250250,49.0,9537.0,0.38,99.62,0,Satellite Hybrid
6156,234,57,2026-07-03 22:41:14.036286,67.5,5208.0,0.03,99.97,0,Cellular Bonded
6157,129,75,2026-08-08 07:10:01.456120,1.0,9989.0,0.32,99.68,0,Cellular Bonded
6158,139,7,2026-01-18 07:14:18.988867,108.1,7592.0,0.19,99.81,0,Cellular Bonded
6159,91,61,2026-07-07 14:01:47.235468,28.2,7690.0,0.2,99.8,0,Cellular Bonded
6160,248,36,2026-05-01 01:19:05.812461,113.2,8029.0,0.32,99.68,0,Satellite Hybrid
6161,154,112,2026-07-03 02:49:35.117349,76.8,7821.0,0.05,99.95,0,Wired IP
6162,273,46,2026-05-08 15:12:05.399525,45.1,8373.0,1.43,98.57,0,Cellular Bonded
6163,141,13,2025-12-10 17:59:35.104719,86.7,8803.0,0.08,99.92,0,Cellular Bonded
6164,258,100,2025-12-21 20:52:13.930238,139.5,9586.0,0.82,99.18,0,WiFi
6165,226,31,2026-06-16 03:04:00.253508,109.1,6830.0,1.35,98.65,0,Cellular Bonded
6166,94,76,2026-07-12 20:24:45.065442,59.8,6119.0,0.85,99.15,0,Cellular Bonded
6167,164,36,2026-03-29 01:25:15.486655,64.7,6310.0,0.16,99.84,0,Cellular Bonded
6168,261,118,2025-10-10 20:22:19.649122,131.3,7164.0,0.36,99.64,0,Wired IP
6169,84,86,2026-01-12 16:36:25.088434,84.9,2991.0,0.67,99.33,0,Cellular Bonded
6170,222,105,2026-04-10 06:43:22.368011,142.7,7089.0,0.79,99.21,0,Cellular Bonded
6171,49,36,2026-07-08 05:46:20.725547,82.6,8074.0,0.02,99.98,0,Cellular Bonded
6172,227,1,2026-04-03 03:42:42.675258,40.8,8330.0,0.78,99.22,0,WiFi
6173,276,82,2026-03-31 21:38:14.263213,37.6,11331.0,0.34,99.66,0,Cellular Bonded
6174,100,52,2026-01-26 15:19:33.492605,43.4,5835.0,0.11,99.89,0,Cellular Bonded
6175,119,42,2025-12-22 06:26:54.522435,79.2,12036.0,0.38,99.62,0,Cellular Bonded
6176,257,41,2026-06-10 14:08:28.557578,30.6,6942.0,0.18,99.82,0,WiFi
6177,272,13,2026-04-12 01:27:21.053678,55.9,12298.0,0.41,99.59,0,Cellular Bonded
6178,154,112,2026-05-28 06:58:22.734760,85.4,3193.0,0.37,99.63,0,Cellular Bonded
6179,108,25,2026-07-05 19:54:20.233675,74.0,8960.0,0.45,99.55,0,Cellular Bonded
6180,80,62,2025-09-18 00:06:12.471567,26.0,6304.0,1.22,98.78,0,Cellular Bonded
6181,99,95,2026-03-02 10:09:17.994339,71.1,8455.0,0.67,99.33,0,Cellular Bonded
6182,88,49,2026-01-07 14:26:22.060247,1.0,6631.0,1.41,98.59,0,Wired IP
6183,81,84,2026-05-07 15:48:19.150679,32.2,5247.0,0.3,99.7,0,Cellular Bonded
6184,265,33,2026-07-05 10:16:36.281918,82.2,9092.0,0.52,99.48,0,WiFi
6185,214,101,2026-02-24 05:32:09.288273,1.0,9577.0,0.73,99.27,0,Wired IP
6186,138,102,2026-03-03 15:33:47.497176,60.0,6624.0,0.01,99.99,0,WiFi
6187,135,58,2025-11-04 06:14:28.353692,86.1,5549.0,0.18,99.82,0,WiFi
6188,156,65,2026-02-21 00:27:22.130288,1.0,8282.0,0.16,99.84,0,Cellular Bonded
6189,157,86,2025-12-10 05:21:09.260906,92.4,10337.0,0.15,99.85,0,Cellular Bonded
6190,182,58,2025-12-20 14:39:30.723465,86.3,7201.0,0.36,99.64,0,Satellite Hybrid
6191,162,45,2026-04-07 06:56:13.004539,4.8,14181.0,0.05,99.95,0,WiFi
6192,218,20,2025-08-26 18:55:07.008502,2.7,6654.0,0.62,99.38,0,Wired IP
6193,214,101,2026-07-09 05:46:25.599906,106.1,6196.0,0.42,94.58,1,Wired IP
6194,207,61,2026-03-03 08:02:59.831224,32.5,3734.0,0.18,99.82,0,Cellular Bonded
6195,210,80,2025-11-20 16:05:45.555811,96.0,12196.0,0.15,99.85,0,Cellular Bonded
6196,72,13,2026-06-18 00:50:47.508781,25.2,4179.0,0.19,99.81,0,Cellular Bonded
6197,141,13,2025-12-07 04:32:46.165441,63.0,6429.0,0.72,94.28,1,Cellular Bonded
6198,104,117,2026-01-19 13:22:53.187654,61.3,5089.0,0.19,99.81,0,Satellite Hybrid
6199,132,76,2026-02-18 16:24:43.610988,34.0,12305.0,0.14,99.86,0,Cellular Bonded
6200,192,92,2026-05-12 10:37:23.459185,1.7,7150.0,0.1,94.9,1,Cellular Bonded
6201,219,57,2026-06-21 10:48:01.907639,45.5,9773.0,0.18,99.82,0,WiFi
6202,167,19,2025-11-21 01:26:15.378019,60.8,5419.0,0.05,99.95,0,Cellular Bonded
6203,103,16,2026-02-19 11:54:12.273767,66.0,6434.0,0.64,99.36,0,WiFi
6204,258,100,2025-10-02 10:26:33.251050,116.8,8090.0,0.1,99.9,0,WiFi
6205,141,13,2026-05-21 09:54:47.034949,31.4,4581.0,0.05,99.95,0,Cellular Bonded
6206,125,35,2026-07-27 20:47:25.162423,79.3,2874.0,0.17,99.83,0,Wired IP
6207,246,8,2026-01-29 01:05:15.269047,53.3,9685.0,0.04,99.96,0,Cellular Bonded
6208,241,102,2026-03-15 04:48:15.333038,1.0,7445.0,0.24,99.76,0,WiFi
6209,24,114,2025-08-20 03:23:45.741162,12.1,7134.0,0.18,99.82,0,WiFi
6210,200,117,2025-12-19 23:30:52.087571,3.4,6833.0,0.22,99.78,0,Cellular Bonded
6211,250,8,2025-11-12 10:09:39.253949,95.1,10620.0,0.77,99.23,0,WiFi
6212,193,62,2026-05-17 11:16:41.881452,48.7,11379.0,0.28,99.72,0,Cellular Bonded
6213,29,8,2026-03-18 13:02:30.795950,31.3,4495.0,0.39,99.61,0,Cellular Bonded
6214,142,40,2026-05-06 02:42:59.426421,126.3,9938.0,0.02,99.98,0,Cellular Bonded
6215,225,15,2026-07-26 11:28:01.465099,47.9,6872.0,0.28,99.72,0,WiFi
6216,57,99,2026-04-18 04:19:13.956949,96.6,6616.0,0.89,99.11,0,Cellular Bonded
6217,38,68,2026-06-22 12:18:55.189627,35.6,8871.0,0.55,99.45,0,Cellular Bonded
6218,212,85,2025-11-11 14:21:58.085817,35.8,12381.0,1.05,98.95,0,Cellular Bonded
6219,78,17,2025-12-05 11:00:54.008177,64.2,6747.0,0.63,99.37,0,Satellite Hybrid
6220,294,96,2026-04-18 16:36:06.868812,7.1,8328.0,0.0,100.0,0,Wired IP
6221,46,36,2026-06-11 18:35:53.587297,60.7,8524.0,0.41,99.59,0,WiFi
6222,168,61,2026-03-15 07:41:57.707793,111.3,8658.0,0.03,99.97,0,Wired IP
6223,134,74,2025-10-08 08:00:22.730422,47.7,1938.0,0.24,99.76,0,Cellular Bonded
6224,150,37,2026-01-03 02:26:09.508519,128.5,9852.0,0.3,99.7,0,WiFi
6225,72,13,2026-05-14 11:02:15.433122,85.0,7537.0,0.03,99.97,0,Cellular Bonded
6226,35,115,2025-09-25 15:36:37.860590,60.3,5884.0,0.12,99.88,0,Wired IP
6227,161,89,2026-02-22 18:20:07.612920,64.2,7774.0,0.61,99.39,0,Cellular Bonded
6228,185,72,2025-10-27 12:41:26.223465,77.6,8691.0,0.49,99.51,0,Cellular Bonded
6229,229,54,2026-05-29 10:33:46.012952,34.4,6693.0,0.08,99.92,0,Cellular Bonded
6230,110,85,2026-01-31 01:54:35.352282,68.7,10875.0,0.16,99.84,0,Cellular Bonded
6231,240,72,2025-10-10 17:40:07.889448,1.0,9266.0,0.8,99.2,0,Cellular Bonded
6232,186,61,2026-01-20 15:11:36.277081,78.5,9970.0,1.26,98.74,0,Cellular Bonded
6233,133,9,2026-01-15 15:42:03.960745,65.1,6227.0,0.97,99.03,0,WiFi
6234,12,33,2025-09-20 21:54:29.027110,51.1,8227.0,0.17,99.83,0,Cellular Bonded
6235,211,118,2026-01-20 08:08:14.403496,1.0,8721.0,0.12,99.88,0,Satellite Hybrid
6236,250,8,2025-10-04 17:12:04.398235,71.4,9118.0,0.44,99.56,0,Wired IP
6237,271,29,2025-11-04 15:26:21.196338,49.0,12004.0,0.22,99.78,0,Cellular Bonded
6238,263,17,2025-09-15 17:42:48.241235,1.0,8864.0,0.17,99.83,0,Cellular Bonded
6239,290,33,2026-04-22 07:20:09.653147,88.8,7608.0,1.57,98.43,0,WiFi
6240,17,29,2026-01-12 06:13:50.842176,52.7,10819.0,0.55,99.45,0,Cellular Bonded
6241,168,61,2026-03-10 06:49:18.866183,96.6,6594.0,0.55,99.45,0,Cellular Bonded
6242,252,60,2026-05-29 12:58:25.980197,24.6,9387.0,0.44,99.56,0,Cellular Bonded
6243,171,39,2026-07-02 13:24:30.186911,67.5,11177.0,1.15,98.85,0,Cellular Bonded
6244,39,58,2026-03-19 12:47:01.286020,1.0,2640.0,0.18,99.82,0,Cellular Bonded
6245,286,109,2026-04-07 13:43:56.415022,50.8,10731.0,0.3,99.7,0,Cellular Bonded
6246,273,46,2026-08-17 00:07:17.298562,70.6,6421.0,0.85,99.15,0,Cellular Bonded
6247,263,17,2026-04-26 18:10:46.528129,77.0,9483.0,1.35,98.65,0,Cellular Bonded
6248,45,120,2026-07-30 05:32:06.251959,78.3,12118.0,0.34,99.66,0,Cellular Bonded
6249,240,72,2026-05-12 08:15:52.879179,104.9,10945.0,0.43,99.57,0,WiFi
6250,98,78,2026-01-17 10:21:42.173020,13.4,5167.0,0.61,99.39,0,Cellular Bonded
6251,221,47,2025-10-16 16:22:50.504750,93.0,9444.0,0.29,99.71,0,Wired IP
6252,239,16,2026-02-18 20:53:29.850538,12.3,7725.0,0.18,99.82,0,Wired IP
6253,78,17,2026-02-11 04:43:23.541211,64.8,8075.0,0.07,99.93,0,Cellular Bonded
6254,38,68,2026-02-01 07:43:30.724900,149.3,11897.0,0.4,99.6,0,WiFi
6255,295,111,2026-08-06 14:36:34.568732,24.8,10218.0,0.2,99.8,0,WiFi
6256,271,29,2026-02-21 13:43:09.029634,22.3,9067.0,0.16,99.84,0,WiFi
6257,222,105,2026-02-27 09:30:20.649120,86.1,5731.0,0.33,99.67,0,Cellular Bonded
6258,206,45,2026-04-28 17:57:06.249507,32.4,9075.0,0.2,99.8,0,Cellular Bonded
6259,4,33,2026-01-31 11:44:47.315445,106.2,9731.0,0.07,99.93,0,WiFi
6260,200,117,2025-08-30 03:23:37.329182,65.5,7438.0,0.29,94.71,1,Satellite Hybrid
6261,116,39,2025-10-14 11:47:16.758425,34.3,7798.0,0.89,99.11,0,Cellular Bonded
6262,78,17,2026-03-10 07:19:55.726429,1.0,3241.0,0.32,99.68,0,WiFi
6263,115,57,2026-07-20 16:40:31.187464,46.9,7934.0,0.59,99.41,0,Cellular Bonded
6264,168,61,2025-09-30 14:13:34.891914,110.9,9339.0,0.13,99.87,0,Cellular Bonded
6265,103,16,2026-06-25 08:50:37.694405,24.9,9896.0,0.2,99.8,0,WiFi
6266,295,111,2025-09-27 12:22:20.559738,23.8,6919.0,0.29,99.71,0,WiFi
6267,296,49,2025-12-31 03:38:58.292797,34.5,7097.0,0.71,99.29,0,Cellular Bonded
6268,76,105,2025-12-01 22:48:47.201416,143.1,8327.0,0.15,99.85,0,Satellite Hybrid
6269,93,19,2026-02-25 01:45:15.924681,158.6,4652.0,0.36,99.64,0,WiFi
6270,274,35,2025-09-30 05:15:23.358691,14.7,10086.0,0.02,99.98,0,Cellular Bonded
6271,21,46,2025-12-07 13:09:13.762443,63.8,5721.0,0.07,99.93,0,Wired IP
6272,277,115,2026-01-01 22:20:55.145119,65.4,3875.0,0.07,99.93,0,Cellular Bonded
6273,36,105,2025-12-03 13:16:48.117660,57.7,3673.0,0.22,99.78,0,Cellular Bonded
6274,162,45,2025-08-28 10:50:02.131682,63.5,5567.0,0.76,99.24,0,WiFi
6275,107,12,2025-10-09 09:23:40.890314,31.2,11476.0,0.49,99.51,0,Cellular Bonded
6276,84,86,2026-05-31 08:29:47.070683,54.6,5196.0,0.06,99.94,0,Cellular Bonded
6277,139,7,2026-01-19 04:43:03.343277,114.1,5396.0,0.31,99.69,0,Wired IP
6278,112,53,2026-07-26 05:10:11.836883,42.8,6079.0,1.13,98.87,0,Cellular Bonded
6279,14,74,2025-12-07 15:15:03.409137,63.4,11699.0,0.25,99.75,0,Cellular Bonded
6280,226,31,2025-11-29 17:17:55.523250,109.0,4990.0,0.28,99.72,0,Wired IP
6281,193,62,2025-10-24 01:39:11.175951,69.4,7151.0,0.26,94.74,1,Cellular Bonded
6282,107,12,2026-05-15 05:51:22.316536,42.8,11811.0,0.3,99.7,0,Wired IP
6283,229,54,2025-08-18 23:59:41.536941,117.7,7860.0,0.59,99.41,0,WiFi
6284,102,111,2026-03-06 02:40:26.569347,54.1,9087.0,0.69,99.31,0,Cellular Bonded
6285,195,113,2025-09-11 21:39:06.793784,63.9,11427.0,0.78,99.22,0,Wired IP
6286,64,24,2025-09-03 13:10:58.987521,73.0,14365.0,0.61,99.39,0,Cellular Bonded
6287,90,12,2026-02-09 21:17:20.929475,63.3,7437.0,0.28,99.72,0,Cellular Bonded
6288,297,11,2025-12-09 07:00:26.787965,26.0,7226.0,0.13,99.87,0,Cellular Bonded
6289,63,96,2026-01-30 08:57:21.360106,22.1,5344.0,0.33,99.67,0,Cellular Bonded
6290,108,25,2025-12-19 13:22:39.458838,65.7,9769.0,0.06,99.94,0,Cellular Bonded
6291,251,58,2026-01-02 23:16:52.328866,61.5,9754.0,0.29,99.71,0,Wired IP
6292,184,92,2026-06-18 20:23:32.080871,91.6,8013.0,0.99,99.01,0,Wired IP
6293,163,4,2026-06-18 13:35:20.976921,41.3,10269.0,0.17,99.83,0,Cellular Bonded
6294,108,25,2025-10-05 17:15:40.769005,64.0,8215.0,0.05,99.95,0,WiFi
6295,260,27,2025-10-07 19:18:35.544429,119.1,4254.0,1.03,98.97,0,Satellite Hybrid
6296,131,111,2026-04-07 13:43:28.460353,120.4,11336.0,0.38,99.62,0,Cellular Bonded
6297,234,57,2026-05-23 06:45:32.399084,56.4,7953.0,0.39,94.61,1,Satellite Hybrid
6298,195,113,2026-04-18 19:12:57.324681,75.4,3036.0,0.27,99.73,0,Cellular Bonded
6299,205,32,2025-10-11 14:57:07.871442,104.9,6036.0,0.56,99.44,0,Cellular Bonded
6300,52,73,2026-05-10 22:30:37.525490,49.1,12382.0,0.76,99.24,0,Cellular Bonded
6301,159,17,2025-09-19 20:12:23.907193,68.1,9942.0,0.31,99.69,0,WiFi
6302,223,49,2026-04-03 07:18:37.493741,115.4,5763.0,0.15,99.85,0,Cellular Bonded
6303,154,112,2026-04-02 20:57:50.778375,22.8,11793.0,0.09,99.91,0,Wired IP
6304,44,29,2026-01-06 14:16:23.081676,73.2,9700.0,0.67,99.33,0,Wired IP
6305,200,117,2026-07-12 20:43:37.202945,96.1,8546.0,0.18,99.82,0,WiFi
6306,9,12,2025-12-19 23:40:06.788635,51.0,10926.0,0.41,99.59,0,Wired IP
6307,141,13,2025-09-03 23:08:46.864772,43.3,9969.0,0.52,99.48,0,Cellular Bonded
6308,166,31,2026-04-19 23:27:11.976559,125.9,6560.0,0.04,99.96,0,WiFi
6309,128,107,2026-01-26 23:40:11.217984,168.5,5507.0,0.0,100.0,0,Cellular Bonded
6310,5,61,2025-11-27 11:47:37.743180,57.4,7466.0,0.64,99.36,0,Cellular Bonded
6311,80,62,2025-09-19 13:19:42.610303,82.5,5921.0,1.13,98.87,0,Satellite Hybrid
6312,241,102,2025-10-17 16:39:58.116668,85.8,11055.0,1.02,98.98,0,Cellular Bonded
6313,32,74,2025-08-27 07:01:45.497441,59.3,6383.0,0.43,99.57,0,Cellular Bonded
6314,108,25,2026-04-05 06:04:59.759936,4.6,8635.0,0.07,99.93,0,Satellite Hybrid
6315,151,38,2026-05-26 21:38:08.986821,101.0,4624.0,0.67,99.33,0,Cellular Bonded
6316,213,75,2025-12-08 23:31:38.421921,13.0,10042.0,0.47,99.53,0,WiFi
6317,215,36,2026-04-10 17:56:23.264427,80.0,5904.0,0.16,99.84,0,Cellular Bonded
6318,266,117,2026-04-10 07:01:41.251671,1.0,8058.0,0.59,99.41,0,Cellular Bonded
6319,93,19,2025-09-18 07:44:06.748434,55.4,8442.0,0.09,99.91,0,Cellular Bonded
6320,57,99,2026-08-01 21:54:47.401144,76.2,7947.0,0.36,99.64,0,Cellular Bonded
6321,16,44,2026-03-04 00:42:37.975512,53.1,9589.0,0.13,99.87,0,Cellular Bonded
6322,157,86,2026-05-21 19:09:28.139885,75.0,9241.0,0.45,99.55,0,WiFi
6323,192,92,2026-08-02 16:31:32.361724,112.9,9841.0,0.09,99.91,0,Cellular Bonded
6324,136,108,2026-02-24 16:47:08.683788,104.6,7029.0,0.5,99.5,0,Satellite Hybrid
6325,15,43,2026-05-19 05:20:07.106616,40.3,9821.0,0.52,99.48,0,Cellular Bonded
6326,170,54,2026-02-17 17:19:12.353202,129.5,11347.0,0.56,94.44,1,Cellular Bonded
6327,241,102,2025-08-25 01:14:12.626213,56.0,13721.0,1.18,93.82,1,Cellular Bonded
6328,74,89,2026-04-15 12:39:44.137294,90.3,5265.0,0.32,99.68,0,WiFi
6329,24,114,2026-02-28 09:19:15.295055,42.8,6122.0,1.02,98.98,0,Wired IP
6330,269,92,2026-08-04 13:03:57.668199,40.9,7808.0,0.15,99.85,0,Cellular Bonded
6331,52,73,2025-11-26 14:39:26.551968,1.0,5977.0,0.71,94.29,1,Cellular Bonded
6332,115,57,2025-11-01 08:46:15.679631,119.6,11003.0,0.43,99.57,0,Cellular Bonded
6333,34,34,2026-06-17 02:36:26.628603,113.6,9087.0,0.61,99.39,0,Cellular Bonded
6334,244,28,2026-06-20 11:26:37.712662,86.7,8222.0,0.23,99.77,0,Cellular Bonded
6335,213,75,2026-03-17 19:09:36.477826,1.0,5264.0,0.29,99.71,0,WiFi
6336,275,6,2025-09-18 03:19:08.124869,22.4,9318.0,0.53,99.47,0,Satellite Hybrid
6337,1,50,2026-03-01 00:04:41.314915,136.1,9953.0,0.33,99.67,0,Cellular Bonded
6338,241,102,2025-12-13 05:00:22.501503,119.1,10123.0,0.1,99.9,0,Cellular Bonded
6339,132,76,2026-03-21 04:59:23.696384,42.6,7873.0,0.72,99.28,0,Cellular Bonded
6340,277,115,2026-02-13 15:29:50.334347,61.9,6058.0,0.07,99.93,0,WiFi
6341,50,10,2026-07-25 03:08:00.619339,1.0,9274.0,1.2,98.8,0,Cellular Bonded
6342,293,18,2025-12-20 08:04:02.809793,120.0,8627.0,0.29,99.71,0,Wired IP
6343,113,23,2025-10-23 03:08:42.304380,97.4,2669.0,0.73,99.27,0,Wired IP
6344,74,89,2025-08-27 00:29:00.807725,34.0,7035.0,0.07,99.93,0,Cellular Bonded
6345,43,75,2026-02-26 22:38:52.210350,61.7,7661.0,1.26,98.74,0,Cellular Bonded
6346,207,61,2026-01-04 16:30:16.601094,84.9,6060.0,0.71,99.29,0,Cellular Bonded
6347,54,64,2025-09-20 11:11:19.666764,27.3,5980.0,0.2,99.8,0,Cellular Bonded
6348,129,75,2026-08-10 21:35:19.020706,104.9,9310.0,0.44,99.56,0,Cellular Bonded
6349,155,109,2026-03-04 00:13:41.558617,37.2,3947.0,0.22,99.78,0,WiFi
6350,237,74,2025-11-30 09:40:36.159571,60.6,7665.0,0.15,99.85,0,Satellite Hybrid
6351,267,84,2025-10-23 22:04:36.561578,53.0,7083.0,0.93,99.07,0,Cellular Bonded
6352,137,17,2026-05-25 16:48:30.008576,121.5,6641.0,0.88,99.12,0,Cellular Bonded
6353,68,37,2025-10-13 12:54:05.375954,85.5,6190.0,0.59,99.41,0,Wired IP
6354,192,92,2026-07-31 19:35:55.527853,82.1,6157.0,0.22,99.78,0,Wired IP
6355,297,11,2026-04-22 22:59:03.064820,14.7,2642.0,0.05,99.95,0,Cellular Bonded
6356,18,13,2025-09-08 17:51:45.142202,55.4,7877.0,0.23,99.77,0,Cellular Bonded
6357,198,33,2026-08-04 02:05:05.128651,59.8,8250.0,0.57,99.43,0,WiFi
6358,102,111,2025-10-23 11:27:59.563962,55.5,7630.0,0.74,99.26,0,Cellular Bonded
6359,8,101,2026-05-05 14:55:11.627618,49.6,5583.0,0.2,99.8,0,Cellular Bonded
6360,18,13,2025-12-05 00:42:03.461178,54.4,10449.0,1.32,98.68,0,WiFi
6361,122,14,2025-09-23 06:48:56.854701,65.1,11200.0,0.07,99.93,0,Wired IP
6362,166,31,2025-10-09 05:48:46.263075,85.3,7963.0,0.12,94.88,1,Wired IP
6363,247,92,2026-07-10 05:21:19.805904,41.1,4849.0,0.36,99.64,0,WiFi
6364,177,67,2025-11-20 09:28:25.189975,57.3,12485.0,0.03,99.97,0,Cellular Bonded
6365,296,49,2026-07-27 22:50:40.611642,113.9,4798.0,0.08,99.92,0,Cellular Bonded
6366,110,85,2026-07-12 14:13:06.088896,33.0,8500.0,0.07,99.93,0,Satellite Hybrid
6367,135,58,2025-09-06 04:13:25.636868,137.4,2777.0,0.85,99.15,0,WiFi
6368,61,113,2025-11-13 17:02:55.917314,75.5,10198.0,0.27,99.73,0,Cellular Bonded
6369,264,73,2026-03-24 04:03:18.917058,71.1,12258.0,0.04,99.96,0,Cellular Bonded
6370,173,74,2025-11-12 13:36:39.197120,41.7,7519.0,0.11,99.89,0,WiFi
6371,96,71,2026-02-19 21:43:56.278744,65.9,7737.0,0.59,99.41,0,Cellular Bonded
6372,250,8,2026-02-18 08:56:09.879792,151.3,8434.0,0.24,99.76,0,Cellular Bonded
6373,234,57,2026-07-30 19:00:03.095530,124.2,7401.0,0.01,99.99,0,WiFi
6374,176,39,2025-11-24 12:56:20.111034,18.1,9886.0,0.3,99.7,0,Cellular Bonded
6375,135,58,2025-12-12 10:39:16.318445,19.7,6955.0,0.01,99.99,0,Cellular Bonded
6376,188,39,2026-03-08 03:35:36.139357,80.0,8503.0,0.43,99.57,0,Cellular Bonded
6377,14,74,2025-09-11 03:11:54.395001,58.7,4624.0,0.28,99.72,0,Cellular Bonded
6378,65,23,2025-08-28 18:58:11.323440,27.9,9432.0,0.29,99.71,0,Cellular Bonded
6379,235,75,2026-04-06 12:09:05.803631,14.6,10644.0,0.47,99.53,0,Cellular Bonded
6380,62,103,2026-07-17 18:55:05.928130,121.9,7139.0,0.21,99.79,0,Cellular Bonded
6381,152,83,2025-08-25 00:52:32.006719,35.3,12027.0,1.07,98.93,0,Cellular Bonded
6382,178,45,2026-03-08 11:57:10.383390,83.8,10230.0,0.77,99.23,0,Cellular Bonded
6383,224,14,2026-03-20 05:09:26.001441,117.1,7611.0,0.41,99.59,0,Cellular Bonded
6384,43,75,2025-09-24 07:02:29.773661,71.9,8010.0,0.54,99.46,0,Satellite Hybrid
6385,259,64,2026-05-23 18:08:38.431430,56.1,11139.0,1.2,98.8,0,Satellite Hybrid
6386,262,63,2026-04-13 01:55:59.250345,40.7,7365.0,0.19,99.81,0,Satellite Hybrid
6387,114,16,2025-10-03 01:50:49.834543,93.0,8949.0,1.15,98.85,0,Cellular Bonded
6388,102,111,2026-03-13 16:05:56.280086,131.4,10515.0,0.08,99.92,0,Cellular Bonded
6389,182,58,2026-01-28 00:57:15.729383,41.8,7433.0,0.03,99.97,0,WiFi
6390,78,17,2026-06-23 03:55:41.096583,124.7,10002.0,0.46,99.54,0,Cellular Bonded
6391,272,13,2026-02-16 21:59:22.828419,46.6,6385.0,0.2,99.8,0,Wired IP
6392,273,46,2026-05-31 00:30:57.382314,18.4,10067.0,0.02,99.98,0,WiFi
6393,118,53,2025-10-09 04:59:36.693715,124.7,10660.0,0.12,99.88,0,Cellular Bonded
6394,272,13,2026-03-03 12:29:33.861332,109.4,6791.0,0.03,99.97,0,Cellular Bonded
6395,82,112,2025-10-18 15:12:46.493273,13.2,9131.0,0.45,99.55,0,Cellular Bonded
6396,85,13,2025-11-15 17:34:17.875568,27.6,6864.0,0.08,99.92,0,Wired IP
6397,116,39,2026-07-31 23:31:22.025781,79.6,8309.0,0.64,99.36,0,WiFi
6398,78,17,2026-08-04 04:05:20.550186,118.3,7998.0,0.21,99.79,0,WiFi
6399,218,20,2026-03-08 21:23:17.906403,96.1,10809.0,0.16,99.84,0,Satellite Hybrid
6400,143,42,2025-09-02 11:51:37.462435,1.0,9388.0,1.85,98.15,0,Cellular Bonded
6401,206,45,2026-06-10 21:15:38.778425,68.7,7152.0,0.52,99.48,0,Wired IP
6402,268,77,2026-08-04 02:00:24.672316,60.8,8072.0,0.05,99.95,0,Cellular Bonded
6403,244,28,2026-04-01 19:54:41.935156,89.7,6515.0,0.15,99.85,0,Cellular Bonded
6404,70,113,2026-04-13 15:08:38.835563,44.7,11711.0,0.03,99.97,0,Satellite Hybrid
6405,154,112,2025-10-18 08:08:44.944074,73.1,5389.0,0.6,94.4,1,Wired IP
6406,129,75,2025-09-09 04:54:45.740257,57.6,6974.0,0.42,99.58,0,Cellular Bonded
6407,160,71,2026-07-20 17:40:06.408251,49.9,7904.0,0.47,99.53,0,Wired IP
6408,35,115,2025-11-26 00:07:04.035608,68.1,7405.0,0.27,99.73,0,Wired IP
6409,211,118,2025-11-17 19:44:59.232091,70.8,10782.0,0.5,99.5,0,Wired IP
6410,247,92,2026-04-23 11:09:18.603703,111.8,8672.0,1.14,98.86,0,Satellite Hybrid
6411,125,35,2026-08-18 00:02:22.954048,54.9,7377.0,0.05,99.95,0,Cellular Bonded
6412,82,112,2026-06-21 18:17:35.451043,159.5,7001.0,0.26,99.74,0,Wired IP
6413,201,6,2025-11-03 21:39:07.670922,92.5,7040.0,0.04,99.96,0,Satellite Hybrid
6414,128,107,2026-06-21 02:55:20.152700,113.6,9654.0,0.28,99.72,0,Cellular Bonded
6415,37,7,2025-11-28 22:16:43.015880,9.4,6001.0,0.22,99.78,0,Cellular Bonded
6416,142,40,2025-10-16 03:53:00.453913,106.8,8947.0,0.96,99.04,0,Cellular Bonded
6417,206,45,2026-03-01 04:51:23.546917,173.1,4677.0,0.36,99.64,0,WiFi
6418,300,63,2025-09-12 18:25:16.785830,36.8,9312.0,0.18,99.82,0,Cellular Bonded
6419,78,17,2025-09-19 23:42:43.567892,1.0,4629.0,0.02,99.98,0,WiFi
6420,73,23,2026-04-30 04:37:58.483906,80.3,9176.0,0.75,99.25,0,WiFi
6421,168,61,2026-06-17 09:40:56.529613,69.7,9696.0,0.35,94.65,1,Wired IP
6422,61,113,2026-05-09 22:03:50.621601,47.6,7637.0,0.55,99.45,0,Cellular Bonded
6423,269,92,2026-08-17 20:21:16.966424,1.0,7602.0,0.7,99.3,0,Wired IP
6424,242,76,2026-07-04 20:17:29.158656,87.8,5450.0,0.22,99.78,0,Cellular Bonded
6425,225,15,2025-11-03 04:58:17.857785,53.6,5141.0,0.14,99.86,0,Satellite Hybrid
6426,64,24,2026-02-18 12:25:54.051980,86.1,4745.0,0.19,99.81,0,Cellular Bonded
6427,233,87,2026-06-07 00:30:25.373931,108.0,4993.0,0.33,99.67,0,Wired IP
6428,175,19,2026-07-06 21:48:40.186522,44.3,5369.0,0.08,99.92,0,Cellular Bonded
6429,21,46,2026-07-29 08:24:26.716410,141.2,6529.0,0.56,99.44,0,Cellular Bonded
6430,131,111,2026-04-07 02:25:10.500110,130.1,7650.0,0.17,99.83,0,WiFi
6431,239,16,2026-08-10 20:18:41.648517,154.9,4722.0,0.5,99.5,0,Cellular Bonded
6432,87,19,2026-05-03 14:19:37.100268,53.4,11430.0,0.75,99.25,0,Cellular Bonded
6433,250,8,2025-11-25 21:34:43.888484,37.3,7811.0,0.27,99.73,0,Cellular Bonded
6434,116,39,2026-04-16 23:54:15.179310,29.9,13181.0,0.08,99.92,0,Cellular Bonded
6435,46,36,2025-12-13 15:34:53.478142,92.7,4980.0,0.14,99.86,0,WiFi
6436,186,61,2025-11-03 02:59:21.024345,63.5,7526.0,0.38,99.62,0,Cellular Bonded
6437,254,28,2026-08-03 07:25:05.416684,38.5,5270.0,0.01,99.99,0,Cellular Bonded
6438,222,105,2025-12-16 03:19:20.790567,13.8,9536.0,0.31,99.69,0,Wired IP
6439,54,64,2026-07-17 21:23:56.103270,64.3,5283.0,0.11,99.89,0,Cellular Bonded
6440,144,9,2025-10-06 01:17:15.245193,23.8,15906.0,0.0,100.0,0,Cellular Bonded
6441,142,40,2026-07-20 21:35:06.705895,162.5,9141.0,1.4,98.6,0,Wired IP
6442,261,118,2026-03-28 11:16:40.927938,113.3,8236.0,0.04,99.96,0,Cellular Bonded
6443,129,75,2025-08-19 19:12:43.143984,91.8,12622.0,0.1,99.9,0,Cellular Bonded
6444,43,75,2025-08-21 17:38:22.242892,128.1,4974.0,1.92,93.08,1,Cellular Bonded
6445,249,90,2025-10-20 14:03:49.686615,139.4,5932.0,0.11,99.89,0,Wired IP
6446,254,28,2026-03-09 02:58:52.893905,27.4,5785.0,0.15,99.85,0,Cellular Bonded
6447,223,49,2026-04-29 11:38:31.906754,67.1,7351.0,0.01,99.99,0,Cellular Bonded
6448,54,64,2026-02-12 17:37:37.594878,1.3,7349.0,0.16,99.84,0,WiFi
6449,250,8,2026-01-08 14:56:55.032288,29.9,9137.0,0.33,99.67,0,Cellular Bonded
6450,290,33,2025-09-16 20:39:46.589099,82.8,6592.0,0.12,99.88,0,Cellular Bonded
6451,266,117,2026-07-04 06:37:59.065701,33.4,9419.0,0.3,99.7,0,Wired IP
6452,196,25,2026-04-12 23:26:28.210451,40.4,8183.0,0.36,99.64,0,Cellular Bonded
6453,56,49,2026-03-02 20:48:24.788829,94.9,6837.0,0.0,100.0,0,Cellular Bonded
6454,51,101,2026-07-10 01:30:39.410684,32.9,6781.0,0.32,99.68,0,Cellular Bonded
6455,61,113,2026-06-12 03:09:39.205760,90.9,7817.0,0.13,99.87,0,Cellular Bonded
6456,123,95,2026-01-27 17:53:51.160086,82.1,6050.0,0.16,99.84,0,WiFi
6457,216,99,2025-10-02 06:57:38.632418,121.9,6977.0,0.44,99.56,0,WiFi
6458,21,46,2026-08-08 01:43:00.141503,98.9,7829.0,0.62,99.38,0,Cellular Bonded
6459,226,31,2026-01-02 15:08:26.445617,136.7,5494.0,0.67,99.33,0,WiFi
6460,294,96,2026-03-25 17:46:55.859422,71.6,11578.0,0.1,99.9,0,Cellular Bonded
6461,20,95,2026-01-06 10:01:55.241430,34.0,10746.0,0.19,99.81,0,Cellular Bonded
6462,222,105,2026-06-20 13:26:39.809035,6.7,8089.0,0.44,99.56,0,WiFi
6463,14,74,2026-06-10 14:28:46.946651,69.2,5137.0,0.38,99.62,0,Cellular Bonded
6464,93,19,2026-08-12 08:42:52.927970,63.3,10427.0,0.05,94.95,1,Cellular Bonded
6465,169,108,2025-10-02 18:46:22.422543,53.9,7967.0,0.01,99.99,0,Cellular Bonded
6466,212,85,2025-12-31 11:29:15.883483,1.0,9182.0,0.89,99.11,0,Satellite Hybrid
6467,234,57,2025-10-27 16:30:24.664670,96.2,10708.0,0.29,99.71,0,WiFi
6468,130,18,2025-08-21 15:45:11.475061,1.0,10153.0,0.23,99.77,0,WiFi
6469,177,67,2026-05-16 12:22:49.533196,1.0,10600.0,0.08,99.92,0,Cellular Bonded
6470,128,107,2026-05-22 02:13:03.710485,54.3,7988.0,0.04,99.96,0,Cellular Bonded
6471,25,35,2026-04-23 16:01:52.044142,103.1,11378.0,1.03,98.97,0,Wired IP
6472,135,58,2026-05-04 02:58:30.089153,142.3,5491.0,0.32,99.68,0,WiFi
6473,83,89,2025-10-27 03:32:52.090855,80.0,11036.0,0.01,99.99,0,Cellular Bonded
6474,281,66,2026-06-12 05:07:31.133647,37.3,5083.0,0.38,99.62,0,Cellular Bonded
6475,206,45,2026-04-03 11:23:38.916713,63.0,7048.0,0.63,99.37,0,Cellular Bonded
6476,89,100,2026-06-09 08:12:31.375227,51.0,10628.0,0.05,99.95,0,Satellite Hybrid
6477,46,36,2025-11-06 23:11:15.539825,67.3,9540.0,0.46,99.54,0,WiFi
6478,276,82,2026-08-11 00:30:21.868940,98.9,9265.0,0.27,99.73,0,Cellular Bonded
6479,117,109,2026-08-06 08:10:03.595896,61.4,13098.0,0.9,99.1,0,Wired IP
6480,157,86,2025-08-31 16:05:25.176801,95.4,7273.0,0.16,99.84,0,Cellular Bonded
6481,47,89,2026-02-14 03:27:16.485365,32.7,13450.0,1.02,98.98,0,Cellular Bonded
6482,161,89,2026-05-02 05:51:19.458246,85.6,9643.0,0.51,99.49,0,Cellular Bonded
6483,96,71,2026-03-27 11:05:58.764545,61.5,11751.0,0.5,99.5,0,Satellite Hybrid
6484,104,117,2025-08-20 20:14:04.638975,89.0,7536.0,0.3,99.7,0,WiFi
6485,249,90,2026-08-12 12:48:54.548573,86.5,8223.0,0.18,99.82,0,Cellular Bonded
6486,225,15,2026-04-08 07:02:05.421267,93.5,10430.0,0.3,99.7,0,Cellular Bonded
6487,82,112,2025-09-27 17:43:11.126992,61.9,4575.0,0.44,99.56,0,Satellite Hybrid
6488,166,31,2025-11-27 11:33:08.977234,124.3,2167.0,0.05,94.95,1,WiFi
6489,98,78,2026-02-16 21:03:16.469224,47.1,7370.0,2.54,97.46,0,Satellite Hybrid
6490,260,27,2025-10-19 11:15:52.880197,1.0,2854.0,1.34,98.66,0,WiFi
6491,287,5,2025-10-27 23:20:06.497421,57.2,4878.0,0.6,99.4,0,Cellular Bonded
6492,287,5,2026-05-14 22:26:55.745481,50.5,6743.0,0.23,99.77,0,WiFi
6493,204,45,2026-04-20 14:37:29.076401,92.2,9152.0,1.01,98.99,0,WiFi
6494,39,58,2026-03-26 08:20:24.176512,29.3,5523.0,0.17,99.83,0,Cellular Bonded
6495,47,89,2025-10-21 07:31:22.117002,98.1,5946.0,0.01,99.99,0,WiFi
6496,208,47,2026-03-20 22:36:29.011647,59.5,7296.0,0.09,99.91,0,Satellite Hybrid
6497,75,99,2026-05-17 13:09:54.441029,108.9,11591.0,0.18,99.82,0,Cellular Bonded
6498,273,46,2025-10-03 18:08:19.588961,30.6,8790.0,0.1,99.9,0,Wired IP
6499,69,12,2026-07-25 00:37:59.795827,109.0,6559.0,0.12,99.88,0,Cellular Bonded
6500,54,64,2026-06-26 12:32:18.986114,104.4,8003.0,0.68,99.32,0,Cellular Bonded
6501,151,38,2026-07-05 20:09:16.292154,63.2,10219.0,0.02,99.98,0,Cellular Bonded
6502,43,75,2026-05-11 07:34:31.723456,181.3,5665.0,0.03,99.97,0,Wired IP
6503,116,39,2025-11-26 09:05:53.017306,100.2,9595.0,0.35,99.65,0,WiFi
6504,21,46,2026-06-23 16:05:59.650638,127.9,5541.0,1.53,98.47,0,Satellite Hybrid
6505,80,62,2025-08-26 16:15:11.530326,14.0,5648.0,1.32,98.68,0,Cellular Bonded
6506,141,13,2026-08-07 06:11:41.533881,58.7,11456.0,0.23,94.77,1,WiFi
6507,115,57,2026-04-22 15:19:34.210094,60.5,5070.0,0.01,99.99,0,WiFi
6508,113,23,2026-03-30 12:57:03.359577,57.2,10952.0,0.09,99.91,0,Satellite Hybrid
6509,116,39,2026-04-23 17:08:06.063768,1.0,9380.0,0.94,99.06,0,WiFi
6510,111,100,2026-07-06 14:32:32.656714,74.3,5139.0,0.04,99.96,0,Cellular Bonded
6511,152,83,2025-08-18 22:50:56.527258,61.7,10196.0,0.89,99.11,0,Cellular Bonded
6512,11,65,2026-01-21 03:39:16.240703,41.9,5110.0,0.18,99.82,0,WiFi
6513,248,36,2026-04-20 22:43:19.072141,111.1,13379.0,0.37,99.63,0,WiFi
6514,213,75,2026-04-12 12:36:32.068805,57.1,10283.0,0.65,99.35,0,Cellular Bonded
6515,291,118,2026-06-25 22:21:11.957022,90.5,8946.0,0.01,99.99,0,Cellular Bonded
6516,96,71,2025-12-14 03:30:19.092067,64.9,8732.0,0.8,99.2,0,Cellular Bonded
6517,298,85,2026-06-22 10:57:51.282246,104.4,8694.0,0.23,99.77,0,Cellular Bonded
6518,295,111,2026-01-13 18:20:42.404067,113.6,7724.0,1.07,98.93,0,WiFi
6519,199,38,2025-10-01 16:05:07.932842,86.8,9894.0,0.48,99.52,0,WiFi
6520,187,105,2026-02-23 10:29:08.838274,1.0,8982.0,0.07,99.93,0,WiFi
6521,135,58,2026-02-15 03:25:54.932537,84.2,8051.0,0.62,99.38,0,Cellular Bonded
6522,187,105,2026-02-23 01:23:19.672667,78.9,8431.0,0.31,99.69,0,Cellular Bonded
6523,121,39,2025-09-03 02:30:50.194623,1.0,9311.0,0.95,99.05,0,WiFi
6524,183,20,2026-05-08 12:18:13.253394,93.5,12111.0,1.4,98.6,0,Cellular Bonded
6525,69,12,2025-09-04 09:10:37.432010,26.5,5978.0,0.54,99.46,0,WiFi
6526,127,93,2026-07-19 11:42:46.040793,133.1,10719.0,0.17,99.83,0,Cellular Bonded
6527,297,11,2026-02-28 14:08:48.671307,85.9,4179.0,0.67,99.33,0,WiFi
6528,260,27,2025-12-11 16:18:17.532153,32.6,7468.0,0.33,99.67,0,Cellular Bonded
6529,275,6,2026-01-08 06:46:54.050691,81.7,4734.0,0.18,99.82,0,Cellular Bonded
6530,117,109,2025-12-18 10:03:57.335505,99.0,9261.0,0.13,99.87,0,Cellular Bonded
6531,284,30,2026-07-05 12:13:44.620605,67.1,5998.0,0.71,99.29,0,Cellular Bonded
6532,115,57,2026-06-09 01:42:42.225672,15.9,7644.0,0.21,99.79,0,Cellular Bonded
6533,295,111,2026-08-14 17:23:26.191536,75.6,9536.0,0.16,99.84,0,Wired IP
6534,236,12,2025-11-08 14:26:22.482917,58.9,8877.0,1.1,98.9,0,Satellite Hybrid
6535,255,92,2026-04-26 22:49:57.240704,83.0,5940.0,0.28,99.72,0,WiFi
6536,34,34,2026-08-02 20:45:22.004454,93.0,9526.0,0.72,99.28,0,WiFi
6537,88,49,2026-07-18 23:28:48.448557,102.1,7479.0,0.51,94.49,1,WiFi
6538,230,118,2025-10-29 02:33:05.728545,112.0,6759.0,0.04,99.96,0,Cellular Bonded
6539,30,93,2025-12-16 10:02:43.842578,109.4,6152.0,0.05,99.95,0,WiFi
6540,245,117,2025-09-10 04:17:47.503628,110.6,7854.0,0.1,99.9,0,WiFi
6541,76,105,2026-04-03 11:54:12.708768,39.8,9518.0,0.68,99.32,0,Wired IP
6542,182,58,2025-08-28 09:54:49.443156,116.6,9315.0,0.3,99.7,0,Satellite Hybrid
6543,142,40,2026-01-22 22:00:32.697644,65.6,7198.0,0.34,99.66,0,WiFi
6544,15,43,2025-08-27 00:11:27.062087,44.4,6353.0,0.56,99.44,0,Cellular Bonded
6545,252,60,2026-06-05 06:08:31.665654,4.3,6723.0,0.32,99.68,0,Wired IP
6546,69,12,2026-07-25 13:45:07.009785,46.8,9737.0,0.18,99.82,0,Wired IP
6547,111,100,2026-06-21 01:22:29.953638,43.7,10161.0,0.31,99.69,0,Cellular Bonded
6548,159,17,2025-11-16 11:01:27.022972,96.3,5250.0,0.14,99.86,0,Cellular Bonded
6549,156,65,2026-02-07 02:42:23.977270,141.3,4868.0,0.04,99.96,0,Cellular Bonded
6550,292,65,2026-08-03 05:45:12.240839,157.4,8667.0,0.11,99.89,0,Cellular Bonded
6551,261,118,2026-06-18 03:22:27.456244,26.9,3885.0,0.4,99.6,0,Wired IP
6552,74,89,2026-06-14 04:01:20.953871,90.4,5484.0,0.04,99.96,0,Cellular Bonded
6553,162,45,2026-02-23 22:34:26.205716,139.7,8205.0,0.78,99.22,0,WiFi
6554,28,90,2025-11-12 15:49:24.431126,69.1,11264.0,1.35,98.65,0,Cellular Bonded
6555,184,92,2025-09-13 20:29:26.108938,43.8,10556.0,0.42,99.58,0,WiFi
6556,37,7,2026-03-25 05:59:18.422955,122.4,6174.0,0.63,99.37,0,Wired IP
6557,272,13,2026-01-25 07:39:39.309066,84.9,9044.0,1.19,98.81,0,Satellite Hybrid
6558,83,89,2025-09-22 03:53:21.392322,113.3,6194.0,0.07,99.93,0,Cellular Bonded
6559,128,107,2026-01-28 05:06:23.385247,16.7,7487.0,0.27,99.73,0,Cellular Bonded
6560,92,105,2025-10-02 19:19:13.877018,122.2,4441.0,0.08,99.92,0,Cellular Bonded
6561,16,44,2026-08-08 23:30:04.612560,80.9,9592.0,0.02,99.98,0,Cellular Bonded
6562,254,28,2026-07-18 21:01:10.787912,72.6,11093.0,0.16,99.84,0,Wired IP
6563,170,54,2026-01-03 00:03:55.192752,52.0,7121.0,0.1,99.9,0,Satellite Hybrid
6564,207,61,2026-07-09 03:42:34.844811,86.7,6646.0,0.04,99.96,0,Cellular Bonded
6565,199,38,2026-04-28 08:15:10.867942,94.3,6518.0,0.15,99.85,0,Cellular Bonded
6566,196,25,2026-05-30 22:27:14.642289,21.7,10154.0,0.27,99.73,0,Cellular Bonded
6567,71,55,2025-09-09 20:55:14.717213,39.0,11921.0,0.06,99.94,0,WiFi
6568,94,76,2026-06-07 03:24:10.612720,71.9,5727.0,0.37,99.63,0,Wired IP
6569,182,58,2025-09-07 05:43:27.897563,81.8,5616.0,0.19,99.81,0,Cellular Bonded
6570,221,47,2026-03-29 04:22:42.455220,1.5,8027.0,0.25,99.75,0,WiFi
6571,256,101,2026-01-22 21:02:44.816241,41.8,7864.0,0.12,99.88,0,Cellular Bonded
6572,134,74,2025-09-24 09:49:44.535917,38.8,7433.0,0.24,99.76,0,WiFi
6573,117,109,2025-09-07 14:29:42.961132,72.8,4570.0,0.1,99.9,0,WiFi
6574,42,109,2025-09-06 07:04:16.742754,19.8,5430.0,0.0,100.0,0,Cellular Bonded
6575,49,36,2026-06-24 11:55:06.177522,39.3,5110.0,0.06,99.94,0,Satellite Hybrid
6576,11,65,2026-01-11 20:51:03.292348,90.8,6728.0,0.13,99.87,0,Cellular Bonded
6577,32,74,2026-03-31 13:52:46.520948,24.4,8054.0,0.1,99.9,0,Wired IP
6578,31,26,2026-01-15 07:25:20.797206,43.2,10778.0,0.31,99.69,0,Cellular Bonded
6579,49,36,2026-06-29 20:17:47.420241,38.1,12001.0,0.75,99.25,0,Cellular Bonded
6580,271,29,2026-06-01 16:45:25.075114,62.0,7656.0,0.25,94.75,1,Cellular Bonded
6581,168,61,2026-04-03 00:37:55.793624,25.0,8468.0,0.09,99.91,0,Wired IP
6582,15,43,2026-01-30 18:02:22.065717,114.5,9244.0,0.48,99.52,0,Cellular Bonded
6583,291,118,2026-02-03 16:38:20.267178,103.1,2013.0,0.18,99.82,0,Cellular Bonded
6584,36,105,2026-01-21 12:20:20.176720,32.4,9595.0,0.12,99.88,0,Cellular Bonded
6585,97,28,2026-04-01 15:21:46.220598,74.5,7423.0,0.38,99.62,0,WiFi
6586,256,101,2025-09-24 05:00:48.741452,201.1,5273.0,0.38,99.62,0,Cellular Bonded
6587,112,53,2026-04-12 20:25:05.682620,187.7,7442.0,1.23,98.77,0,Wired IP
6588,50,10,2026-04-21 22:10:08.572795,52.3,8318.0,0.02,99.98,0,Cellular Bonded
6589,80,62,2025-08-27 17:15:43.247375,30.9,3137.0,0.29,99.71,0,Wired IP
6590,294,96,2026-02-23 01:00:11.266702,9.7,6457.0,0.34,99.66,0,Cellular Bonded
6591,226,31,2026-03-20 19:31:51.492368,63.9,8405.0,0.67,99.33,0,Satellite Hybrid
6592,91,61,2025-09-26 15:57:47.089223,72.1,9538.0,0.35,99.65,0,WiFi
6593,228,117,2025-08-22 17:22:53.200407,73.7,8392.0,0.12,94.88,1,Cellular Bonded
6594,20,95,2026-05-05 14:54:32.856845,61.1,7116.0,0.75,99.25,0,Cellular Bonded
6595,62,103,2026-03-22 15:58:35.632169,140.4,8932.0,0.73,99.27,0,Satellite Hybrid
6596,160,71,2026-06-21 03:45:24.860356,72.3,7310.0,0.04,99.96,0,Cellular Bonded
6597,56,49,2026-07-14 08:52:15.564669,75.3,9016.0,0.18,99.82,0,Satellite Hybrid
6598,93,19,2025-10-03 05:26:29.956121,35.4,7818.0,0.51,99.49,0,WiFi
6599,86,59,2026-02-20 00:09:24.293924,69.3,10548.0,0.45,99.55,0,Cellular Bonded
6600,255,92,2025-12-25 23:17:23.586528,31.6,3715.0,0.97,99.03,0,Cellular Bonded
6601,80,62,2026-02-09 23:14:30.138966,89.2,4417.0,0.05,99.95,0,Wired IP
6602,173,74,2026-04-01 20:58:17.224802,44.6,7642.0,0.74,99.26,0,Satellite Hybrid
6603,281,66,2025-10-25 02:35:21.108241,11.0,5186.0,0.28,99.72,0,Cellular Bonded
6604,230,118,2025-10-07 11:52:00.250960,1.0,5479.0,0.28,99.72,0,Cellular Bonded
6605,284,30,2025-09-03 07:49:26.684642,112.7,12085.0,0.13,99.87,0,Cellular Bonded
6606,127,93,2025-10-03 20:19:39.428943,70.9,6185.0,0.34,99.66,0,Cellular Bonded
6607,123,95,2026-03-19 14:41:53.212538,65.9,8821.0,0.51,99.49,0,Cellular Bonded
6608,252,60,2026-02-21 13:11:44.689474,22.6,5627.0,0.34,99.66,0,Cellular Bonded
6609,207,61,2026-04-13 03:16:58.544626,120.6,10577.0,0.01,99.99,0,Satellite Hybrid
6610,31,26,2025-12-26 19:53:57.732889,61.3,5452.0,0.52,99.48,0,WiFi
6611,246,8,2026-03-19 07:11:43.647608,22.5,5664.0,0.23,99.77,0,Cellular Bonded
6612,51,101,2026-03-03 18:39:36.113212,64.1,8166.0,1.03,98.97,0,Wired IP
6613,47,89,2025-10-10 09:32:01.294783,11.7,6170.0,0.59,99.41,0,Cellular Bonded
6614,165,70,2026-02-05 15:12:01.969347,25.2,8136.0,0.2,99.8,0,Cellular Bonded
6615,289,120,2026-03-26 11:28:01.893888,102.8,4903.0,1.9,98.1,0,Cellular Bonded
6616,273,46,2025-12-02 11:43:16.479044,1.0,4653.0,0.08,99.92,0,Satellite Hybrid
6617,280,25,2026-08-07 10:13:39.355768,36.5,9135.0,0.57,99.43,0,WiFi
6618,145,50,2026-02-23 05:06:02.182590,87.2,5186.0,0.2,99.8,0,WiFi
6619,230,118,2026-04-15 07:36:06.689448,39.6,7986.0,0.62,99.38,0,Satellite Hybrid
6620,150,37,2025-10-10 00:33:35.460244,39.7,8951.0,0.51,99.49,0,Cellular Bonded
6621,219,57,2025-11-12 21:27:46.052802,82.1,11223.0,0.18,99.82,0,Cellular Bonded
6622,194,63,2026-06-13 06:33:29.036454,74.9,11263.0,1.75,98.25,0,Cellular Bonded
6623,13,40,2026-03-10 11:02:24.057680,104.7,11751.0,0.41,99.59,0,WiFi
6624,165,70,2025-09-07 04:08:02.226350,71.1,5213.0,0.28,99.72,0,Cellular Bonded
6625,200,117,2025-12-21 17:52:50.852879,97.1,1189.0,0.15,99.85,0,Cellular Bonded
6626,148,5,2026-08-09 16:53:36.530546,57.5,8258.0,0.15,99.85,0,WiFi
6627,29,8,2026-04-09 01:35:47.693558,78.8,4532.0,0.14,99.86,0,WiFi
6628,22,2,2025-10-30 16:57:47.886723,16.5,6319.0,0.3,99.7,0,Cellular Bonded
6629,46,36,2025-09-12 05:00:15.869336,90.0,10578.0,0.59,99.41,0,Cellular Bonded
6630,293,18,2025-10-26 08:39:29.733770,64.0,11163.0,0.04,99.96,0,Cellular Bonded
6631,161,89,2026-02-07 21:31:47.595363,88.1,8770.0,0.04,99.96,0,Wired IP
6632,274,35,2026-04-27 18:54:46.972284,42.8,10888.0,0.47,94.53,1,Cellular Bonded
6633,156,65,2026-02-04 20:36:55.055468,86.4,10661.0,0.23,99.77,0,Wired IP
6634,181,92,2026-04-27 23:55:53.814761,66.3,7914.0,0.01,99.99,0,WiFi
6635,27,81,2026-06-25 06:08:08.347919,134.8,9627.0,0.21,99.79,0,Wired IP
6636,223,49,2026-03-12 21:16:26.555318,19.9,5661.0,0.14,99.86,0,WiFi
6637,269,92,2025-12-18 18:25:47.083503,192.8,6986.0,0.71,99.29,0,WiFi
6638,261,118,2025-12-05 14:46:55.389402,72.2,4950.0,0.05,99.95,0,Wired IP
6639,23,115,2025-12-16 04:44:24.043272,74.9,8597.0,0.49,99.51,0,Cellular Bonded
6640,51,101,2025-09-25 12:17:24.618470,1.0,4222.0,0.03,99.97,0,Wired IP
6641,96,71,2026-07-04 01:14:49.185004,95.1,7782.0,0.85,99.15,0,WiFi
6642,164,36,2026-07-16 14:57:10.668499,29.8,8488.0,0.16,99.84,0,Satellite Hybrid
6643,105,69,2026-02-15 06:33:02.650434,93.9,8827.0,0.77,99.23,0,Cellular Bonded
6644,293,18,2026-07-20 01:23:54.841630,75.5,9375.0,0.5,99.5,0,Cellular Bonded
6645,8,101,2026-04-08 09:56:04.279653,104.7,10554.0,0.36,99.64,0,Cellular Bonded
6646,196,25,2026-04-28 06:59:58.271503,50.2,9327.0,0.24,99.76,0,Cellular Bonded
6647,60,82,2026-02-04 13:01:54.536443,98.6,9315.0,0.1,99.9,0,Wired IP
6648,3,33,2025-11-04 01:01:11.582270,21.8,9700.0,0.19,99.81,0,Cellular Bonded
6649,170,54,2026-02-09 17:31:12.863153,18.2,8858.0,0.47,99.53,0,WiFi
6650,200,117,2026-05-25 17:11:29.881609,28.7,7885.0,0.38,99.62,0,Cellular Bonded
6651,191,77,2026-06-11 14:51:41.006670,65.8,9625.0,0.03,99.97,0,Satellite Hybrid
6652,206,45,2026-06-08 22:11:36.875402,42.8,9139.0,0.24,99.76,0,WiFi
6653,73,23,2026-01-02 11:04:12.788992,112.0,10307.0,0.75,99.25,0,Cellular Bonded
6654,133,9,2026-01-11 08:50:39.581784,105.8,2637.0,0.57,99.43,0,Satellite Hybrid
6655,217,19,2026-06-15 19:00:49.162342,18.3,4716.0,0.58,99.42,0,Cellular Bonded
6656,159,17,2025-08-20 16:38:34.094310,21.5,4055.0,0.07,99.93,0,Cellular Bonded
6657,140,46,2025-08-21 20:23:10.191059,1.0,6540.0,0.48,99.52,0,Cellular Bonded
6658,6,51,2025-12-26 21:09:09.717227,87.5,10015.0,0.05,99.95,0,Cellular Bonded
6659,212,85,2026-03-08 17:21:10.505048,21.5,7764.0,0.92,99.08,0,Cellular Bonded
6660,98,78,2025-10-09 05:17:59.764519,88.9,10382.0,0.01,99.99,0,Cellular Bonded
6661,250,8,2026-01-26 00:07:11.507568,114.0,9813.0,0.25,99.75,0,Wired IP
6662,6,51,2026-04-05 16:49:08.125002,113.7,4857.0,0.53,99.47,0,WiFi
6663,203,44,2026-07-17 09:55:36.934895,29.0,6299.0,0.38,99.62,0,Cellular Bonded
6664,230,118,2025-12-27 14:52:20.536730,1.0,8558.0,0.11,99.89,0,Cellular Bonded
6665,115,57,2026-08-09 06:22:02.975091,1.0,5784.0,0.19,99.81,0,WiFi
6666,59,36,2025-10-29 22:13:45.995451,81.8,5273.0,0.45,99.55,0,WiFi
6667,251,58,2025-11-29 22:43:06.330685,55.9,8579.0,0.06,99.94,0,Satellite Hybrid
6668,275,6,2025-11-06 03:53:26.469530,32.5,10295.0,0.3,99.7,0,WiFi
6669,132,76,2025-11-21 21:05:00.279929,92.7,11011.0,0.03,99.97,0,Cellular Bonded
6670,204,45,2025-10-20 20:37:17.959385,52.0,7809.0,0.94,99.06,0,Cellular Bonded
6671,147,66,2026-06-23 14:56:06.099052,93.6,13459.0,0.43,99.57,0,Wired IP
6672,292,65,2025-11-16 00:36:17.963395,41.5,7855.0,0.58,99.42,0,WiFi
6673,62,103,2025-10-28 18:45:40.025644,41.0,11275.0,0.26,99.74,0,WiFi
6674,104,117,2025-10-21 12:19:45.176595,76.2,6398.0,0.1,99.9,0,Cellular Bonded
6675,285,114,2025-11-21 19:14:29.219543,32.7,8868.0,0.55,99.45,0,Cellular Bonded
6676,103,16,2025-09-24 04:14:43.396567,49.1,10625.0,0.14,99.86,0,Cellular Bonded
6677,19,12,2026-06-17 17:59:05.215477,50.1,8267.0,0.91,99.09,0,Wired IP
6678,56,49,2025-10-07 08:06:25.416623,1.0,3898.0,0.84,99.16,0,Cellular Bonded
6679,20,95,2026-04-14 07:00:17.231326,90.3,7964.0,0.12,99.88,0,Cellular Bonded
6680,95,9,2026-07-07 07:16:21.045569,91.0,8495.0,0.09,99.91,0,Wired IP
6681,35,115,2025-12-19 18:17:03.547509,99.2,11010.0,0.67,99.33,0,Cellular Bonded
6682,190,3,2025-11-02 23:36:11.553956,87.9,6256.0,0.63,99.37,0,Cellular Bonded
6683,74,89,2026-01-31 18:30:14.846649,65.1,5818.0,0.88,99.12,0,WiFi
6684,22,2,2025-12-31 04:07:44.155139,32.2,4790.0,0.06,99.94,0,Cellular Bonded
6685,258,100,2026-01-01 03:52:03.581584,69.1,13703.0,0.7,99.3,0,Satellite Hybrid
6686,97,28,2025-10-19 18:59:54.087195,81.0,3877.0,0.03,99.97,0,Satellite Hybrid
6687,163,4,2026-02-26 14:06:21.757738,32.0,7434.0,0.15,99.85,0,Wired IP
6688,8,101,2026-06-05 21:55:44.421495,99.4,8458.0,0.21,99.79,0,Wired IP
6689,175,19,2026-04-02 17:35:07.303865,116.4,6248.0,0.15,99.85,0,Cellular Bonded
6690,129,75,2026-01-23 13:30:30.733838,85.1,9593.0,0.69,99.31,0,Cellular Bonded
6691,180,114,2026-05-04 18:15:27.412425,25.8,9782.0,0.0,100.0,0,Wired IP
6692,29,8,2025-09-30 11:50:13.840886,79.3,8043.0,0.19,99.81,0,Wired IP
6693,79,113,2026-07-06 11:13:26.075020,75.2,14015.0,0.14,99.86,0,WiFi
6694,259,64,2025-10-04 23:36:32.057435,52.8,11021.0,0.52,99.48,0,Cellular Bonded
6695,95,9,2025-10-26 11:09:36.978547,95.6,4610.0,0.19,99.81,0,Cellular Bonded
6696,172,91,2026-02-28 15:24:44.882715,51.1,10138.0,0.03,99.97,0,WiFi
6697,225,15,2026-04-28 16:55:43.157239,1.0,13074.0,0.08,94.92,1,Cellular Bonded
6698,226,31,2025-12-12 07:16:59.788206,103.7,5553.0,0.21,99.79,0,Satellite Hybrid
6699,126,87,2026-01-22 00:54:22.121546,24.7,4462.0,0.25,99.75,0,Cellular Bonded
6700,148,5,2026-04-07 10:56:41.537136,72.6,8403.0,0.0,100.0,0,WiFi
6701,74,89,2026-07-20 10:41:06.723929,70.2,8131.0,0.19,99.81,0,Cellular Bonded
6702,163,4,2026-05-23 19:03:21.982859,1.0,10699.0,0.63,99.37,0,Wired IP
6703,34,34,2026-03-20 15:15:37.510211,96.2,10127.0,0.01,99.99,0,Wired IP
6704,274,35,2026-06-26 03:23:47.742890,50.6,7708.0,0.21,94.79,1,WiFi
6705,87,19,2025-12-03 15:02:42.774523,127.3,7124.0,0.28,99.72,0,Cellular Bonded
6706,165,70,2025-10-11 11:18:38.805688,50.7,4629.0,0.01,99.99,0,Cellular Bonded
6707,74,89,2025-11-16 11:10:58.324224,140.0,10421.0,0.14,99.86,0,Cellular Bonded
6708,120,58,2026-04-05 00:23:17.886481,105.0,11031.0,0.05,94.95,1,Cellular Bonded
6709,2,35,2025-11-28 11:25:58.727360,59.9,8725.0,0.01,99.99,0,Cellular Bonded
6710,199,38,2025-10-03 09:37:12.305897,94.0,9943.0,0.19,99.81,0,Cellular Bonded
6711,62,103,2026-02-19 18:39:01.936096,1.0,7941.0,0.19,99.81,0,Cellular Bonded
6712,19,12,2026-03-19 10:50:34.560844,109.2,8975.0,0.28,99.72,0,Wired IP
6713,38,68,2026-02-12 17:44:57.656064,121.2,6430.0,0.6,94.4,1,Wired IP
6714,244,28,2026-05-10 17:33:19.410438,51.1,13346.0,0.19,99.81,0,Cellular Bonded
6715,198,33,2026-05-31 16:08:33.275302,69.3,6492.0,0.29,99.71,0,Cellular Bonded
6716,199,38,2026-06-02 23:37:01.002398,74.7,10806.0,0.15,99.85,0,Cellular Bonded
6717,122,14,2026-03-30 16:43:03.080228,27.5,3195.0,0.03,99.97,0,Cellular Bonded
6718,129,75,2025-10-18 08:36:01.809774,124.9,10515.0,0.4,99.6,0,WiFi
6719,233,87,2026-01-06 21:59:21.577415,9.0,6990.0,0.15,99.85,0,Satellite Hybrid
6720,79,113,2026-07-06 08:35:11.584229,82.6,9946.0,0.31,99.69,0,Satellite Hybrid
6721,185,72,2026-05-19 10:23:48.321541,84.0,8071.0,0.68,99.32,0,WiFi
6722,147,66,2026-01-01 20:39:07.932210,1.0,8534.0,0.01,99.99,0,Cellular Bonded
6723,90,12,2026-02-23 15:43:01.951645,1.0,2365.0,1.01,98.99,0,Cellular Bonded
6724,199,38,2025-10-22 13:55:14.863844,66.7,9196.0,0.42,99.58,0,Cellular Bonded
6725,83,89,2026-05-05 07:47:27.393309,125.8,10015.0,0.0,100.0,0,Cellular Bonded
6726,11,65,2026-02-26 01:23:35.807774,63.9,8766.0,1.1,98.9,0,WiFi
6727,154,112,2026-02-10 15:52:05.211549,24.0,7068.0,1.53,98.47,0,Satellite Hybrid
6728,236,12,2026-08-02 03:01:33.749080,88.6,5504.0,0.04,99.96,0,Wired IP
6729,278,69,2026-02-07 04:17:53.503712,58.1,7329.0,0.04,99.96,0,Cellular Bonded
6730,206,45,2026-03-18 09:28:30.878496,143.4,8624.0,0.62,99.38,0,WiFi
6731,181,92,2026-04-08 04:08:22.509853,99.2,2914.0,1.05,98.95,0,Cellular Bonded
6732,208,47,2026-06-02 20:21:05.041123,70.2,3830.0,0.14,99.86,0,Cellular Bonded
6733,214,101,2026-04-12 10:02:38.770906,78.1,8585.0,0.28,99.72,0,WiFi
6734,232,16,2025-11-01 20:59:21.588701,73.1,4658.0,0.4,99.6,0,Cellular Bonded
6735,199,38,2026-07-10 21:46:13.258405,78.7,6600.0,0.73,99.27,0,Satellite Hybrid
6736,173,74,2026-01-30 06:22:38.474759,84.9,10079.0,0.33,99.67,0,Wired IP
6737,205,32,2025-11-11 19:09:21.521634,78.2,6504.0,0.06,99.94,0,Cellular Bonded
6738,272,13,2025-11-06 00:48:46.214150,40.6,7799.0,0.35,99.65,0,Cellular Bonded
6739,112,53,2026-01-20 09:19:48.620764,33.1,8447.0,0.1,99.9,0,Satellite Hybrid
6740,292,65,2026-01-02 21:19:50.522238,81.4,2837.0,0.64,99.36,0,WiFi
6741,187,105,2025-10-14 15:01:35.944300,91.8,8859.0,0.09,99.91,0,Cellular Bonded
6742,281,66,2026-06-21 18:13:53.387484,40.4,10574.0,0.29,99.71,0,WiFi
6743,210,80,2025-11-19 03:38:32.824014,25.5,7305.0,0.46,99.54,0,WiFi
6744,158,116,2025-09-18 04:17:29.102041,66.4,7339.0,0.25,99.75,0,Cellular Bonded
6745,73,23,2026-05-19 14:39:31.714711,49.5,6947.0,0.52,99.48,0,Cellular Bonded
6746,278,69,2025-12-03 22:37:32.938746,65.8,9496.0,0.06,99.94,0,Cellular Bonded
6747,154,112,2026-02-23 15:05:22.287682,110.6,8934.0,0.55,99.45,0,WiFi
6748,212,85,2025-11-10 06:17:54.600158,79.5,8611.0,0.11,99.89,0,WiFi
6749,112,53,2025-09-02 06:10:24.366647,39.7,6103.0,0.1,99.9,0,Cellular Bonded
6750,81,84,2026-02-21 05:37:46.591813,45.4,5033.0,0.21,99.79,0,Cellular Bonded
6751,265,33,2025-12-19 00:40:51.358717,1.0,8710.0,1.41,98.59,0,WiFi
6752,227,1,2026-01-29 22:14:22.520225,69.0,9853.0,0.45,94.55,1,Cellular Bonded
6753,106,99,2026-01-23 02:53:12.321820,32.7,9935.0,0.06,99.94,0,Cellular Bonded
6754,89,100,2025-12-30 09:28:45.709238,1.0,7407.0,1.73,98.27,0,Cellular Bonded
6755,289,120,2026-02-15 20:40:36.501061,49.0,9992.0,0.55,99.45,0,WiFi
6756,206,45,2025-11-25 21:38:04.424729,1.0,11741.0,0.44,99.56,0,Cellular Bonded
6757,102,111,2025-08-27 06:16:37.472104,153.9,10978.0,0.12,99.88,0,Cellular Bonded
6758,163,4,2026-01-26 11:20:13.842280,36.8,9426.0,0.18,99.82,0,Cellular Bonded
6759,67,96,2025-11-23 04:51:03.156867,108.2,6499.0,0.52,99.48,0,WiFi
6760,250,8,2025-09-14 22:34:39.199079,72.9,10098.0,0.38,99.62,0,WiFi
6761,272,13,2026-07-13 07:30:56.823551,96.6,8969.0,0.59,99.41,0,Cellular Bonded
6762,19,12,2025-12-03 17:58:50.868976,73.4,9223.0,0.05,99.95,0,WiFi
6763,34,34,2026-02-17 09:39:51.607352,110.6,6682.0,1.24,98.76,0,Cellular Bonded
6764,5,61,2026-03-05 18:55:02.222795,80.8,9288.0,0.44,99.56,0,Cellular Bonded
6765,28,90,2025-09-15 18:28:11.666520,63.4,5516.0,0.04,99.96,0,Cellular Bonded
6766,47,89,2025-11-27 03:28:11.588972,41.8,6501.0,0.67,99.33,0,Cellular Bonded
6767,183,20,2025-11-09 08:57:24.931784,69.3,8411.0,0.53,99.47,0,Cellular Bonded
6768,78,17,2025-09-30 12:39:56.282002,63.7,7790.0,0.1,99.9,0,WiFi
6769,158,116,2025-12-27 17:44:34.570094,115.7,1261.0,0.67,99.33,0,Cellular Bonded
6770,186,61,2026-03-05 13:26:03.893827,113.3,8396.0,0.23,99.77,0,Cellular Bonded
6771,162,45,2025-12-18 01:45:39.758602,168.7,9772.0,0.29,99.71,0,Cellular Bonded
6772,229,54,2026-04-21 16:18:36.774837,41.1,4825.0,0.07,99.93,0,WiFi
6773,90,12,2025-11-17 12:10:08.685707,126.9,11353.0,0.1,99.9,0,Cellular Bonded
6774,52,73,2026-05-17 06:29:19.475638,91.9,10544.0,0.83,99.17,0,Cellular Bonded
6775,82,112,2026-05-25 18:22:10.163473,131.6,8825.0,1.46,98.54,0,Wired IP
6776,78,17,2026-06-22 20:39:36.415381,23.8,9964.0,0.02,99.98,0,WiFi
6777,61,113,2025-10-26 19:55:57.742008,95.1,11018.0,0.18,99.82,0,Cellular Bonded
6778,210,80,2026-03-26 17:38:24.147991,69.8,8567.0,0.28,99.72,0,Satellite Hybrid
6779,283,56,2025-10-07 13:33:10.079230,58.1,9725.0,0.04,99.96,0,Cellular Bonded
6780,144,9,2026-06-26 08:20:09.044757,1.2,6511.0,0.3,99.7,0,Cellular Bonded
6781,128,107,2026-05-06 16:11:35.624599,73.6,9741.0,0.15,99.85,0,Cellular Bonded
6782,76,105,2026-03-04 12:01:26.106122,147.3,7803.0,0.35,99.65,0,Wired IP
6783,50,10,2025-11-21 13:31:08.849505,94.8,8570.0,0.0,100.0,0,Wired IP
6784,70,113,2026-05-26 08:19:39.983655,32.9,9355.0,0.12,99.88,0,Cellular Bonded
6785,243,24,2025-11-29 02:57:25.500283,76.8,7032.0,0.63,99.37,0,Cellular Bonded
6786,88,49,2025-12-22 18:33:15.059969,62.1,7896.0,0.16,99.84,0,Wired IP
6787,186,61,2026-08-17 03:01:03.969755,61.1,11640.0,0.15,99.85,0,Cellular Bonded
6788,300,63,2026-07-29 11:58:09.811025,66.8,5651.0,0.33,99.67,0,Cellular Bonded
6789,230,118,2026-06-14 06:00:57.817690,21.1,7961.0,1.62,98.38,0,Cellular Bonded
6790,252,60,2026-05-21 20:49:50.359985,76.0,7566.0,0.15,99.85,0,Cellular Bonded
6791,291,118,2025-08-22 13:53:45.851838,63.0,7993.0,0.35,99.65,0,Cellular Bonded
6792,174,90,2026-04-14 00:11:14.392476,6.7,6322.0,0.3,99.7,0,Cellular Bonded
6793,190,3,2026-08-14 08:43:02.560119,36.6,7540.0,0.1,99.9,0,Cellular Bonded
6794,70,113,2026-07-31 13:40:39.833022,1.0,6521.0,1.38,98.62,0,Cellular Bonded
6795,202,58,2026-06-30 04:02:09.637110,16.6,9299.0,0.32,99.68,0,Satellite Hybrid
6796,57,99,2025-11-09 07:31:40.855899,61.8,6022.0,0.25,99.75,0,Cellular Bonded
6797,101,83,2026-05-09 06:50:19.478808,28.5,6157.0,0.0,100.0,0,Cellular Bonded
6798,165,70,2025-11-02 20:25:42.988417,1.0,9757.0,0.07,99.93,0,WiFi
6799,43,75,2025-11-11 13:21:41.260867,99.2,8149.0,0.71,99.29,0,WiFi
6800,254,28,2026-03-20 12:26:14.451521,79.6,5948.0,0.47,94.53,1,WiFi
6801,214,101,2026-03-07 23:09:43.466749,96.5,4677.0,0.39,99.61,0,Cellular Bonded
6802,187,105,2026-02-05 08:19:10.944746,39.5,8631.0,0.41,99.59,0,Satellite Hybrid
6803,99,95,2026-06-11 12:37:39.773192,88.0,6695.0,0.83,99.17,0,Cellular Bonded
6804,267,84,2025-12-20 14:13:36.585979,72.0,6210.0,0.26,99.74,0,Cellular Bonded
6805,13,40,2025-09-18 14:04:36.788988,56.5,7976.0,0.36,99.64,0,WiFi
6806,86,59,2026-06-22 23:45:23.485628,46.5,9259.0,0.3,99.7,0,Cellular Bonded
6807,123,95,2026-01-21 18:21:36.140692,45.1,8468.0,0.86,99.14,0,Cellular Bonded
6808,135,58,2026-07-28 01:55:51.778742,51.1,10057.0,0.42,99.58,0,Wired IP
6809,222,105,2026-01-17 17:04:07.029589,60.7,6727.0,0.03,99.97,0,Cellular Bonded
6810,140,46,2026-01-25 08:59:12.826479,81.8,5164.0,0.61,99.39,0,Cellular Bonded
6811,235,75,2026-06-25 14:19:52.698546,47.4,9096.0,0.25,99.75,0,Cellular Bonded
6812,171,39,2025-08-29 05:27:45.107680,59.7,7812.0,0.42,99.58,0,Cellular Bonded
6813,67,96,2025-10-07 23:03:33.524713,41.7,8211.0,0.6,99.4,0,Cellular Bonded
6814,6,51,2026-07-03 04:36:45.327401,19.0,6252.0,1.17,98.83,0,Cellular Bonded
6815,10,67,2025-12-07 18:49:31.619232,28.9,10059.0,0.22,99.78,0,Wired IP
6816,103,16,2026-05-14 13:36:09.261596,70.0,8709.0,0.0,100.0,0,WiFi
6817,195,113,2026-02-16 16:27:05.772099,57.2,11023.0,0.47,99.53,0,Cellular Bonded
6818,139,7,2026-04-15 17:51:50.543054,115.8,4310.0,0.59,99.41,0,Satellite Hybrid
6819,172,91,2025-12-25 16:54:19.523707,48.7,9029.0,0.19,99.81,0,Cellular Bonded
6820,263,17,2025-11-08 13:14:11.126466,54.9,4614.0,1.18,98.82,0,Cellular Bonded
6821,218,20,2026-01-20 15:25:55.652011,28.4,4649.0,0.38,99.62,0,Cellular Bonded
6822,176,39,2026-05-19 23:26:59.403807,1.0,8739.0,0.17,99.83,0,WiFi
6823,178,45,2026-05-23 16:56:47.467851,31.2,8439.0,1.45,98.55,0,Cellular Bonded
6824,283,56,2026-04-27 07:19:40.214278,74.6,6754.0,0.49,99.51,0,Cellular Bonded
6825,145,50,2025-12-05 14:49:53.548032,53.1,8227.0,1.3,98.7,0,WiFi
6826,231,3,2026-03-20 12:00:43.095309,48.8,7074.0,0.34,99.66,0,Satellite Hybrid
6827,44,29,2026-03-13 10:14:42.301752,108.7,7147.0,0.31,99.69,0,Cellular Bonded
6828,164,36,2025-08-29 23:54:13.131748,40.3,8773.0,0.12,99.88,0,WiFi
6829,59,36,2025-10-08 00:40:32.884588,101.1,8023.0,0.04,94.96,1,Cellular Bonded
6830,66,62,2026-08-09 23:18:42.124590,25.1,3343.0,1.73,98.27,0,Cellular Bonded
6831,55,99,2026-08-16 04:22:15.592965,177.6,11643.0,0.59,99.41,0,Cellular Bonded
6832,91,61,2026-03-13 15:37:10.411144,122.2,9491.0,0.04,99.96,0,Wired IP
6833,79,113,2026-06-05 23:00:22.088494,51.2,10685.0,0.52,99.48,0,WiFi
6834,122,14,2026-07-17 19:04:06.158488,51.5,8947.0,0.49,99.51,0,Cellular Bonded
6835,39,58,2026-03-15 17:27:02.090186,75.9,7048.0,0.67,94.33,1,Satellite Hybrid
6836,7,43,2026-01-07 22:15:27.309199,126.0,9249.0,0.95,99.05,0,Cellular Bonded
6837,175,19,2026-01-04 10:26:19.047740,30.1,7057.0,0.38,99.62,0,Satellite Hybrid
6838,37,7,2026-07-30 13:10:49.876430,110.6,7796.0,0.13,99.87,0,Cellular Bonded
6839,236,12,2025-09-10 11:52:34.027694,1.0,9960.0,0.67,99.33,0,WiFi
6840,170,54,2026-01-06 07:15:12.131476,7.6,7173.0,0.22,99.78,0,Satellite Hybrid
6841,55,99,2026-02-07 13:13:47.947758,88.1,6359.0,0.16,99.84,0,Wired IP
6842,29,8,2025-12-16 06:41:16.688799,113.3,8103.0,0.38,99.62,0,Satellite Hybrid
6843,103,16,2026-08-04 09:13:24.834926,104.4,9441.0,0.41,99.59,0,WiFi
6844,42,109,2026-04-08 12:00:15.648492,40.7,5885.0,0.1,99.9,0,WiFi
6845,47,89,2025-12-07 10:42:31.223796,36.1,7523.0,0.22,94.78,1,Cellular Bonded
6846,120,58,2025-10-19 19:33:27.966342,35.6,14155.0,0.14,99.86,0,Wired IP
6847,41,114,2026-04-21 14:22:01.726672,34.3,1905.0,0.75,99.25,0,Cellular Bonded
6848,272,13,2025-10-22 01:59:04.790601,6.4,3850.0,0.27,99.73,0,Cellular Bonded
6849,102,111,2026-06-15 22:26:05.478847,57.5,5768.0,0.01,99.99,0,Cellular Bonded
6850,254,28,2026-03-26 11:46:08.569265,63.0,4417.0,0.0,100.0,0,WiFi
6851,96,71,2025-08-28 00:51:10.852882,82.8,9910.0,0.68,99.32,0,Satellite Hybrid
6852,32,74,2025-10-29 21:08:30.842574,4.3,8099.0,0.13,99.87,0,Cellular Bonded
6853,260,27,2026-07-16 21:58:54.312916,8.4,14196.0,0.46,94.54,1,Satellite Hybrid
6854,91,61,2026-01-06 02:31:29.441890,79.1,5930.0,0.38,99.62,0,Cellular Bonded
6855,135,58,2025-11-01 09:32:10.022466,86.0,7719.0,0.76,99.24,0,Satellite Hybrid
6856,278,69,2025-12-02 12:05:09.011256,64.4,7708.0,0.48,99.52,0,Cellular Bonded
6857,97,28,2026-02-25 15:55:54.022851,14.2,7038.0,0.17,99.83,0,Cellular Bonded
6858,39,58,2026-01-31 05:00:44.347224,59.9,5350.0,0.91,99.09,0,Cellular Bonded
6859,165,70,2025-12-30 19:28:10.911988,123.0,7408.0,0.12,99.88,0,Cellular Bonded
6860,117,109,2025-08-22 06:30:18.173973,90.0,6440.0,0.45,99.55,0,Cellular Bonded
6861,152,83,2025-12-15 12:33:32.335649,85.8,8502.0,0.02,99.98,0,Satellite Hybrid
6862,260,27,2026-07-16 08:33:08.609485,65.8,2042.0,0.3,99.7,0,WiFi
6863,112,53,2026-01-08 00:10:46.550598,149.2,11222.0,0.16,99.84,0,Cellular Bonded
6864,177,67,2026-08-14 11:31:30.854196,20.9,6326.0,0.2,99.8,0,Cellular Bonded
6865,272,13,2025-10-04 09:05:30.830321,23.6,10204.0,0.33,94.67,1,Cellular Bonded
6866,129,75,2026-01-17 23:25:23.807339,52.1,11368.0,0.8,99.2,0,Cellular Bonded
6867,83,89,2026-05-16 12:21:57.202598,26.4,9945.0,0.19,99.81,0,Cellular Bonded
6868,33,90,2026-01-07 05:40:23.385473,108.8,7695.0,0.05,99.95,0,Cellular Bonded
6869,31,26,2026-07-14 02:00:57.331520,30.2,4010.0,0.48,99.52,0,Cellular Bonded
6870,221,47,2025-11-01 14:40:56.158742,68.2,8224.0,0.58,99.42,0,Cellular Bonded
6871,229,54,2026-07-01 23:41:29.070792,1.0,8492.0,0.05,94.95,1,Cellular Bonded
6872,46,36,2025-12-09 07:29:31.832015,15.6,9660.0,0.24,99.76,0,Cellular Bonded
6873,186,61,2026-06-12 19:16:37.159005,70.9,6715.0,0.39,99.61,0,Wired IP
6874,34,34,2026-04-17 21:56:37.392966,37.8,3768.0,0.21,99.79,0,Wired IP
6875,164,36,2025-10-15 04:47:53.243232,12.4,2752.0,0.12,99.88,0,Cellular Bonded
6876,246,8,2026-03-16 04:04:28.398427,78.3,6412.0,0.46,99.54,0,Cellular Bonded
6877,154,112,2025-12-09 12:22:05.416747,1.0,7376.0,0.53,99.47,0,WiFi
6878,161,89,2025-10-31 07:57:31.973286,12.9,11293.0,0.4,99.6,0,WiFi
6879,98,78,2026-05-06 21:19:59.448394,30.3,7437.0,0.37,99.63,0,WiFi
6880,88,49,2026-02-01 18:37:15.362504,39.5,7468.0,0.39,99.61,0,Cellular Bonded
6881,181,92,2025-10-30 20:49:53.343946,60.9,12357.0,0.22,99.78,0,Cellular Bonded
6882,237,74,2026-08-15 00:34:44.318702,62.9,13653.0,0.03,99.97,0,Cellular Bonded
6883,207,61,2026-01-27 22:45:30.578371,65.7,6310.0,1.34,98.66,0,Cellular Bonded
6884,238,96,2026-06-15 05:51:26.401566,102.9,10153.0,0.21,99.79,0,Satellite Hybrid
6885,73,23,2026-03-27 00:46:34.790285,1.0,7418.0,0.56,99.44,0,WiFi
6886,198,33,2025-11-16 08:16:42.207218,74.6,10035.0,0.2,99.8,0,WiFi
6887,13,40,2025-12-16 07:07:36.823208,123.7,11744.0,0.76,99.24,0,Wired IP
6888,163,4,2026-03-14 00:42:54.299368,42.9,5627.0,0.42,99.58,0,Satellite Hybrid
6889,77,30,2026-02-13 10:59:27.014619,31.2,12801.0,0.21,99.79,0,Cellular Bonded
6890,8,101,2026-02-03 03:22:41.909149,19.8,9077.0,0.44,99.56,0,Wired IP
6891,89,100,2025-09-01 12:08:32.020145,39.9,6932.0,0.01,99.99,0,Cellular Bonded
6892,95,9,2025-09-20 11:52:07.864794,63.3,4259.0,0.3,99.7,0,Cellular Bonded
6893,9,12,2026-04-11 03:55:22.218804,80.2,8586.0,0.1,99.9,0,WiFi
6894,77,30,2026-07-19 16:07:54.746789,50.9,6805.0,0.33,99.67,0,Cellular Bonded
6895,102,111,2025-12-22 19:51:49.589885,96.4,10330.0,0.04,94.96,1,Cellular Bonded
6896,201,6,2026-06-21 20:03:09.611326,46.2,6711.0,0.07,99.93,0,Cellular Bonded
6897,282,10,2026-06-03 11:26:25.568510,1.0,8743.0,0.96,99.04,0,Cellular Bonded
6898,98,78,2026-01-08 00:02:56.448245,98.7,8542.0,0.02,99.98,0,Cellular Bonded
6899,256,101,2026-06-14 19:45:20.809847,95.5,7781.0,0.44,99.56,0,Cellular Bonded
6900,82,112,2026-06-24 11:10:13.000114,90.9,12137.0,0.17,99.83,0,WiFi
6901,31,26,2026-01-16 17:58:57.215125,53.6,10529.0,0.41,99.59,0,Cellular Bonded
6902,55,99,2025-10-22 18:59:54.893558,78.1,10070.0,0.35,99.65,0,Wired IP
6903,166,31,2026-03-31 17:41:12.678450,53.4,7634.0,0.29,99.71,0,Cellular Bonded
6904,149,29,2026-01-22 23:07:40.357013,152.1,5927.0,0.38,99.62,0,Cellular Bonded
6905,266,117,2026-01-05 15:45:23.741128,80.1,10262.0,0.88,99.12,0,Wired IP
6906,111,100,2026-04-15 19:53:44.838519,85.1,5682.0,0.15,99.85,0,WiFi
6907,7,43,2026-04-30 05:26:44.005062,32.0,9596.0,1.12,98.88,0,WiFi
6908,82,112,2025-09-22 02:41:34.786409,80.1,10076.0,0.32,99.68,0,WiFi
6909,160,71,2026-04-30 06:31:14.568811,122.8,10829.0,0.12,99.88,0,WiFi
6910,220,18,2025-09-03 04:15:52.461601,104.2,9069.0,0.17,99.83,0,Cellular Bonded
6911,67,96,2026-07-07 11:55:06.207225,16.4,5017.0,0.47,99.53,0,Cellular Bonded
6912,175,19,2025-10-14 21:21:35.427600,68.3,10207.0,1.4,98.6,0,Cellular Bonded
6913,66,62,2026-07-06 09:45:29.836522,20.2,4145.0,0.52,99.48,0,Cellular Bonded
6914,243,24,2026-03-02 12:49:08.579376,94.9,7432.0,0.05,99.95,0,WiFi
6915,229,54,2026-04-18 14:16:36.243629,36.0,8994.0,0.47,99.53,0,Satellite Hybrid
6916,127,93,2025-09-11 14:27:44.141695,25.1,5192.0,0.72,99.28,0,Cellular Bonded
6917,168,61,2026-05-10 10:53:24.542083,145.3,8354.0,0.06,99.94,0,Wired IP
6918,161,89,2026-07-13 14:09:51.247505,30.5,5152.0,0.44,99.56,0,Cellular Bonded
6919,244,28,2026-07-15 23:07:32.943905,93.5,8546.0,0.11,99.89,0,Cellular Bonded
6920,285,114,2026-01-15 08:54:48.379658,91.2,6623.0,0.07,99.93,0,Cellular Bonded
6921,170,54,2026-05-23 08:21:14.161998,2.8,12112.0,0.03,99.97,0,Wired IP
6922,66,62,2025-10-01 11:49:06.949833,38.7,3089.0,0.07,99.93,0,Wired IP
6923,294,96,2025-12-30 20:10:07.756655,1.0,10852.0,0.63,99.37,0,WiFi
6924,118,53,2026-05-20 23:43:25.220655,75.7,4741.0,0.01,99.99,0,Cellular Bonded
6925,122,14,2026-02-18 08:42:17.939605,39.0,12091.0,0.05,99.95,0,Cellular Bonded
6926,128,107,2026-05-29 18:59:00.596054,25.3,6842.0,1.54,98.46,0,Cellular Bonded
6927,241,102,2026-01-14 22:33:25.878887,132.7,7591.0,0.07,99.93,0,Satellite Hybrid
6928,161,89,2025-10-17 09:52:14.721342,88.0,12839.0,1.2,98.8,0,Cellular Bonded
6929,49,36,2025-11-01 22:30:02.081052,47.9,10008.0,0.22,99.78,0,Cellular Bonded
6930,76,105,2025-09-03 12:46:07.828906,53.2,8880.0,0.78,99.22,0,Cellular Bonded
6931,42,109,2025-08-27 23:47:46.382490,44.5,9827.0,0.06,99.94,0,Satellite Hybrid
6932,237,74,2026-04-08 10:48:24.760169,1.0,8367.0,0.43,99.57,0,Cellular Bonded
6933,137,17,2026-04-21 20:49:11.438405,14.6,9334.0,0.06,99.94,0,Wired IP
6934,200,117,2026-02-02 20:26:38.931831,127.7,7402.0,0.04,99.96,0,Cellular Bonded
6935,142,40,2025-12-21 16:29:36.388114,1.0,7861.0,0.0,100.0,0,Cellular Bonded
6936,187,105,2026-01-11 00:20:23.249621,36.5,5631.0,0.84,99.16,0,Cellular Bonded
6937,31,26,2025-10-28 04:53:02.292537,41.9,9744.0,0.15,99.85,0,Cellular Bonded
6938,115,57,2025-09-01 00:39:51.219833,108.7,7301.0,0.19,99.81,0,Wired IP
6939,168,61,2025-11-17 17:16:07.491098,87.4,7336.0,0.01,99.99,0,WiFi
6940,248,36,2026-05-04 02:06:54.793475,71.8,8643.0,0.54,99.46,0,WiFi
6941,140,46,2025-10-07 01:25:22.004174,31.2,12550.0,0.03,99.97,0,WiFi
6942,249,90,2026-04-19 22:09:16.696887,66.0,10289.0,0.3,99.7,0,Cellular Bonded
6943,275,6,2026-02-03 16:57:30.986894,95.6,8585.0,0.04,99.96,0,Wired IP
6944,97,28,2026-02-02 15:39:07.738661,1.0,6195.0,0.49,99.51,0,Cellular Bonded
6945,62,103,2025-09-17 08:55:37.879120,16.9,9385.0,0.01,99.99,0,WiFi
6946,32,74,2026-04-15 01:52:14.530723,53.4,10707.0,0.03,99.97,0,Satellite Hybrid
6947,100,52,2026-05-05 17:22:52.561736,34.0,6896.0,0.29,99.71,0,Cellular Bonded
6948,259,64,2026-01-25 00:36:04.880496,117.6,8170.0,0.27,99.73,0,Wired IP
6949,193,62,2026-02-06 02:16:27.973115,82.5,10467.0,0.02,99.98,0,Wired IP
6950,6,51,2025-11-28 03:16:22.257809,55.5,9935.0,0.3,99.7,0,Cellular Bonded
6951,105,69,2025-10-16 03:26:51.605411,64.4,7150.0,0.06,99.94,0,Cellular Bonded
6952,13,40,2026-06-20 07:45:01.989261,109.3,7854.0,0.74,94.26,1,Wired IP
6953,216,99,2026-03-27 19:31:27.899629,177.9,5651.0,0.69,99.31,0,WiFi
6954,239,16,2025-10-21 22:29:05.070352,49.4,4966.0,1.06,98.94,0,Cellular Bonded
6955,76,105,2025-10-02 13:24:26.076847,46.9,4697.0,1.12,98.88,0,Cellular Bonded
6956,196,25,2026-05-15 21:30:17.729048,32.1,8968.0,0.3,99.7,0,Cellular Bonded
6957,228,117,2025-10-18 17:32:06.764488,40.7,10364.0,0.06,99.94,0,Cellular Bonded
6958,56,49,2026-04-20 07:45:42.360145,61.7,2530.0,0.01,99.99,0,Cellular Bonded
6959,234,57,2025-08-22 07:56:15.793131,1.0,10283.0,0.82,99.18,0,Wired IP
6960,233,87,2025-11-25 23:40:26.782839,119.6,1775.0,0.4,99.6,0,WiFi
6961,66,62,2026-01-26 02:18:32.313733,51.1,9137.0,0.35,99.65,0,Satellite Hybrid
6962,9,12,2025-10-22 04:38:57.013892,84.8,6416.0,0.8,99.2,0,Cellular Bonded
6963,168,61,2026-05-06 00:39:33.425956,86.7,10905.0,0.35,99.65,0,Cellular Bonded
6964,189,1,2026-07-10 02:31:23.616244,93.8,7395.0,0.25,99.75,0,Satellite Hybrid
6965,193,62,2026-02-28 13:10:13.737259,62.8,9827.0,0.2,99.8,0,Wired IP
6966,223,49,2026-01-26 14:34:32.373944,55.1,9747.0,0.36,99.64,0,Wired IP
6967,203,44,2025-09-04 16:06:37.969959,1.0,8369.0,0.35,99.65,0,WiFi
6968,18,13,2026-04-06 23:05:43.258318,34.0,4353.0,0.16,99.84,0,WiFi
6969,166,31,2026-02-25 02:36:15.163474,118.4,11281.0,1.13,98.87,0,Cellular Bonded
6970,292,65,2026-04-17 02:12:28.347053,83.0,5000.0,0.33,94.67,1,WiFi
6971,262,63,2026-04-16 04:18:34.393897,71.1,10466.0,0.07,99.93,0,Satellite Hybrid
6972,68,37,2025-09-24 18:17:23.342052,32.8,2636.0,1.28,98.72,0,Satellite Hybrid
6973,35,115,2026-04-27 05:49:18.769350,57.5,5111.0,0.1,99.9,0,Cellular Bonded
6974,53,24,2026-01-27 07:28:17.499568,99.7,11580.0,0.28,99.72,0,Cellular Bonded
6975,121,39,2026-03-24 14:34:30.327091,40.8,7348.0,0.14,99.86,0,WiFi
6976,185,72,2025-09-05 00:04:17.000995,92.4,12978.0,0.14,99.86,0,Cellular Bonded
6977,174,90,2026-01-03 00:04:08.753722,55.4,13967.0,0.57,99.43,0,Cellular Bonded
6978,176,39,2025-10-30 21:08:27.400066,63.6,8426.0,0.16,99.84,0,Wired IP
6979,253,50,2025-11-17 09:19:54.276439,104.3,7308.0,0.01,99.99,0,WiFi
6980,32,74,2026-07-15 23:18:01.004939,22.3,10542.0,0.09,99.91,0,WiFi
6981,203,44,2025-10-30 05:47:18.904945,111.1,5539.0,0.68,99.32,0,Wired IP
6982,281,66,2025-08-24 02:14:02.777074,81.9,3768.0,0.06,99.94,0,Cellular Bonded
6983,107,12,2025-08-28 10:32:22.915717,14.6,8061.0,0.88,99.12,0,WiFi
6984,60,82,2025-08-23 13:16:52.355519,65.1,9077.0,0.15,99.85,0,Cellular Bonded
6985,134,74,2026-06-13 18:19:19.994114,64.3,5810.0,0.02,99.98,0,Cellular Bonded
6986,29,8,2026-04-23 10:49:12.542017,58.7,3839.0,0.22,99.78,0,Cellular Bonded
6987,286,109,2025-09-10 07:09:53.278540,11.9,1439.0,0.72,94.28,1,WiFi
6988,116,39,2026-08-03 05:15:02.791251,100.0,7639.0,0.56,99.44,0,Cellular Bonded
6989,22,2,2025-09-22 12:03:31.558067,38.8,3394.0,0.28,99.72,0,Wired IP
6990,120,58,2026-06-19 04:29:50.064833,63.1,7208.0,0.21,99.79,0,Wired IP
6991,71,55,2026-04-17 15:57:07.840354,45.4,7161.0,0.06,99.94,0,Cellular Bonded
6992,166,31,2026-05-09 12:45:27.751675,121.6,6482.0,0.16,99.84,0,Cellular Bonded
6993,203,44,2025-09-03 07:18:49.697768,101.4,7329.0,0.21,94.79,1,WiFi
6994,149,29,2026-02-21 07:42:53.374134,8.2,5913.0,0.6,99.4,0,Cellular Bonded
6995,213,75,2026-06-11 23:22:26.869013,46.7,5049.0,0.2,99.8,0,Cellular Bonded
6996,21,46,2025-12-14 00:42:17.289193,171.1,6127.0,0.08,99.92,0,Satellite Hybrid
6997,19,12,2026-04-04 00:58:22.174598,114.1,5856.0,0.33,99.67,0,Satellite Hybrid
6998,299,26,2026-04-03 06:27:36.737265,20.4,11098.0,0.22,99.78,0,Satellite Hybrid
6999,179,13,2026-07-25 07:19:35.912755,5.5,2768.0,0.13,99.87,0,Cellular Bonded
7000,298,85,2026-01-09 10:51:40.164736,51.6,4808.0,0.76,99.24,0,Cellular Bonded
7001,261,118,2026-01-21 10:21:50.753853,92.7,8076.0,0.73,99.27,0,Satellite Hybrid
7002,85,13,2025-11-11 01:50:25.233730,75.5,7440.0,0.56,99.44,0,Cellular Bonded
7003,78,17,2025-09-25 21:22:44.221437,75.8,8547.0,0.48,99.52,0,Cellular Bonded
7004,145,50,2025-12-14 06:44:04.380946,33.7,8775.0,0.94,99.06,0,Cellular Bonded
7005,192,92,2025-08-23 17:05:19.647585,11.9,8119.0,0.32,99.68,0,Wired IP
7006,82,112,2026-04-13 23:19:34.864378,8.1,6139.0,0.26,99.74,0,WiFi
7007,132,76,2025-08-22 14:41:25.157343,32.2,11136.0,0.19,99.81,0,WiFi
7008,168,61,2025-11-03 21:46:24.072614,44.9,7139.0,0.17,99.83,0,Wired IP
7009,202,58,2025-11-06 13:58:33.218415,69.9,7635.0,0.31,99.69,0,Satellite Hybrid
7010,147,66,2026-04-15 10:05:53.164397,53.3,7305.0,0.07,99.93,0,WiFi
7011,229,54,2025-11-27 21:16:40.982923,75.8,8398.0,0.2,99.8,0,Cellular Bonded
7012,263,17,2026-04-02 23:46:01.886734,1.0,7426.0,0.16,99.84,0,WiFi
7013,105,69,2025-09-03 06:40:09.351716,99.6,7083.0,0.15,99.85,0,Cellular Bonded
7014,22,2,2026-07-07 11:12:07.303838,27.9,8352.0,1.02,98.98,0,WiFi
7015,55,99,2026-01-15 07:19:29.567384,63.2,7380.0,0.78,99.22,0,Cellular Bonded
7016,106,99,2026-05-25 10:09:14.882157,140.2,6155.0,0.07,99.93,0,Cellular Bonded
7017,292,65,2026-02-16 14:29:15.046061,64.4,7213.0,0.91,99.09,0,Satellite Hybrid
7018,153,8,2026-08-14 19:13:39.348649,16.6,7469.0,0.09,99.91,0,Cellular Bonded
7019,110,85,2026-05-05 08:10:42.550804,53.9,8397.0,0.19,99.81,0,WiFi
7020,156,65,2026-06-03 01:55:01.795262,89.4,12180.0,0.34,99.66,0,Cellular Bonded
7021,28,90,2026-07-20 21:17:19.418196,70.5,4759.0,0.17,99.83,0,Cellular Bonded
7022,118,53,2026-03-14 00:30:17.004101,88.2,10807.0,0.16,99.84,0,Cellular Bonded
7023,130,18,2025-11-18 04:57:34.377556,1.0,10630.0,0.12,99.88,0,WiFi
7024,13,40,2025-09-21 19:46:31.120179,31.3,7006.0,0.26,99.74,0,WiFi
7025,111,100,2025-12-14 15:22:36.883847,71.1,8380.0,0.22,99.78,0,WiFi
7026,171,39,2026-04-05 12:46:59.358755,59.6,10936.0,0.15,99.85,0,WiFi
7027,199,38,2026-01-07 01:55:41.631317,1.0,7982.0,1.78,98.22,0,Wired IP
7028,235,75,2026-07-21 17:41:50.328225,90.9,8788.0,0.46,99.54,0,Cellular Bonded
7029,85,13,2026-05-26 19:58:57.521351,22.3,4591.0,0.19,99.81,0,WiFi
7030,246,8,2025-10-05 18:19:44.179641,132.9,7376.0,0.78,99.22,0,Cellular Bonded
7031,147,66,2025-10-21 05:47:24.809193,99.2,13401.0,0.54,99.46,0,WiFi
7032,128,107,2026-05-23 07:05:16.191951,41.8,10397.0,0.1,99.9,0,WiFi
7033,55,99,2026-04-26 05:58:40.510795,10.0,5743.0,0.16,99.84,0,Cellular Bonded
7034,16,44,2026-08-10 06:07:46.050055,94.8,10367.0,0.32,99.68,0,WiFi
7035,6,51,2026-04-18 11:46:04.876284,6.9,5748.0,0.79,99.21,0,Cellular Bonded
7036,1,50,2025-09-11 21:12:17.535292,89.9,6102.0,0.16,99.84,0,Cellular Bonded
7037,196,25,2025-08-24 16:20:32.497148,15.5,7701.0,0.57,99.43,0,Wired IP
7038,82,112,2026-07-17 04:37:19.477949,46.0,8070.0,0.18,99.82,0,Cellular Bonded
7039,189,1,2026-01-29 02:37:05.565167,77.4,13624.0,0.18,99.82,0,Satellite Hybrid
7040,98,78,2026-02-20 18:48:05.499955,98.8,8438.0,0.36,99.64,0,Cellular Bonded
7041,191,77,2026-05-16 00:43:26.558468,45.6,9320.0,0.11,99.89,0,WiFi
7042,214,101,2026-02-18 00:09:53.339506,1.0,4677.0,0.87,99.13,0,Satellite Hybrid
7043,153,8,2026-05-02 10:56:58.460086,86.6,9323.0,0.05,99.95,0,WiFi
7044,62,103,2025-08-23 02:10:11.389824,63.9,9570.0,0.53,99.47,0,Satellite Hybrid
7045,135,58,2025-08-25 23:34:17.453266,41.7,6591.0,0.23,99.77,0,Cellular Bonded
7046,105,69,2026-05-22 06:46:26.260864,89.6,8011.0,0.04,99.96,0,Cellular Bonded
7047,16,44,2025-10-02 12:34:22.886617,87.1,8043.0,0.28,99.72,0,WiFi
7048,244,28,2025-11-12 12:46:50.511781,81.8,11930.0,0.06,99.94,0,Cellular Bonded
7049,58,112,2026-01-21 15:46:28.762313,122.1,4102.0,0.06,99.94,0,Cellular Bonded
7050,121,39,2025-11-15 03:24:58.852962,31.2,9321.0,0.06,99.94,0,Wired IP
7051,297,11,2025-09-16 05:15:05.046447,42.2,8263.0,0.38,99.62,0,Cellular Bonded
7052,140,46,2025-10-07 10:50:24.097133,148.2,7869.0,0.06,99.94,0,Cellular Bonded
7053,289,120,2026-02-16 07:02:40.932522,98.7,7784.0,2.18,97.82,0,WiFi
7054,79,113,2025-10-30 23:32:20.884325,80.7,10373.0,0.84,99.16,0,Cellular Bonded
7055,204,45,2026-01-02 09:38:04.713988,108.5,8850.0,1.0,99.0,0,Cellular Bonded
7056,16,44,2026-04-09 14:35:56.541031,73.0,8070.0,0.63,94.37,1,WiFi
7057,222,105,2025-11-13 03:23:27.048570,7.8,6321.0,0.36,99.64,0,Wired IP
7058,212,85,2026-05-10 00:07:12.085120,56.3,12405.0,0.56,99.44,0,WiFi
7059,7,43,2026-08-14 02:22:51.685341,56.2,8964.0,0.05,99.95,0,Cellular Bonded
7060,23,115,2026-01-27 05:11:22.036421,72.9,7856.0,0.0,100.0,0,Wired IP
7061,144,9,2026-07-04 11:59:30.094494,62.0,10477.0,0.58,99.42,0,Cellular Bonded
7062,246,8,2025-10-06 06:01:47.513028,69.8,9257.0,0.92,99.08,0,WiFi
7063,137,17,2025-12-12 03:39:55.629733,13.7,8361.0,0.08,94.92,1,Cellular Bonded
7064,140,46,2026-06-01 12:20:32.500551,7.3,6430.0,1.02,98.98,0,Cellular Bonded
7065,97,28,2025-09-01 16:43:17.265451,38.9,7402.0,1.23,98.77,0,Satellite Hybrid
7066,230,118,2026-06-03 06:28:22.257977,15.5,5742.0,0.23,99.77,0,Cellular Bonded
7067,23,115,2026-01-16 16:35:11.166384,66.1,10498.0,0.52,99.48,0,Cellular Bonded
7068,223,49,2026-06-10 21:50:47.337746,5.8,8048.0,0.68,99.32,0,WiFi
7069,251,58,2026-05-19 05:16:06.433466,132.7,13944.0,0.09,99.91,0,Satellite Hybrid
7070,25,35,2025-11-09 20:04:10.513571,217.4,10855.0,0.18,99.82,0,WiFi
7071,46,36,2026-05-12 18:23:38.816168,60.1,5937.0,0.12,99.88,0,WiFi
7072,234,57,2025-12-21 08:21:06.778920,93.7,6150.0,0.38,99.62,0,Wired IP
7073,279,47,2025-11-01 08:52:48.942459,115.9,13279.0,0.65,99.35,0,Satellite Hybrid
7074,191,77,2025-09-06 23:27:42.952225,119.8,7947.0,0.75,99.25,0,WiFi
7075,277,115,2026-07-19 05:27:49.418183,47.5,6932.0,0.01,99.99,0,Wired IP
7076,178,45,2026-08-14 00:50:49.085856,114.0,6224.0,0.02,99.98,0,Cellular Bonded
7077,298,85,2026-06-06 19:12:33.014820,83.4,13751.0,0.09,99.91,0,Cellular Bonded
7078,240,72,2026-04-29 09:47:09.872918,69.2,5568.0,0.04,99.96,0,Satellite Hybrid
7079,150,37,2025-11-07 10:32:43.470766,71.5,5016.0,0.06,99.94,0,Cellular Bonded
7080,254,28,2026-07-02 19:27:44.637944,115.1,6190.0,0.41,99.59,0,Wired IP
7081,209,21,2026-02-24 14:18:59.911871,73.0,8933.0,0.59,99.41,0,Satellite Hybrid
7082,222,105,2025-10-24 05:45:23.386511,102.3,11815.0,0.15,99.85,0,Cellular Bonded
7083,130,18,2026-04-05 03:13:16.852941,131.3,9406.0,0.21,99.79,0,Cellular Bonded
7084,171,39,2025-09-10 19:49:40.254384,86.5,7882.0,0.1,99.9,0,Satellite Hybrid
7085,239,16,2026-02-13 16:58:49.353800,63.8,8294.0,0.88,99.12,0,Wired IP
7086,277,115,2026-08-01 08:42:34.138302,36.7,7292.0,0.08,99.92,0,Cellular Bonded
7087,85,13,2025-09-06 06:13:41.082174,40.3,8477.0,0.14,99.86,0,Cellular Bonded
7088,176,39,2026-08-15 08:42:15.767406,1.0,11601.0,0.51,99.49,0,WiFi
7089,75,99,2026-07-26 17:54:27.148489,79.4,8736.0,0.69,99.31,0,Cellular Bonded
7090,277,115,2025-10-03 01:45:24.622209,65.9,3099.0,0.31,99.69,0,Cellular Bonded
7091,82,112,2025-10-20 15:17:20.029714,26.6,8243.0,0.11,99.89,0,WiFi
7092,294,96,2026-03-06 14:08:57.972888,53.0,7342.0,0.14,99.86,0,Cellular Bonded
7093,106,99,2026-06-04 12:43:38.136769,21.3,4266.0,0.06,99.94,0,Cellular Bonded
7094,203,44,2025-10-31 20:13:42.700786,43.9,4450.0,0.16,99.84,0,WiFi
7095,215,36,2026-02-19 11:14:53.231796,167.7,10163.0,0.33,99.67,0,Cellular Bonded
7096,257,41,2026-01-20 19:59:30.931187,36.9,5683.0,0.85,99.15,0,Wired IP
7097,267,84,2026-02-04 17:44:26.678864,54.1,10834.0,0.98,99.02,0,Cellular Bonded
7098,3,33,2025-10-17 03:54:38.614893,85.9,8456.0,0.56,99.44,0,Cellular Bonded
7099,282,10,2025-10-29 08:19:45.234747,25.6,10607.0,0.05,99.95,0,WiFi
7100,85,13,2026-01-20 00:30:57.418856,150.0,10280.0,0.02,99.98,0,Cellular Bonded
7101,172,91,2026-03-27 09:33:37.364428,87.3,8258.0,0.29,99.71,0,Cellular Bonded
7102,167,19,2025-12-06 21:10:30.420600,129.2,4556.0,0.58,99.42,0,Satellite Hybrid
7103,192,92,2026-03-16 15:43:49.957900,122.8,5750.0,0.35,99.65,0,Cellular Bonded
7104,203,44,2026-08-06 11:55:44.625813,83.2,11204.0,0.87,99.13,0,Cellular Bonded
7105,202,58,2025-10-30 18:11:17.127057,1.0,7335.0,0.51,99.49,0,WiFi
7106,180,114,2026-06-29 01:23:50.956958,26.7,10566.0,0.4,99.6,0,Cellular Bonded
7107,55,99,2026-02-09 21:14:21.343401,56.8,6872.0,0.04,99.96,0,WiFi
7108,233,87,2026-07-31 09:30:37.734910,53.1,8948.0,0.03,99.97,0,Cellular Bonded
7109,97,28,2025-12-27 12:00:17.629711,148.2,11045.0,0.15,99.85,0,Cellular Bonded
7110,259,64,2026-01-03 02:53:23.117302,1.0,8772.0,1.09,98.91,0,Cellular Bonded
7111,254,28,2026-02-06 01:37:26.236008,45.0,7009.0,0.4,99.6,0,Cellular Bonded
7112,37,7,2026-01-19 12:57:20.547618,40.9,5911.0,0.15,99.85,0,Satellite Hybrid
7113,157,86,2026-03-28 16:36:01.204839,87.0,6080.0,0.15,99.85,0,Cellular Bonded
7114,208,47,2026-01-23 10:59:20.902862,88.1,13125.0,0.43,99.57,0,Cellular Bonded
7115,108,25,2025-10-14 03:22:01.082956,63.1,9337.0,0.16,99.84,0,Cellular Bonded
7116,50,10,2026-08-01 09:33:12.429821,68.5,7459.0,0.12,99.88,0,Wired IP
7117,98,78,2026-02-10 04:30:39.614858,71.0,4341.0,0.53,94.47,1,Wired IP
7118,16,44,2026-05-23 08:57:14.594578,109.2,8791.0,0.31,99.69,0,Cellular Bonded
7119,107,12,2026-01-21 06:07:56.937147,65.7,7944.0,0.13,99.87,0,Cellular Bonded
7120,37,7,2025-09-17 14:55:17.983490,55.9,6390.0,1.87,98.13,0,Cellular Bonded
7121,232,16,2026-07-15 03:09:20.807512,33.6,8878.0,1.02,98.98,0,WiFi
7122,217,19,2025-12-05 20:02:18.779898,2.0,5044.0,0.23,99.77,0,Cellular Bonded
7123,207,61,2026-03-02 08:05:21.604898,40.8,10020.0,1.6,93.4,1,Cellular Bonded
7124,154,112,2026-03-08 01:14:14.644380,142.3,3681.0,0.02,99.98,0,Cellular Bonded
7125,192,92,2025-10-21 09:00:59.905574,100.1,5592.0,1.12,98.88,0,Satellite Hybrid
7126,220,18,2026-01-04 02:49:52.518616,121.2,13990.0,0.17,99.83,0,WiFi
7127,245,117,2025-12-07 21:14:15.928275,3.5,8581.0,0.06,99.94,0,Wired IP
7128,22,2,2025-11-29 15:03:05.009473,90.8,5113.0,0.14,99.86,0,Wired IP
7129,17,29,2026-03-11 10:37:35.059452,19.8,8342.0,0.13,99.87,0,Cellular Bonded
7130,180,114,2026-02-09 18:22:47.724627,76.5,9038.0,0.71,94.29,1,Cellular Bonded
7131,243,24,2025-12-17 21:10:22.490077,50.4,8687.0,0.45,99.55,0,WiFi
7132,197,56,2026-05-06 04:36:40.831722,32.0,8070.0,0.01,99.99,0,Wired IP
7133,51,101,2025-10-28 16:22:47.251772,37.0,4499.0,0.63,99.37,0,WiFi
7134,180,114,2026-07-18 15:55:01.930659,46.0,8587.0,0.0,100.0,0,Cellular Bonded
7135,252,60,2025-08-19 18:20:51.293940,126.9,10562.0,0.23,99.77,0,Cellular Bonded
7136,195,113,2026-06-28 18:38:52.973464,36.7,8573.0,0.06,94.94,1,Cellular Bonded
7137,250,8,2026-05-11 20:27:08.646649,46.8,2838.0,0.4,99.6,0,Cellular Bonded
7138,45,120,2026-01-01 20:34:46.859689,70.7,10367.0,0.01,99.99,0,Satellite Hybrid
7139,279,47,2026-01-12 22:00:51.840677,139.3,7152.0,0.61,99.39,0,Wired IP
7140,126,87,2026-01-17 00:42:20.830217,49.6,8124.0,0.8,99.2,0,Cellular Bonded
7141,49,36,2026-01-09 07:13:55.820508,33.9,8643.0,0.13,99.87,0,Cellular Bonded
7142,173,74,2026-05-16 04:03:13.526600,35.2,3556.0,0.25,99.75,0,Cellular Bonded
7143,241,102,2026-01-05 10:15:30.430327,110.6,8188.0,0.4,94.6,1,Cellular Bonded
7144,159,17,2025-12-08 14:26:24.984510,45.8,5401.0,1.19,98.81,0,Cellular Bonded
7145,232,16,2026-08-13 17:21:47.641524,115.4,6396.0,0.17,99.83,0,Cellular Bonded
7146,211,118,2025-09-13 05:48:11.834618,1.0,9153.0,1.33,98.67,0,WiFi
7147,66,62,2026-07-07 07:10:04.344041,132.5,8741.0,0.5,99.5,0,Cellular Bonded
7148,15,43,2026-08-15 12:44:00.774257,85.0,7981.0,0.69,99.31,0,WiFi
7149,228,117,2025-10-02 16:15:51.903936,85.4,6786.0,0.55,99.45,0,Wired IP
7150,93,19,2026-07-24 12:04:18.201802,81.3,6268.0,1.55,98.45,0,Cellular Bonded
7151,290,33,2025-10-16 12:10:20.242979,138.6,9097.0,0.01,99.99,0,Cellular Bonded
7152,275,6,2026-05-23 17:54:13.945531,41.6,7033.0,0.49,99.51,0,Cellular Bonded
7153,25,35,2026-08-02 14:48:33.827759,66.6,10290.0,0.42,99.58,0,Cellular Bonded
7154,61,113,2026-05-26 18:47:27.175526,42.4,6247.0,0.11,99.89,0,Wired IP
7155,252,60,2026-05-19 14:15:41.497239,84.1,8970.0,0.53,99.47,0,Satellite Hybrid
7156,232,16,2025-12-23 11:36:21.187315,1.0,8511.0,0.49,99.51,0,Cellular Bonded
7157,84,86,2026-05-04 02:22:05.033420,8.8,8128.0,0.28,94.72,1,Cellular Bonded
7158,170,54,2026-04-07 00:45:14.725633,65.2,6319.0,0.08,99.92,0,Cellular Bonded
7159,80,62,2025-12-30 15:20:12.970488,3.0,4759.0,0.81,99.19,0,Satellite Hybrid
7160,40,117,2025-09-08 07:16:11.243451,96.5,2928.0,0.07,99.93,0,Cellular Bonded
7161,249,90,2026-01-05 21:36:37.167206,114.6,11253.0,0.11,99.89,0,Cellular Bonded
7162,199,38,2026-01-20 00:43:20.579980,44.3,8829.0,1.03,98.97,0,Wired IP
7163,91,61,2025-11-16 07:51:18.483212,52.9,8973.0,0.01,99.99,0,Wired IP
7164,23,115,2026-02-08 15:03:23.224187,12.9,5321.0,0.12,99.88,0,Cellular Bonded
7165,115,57,2026-07-20 14:40:15.696152,82.1,8614.0,0.62,99.38,0,WiFi
7166,299,26,2025-12-28 04:03:29.040928,80.8,3544.0,0.11,99.89,0,Cellular Bonded
7167,118,53,2026-05-03 03:51:24.081622,75.3,5641.0,0.02,99.98,0,Wired IP
7168,60,82,2025-08-28 13:16:20.353750,124.2,6997.0,1.24,98.76,0,Wired IP
7169,72,13,2026-04-18 05:40:46.478059,51.8,7511.0,0.14,99.86,0,Cellular Bonded
7170,289,120,2025-10-11 05:19:48.787461,114.6,6413.0,0.12,94.88,1,Wired IP
7171,255,92,2026-03-27 05:55:09.588664,39.8,4888.0,0.24,99.76,0,Cellular Bonded
7172,221,47,2026-07-28 22:23:30.410980,45.5,11591.0,0.87,94.13,1,Wired IP
7173,269,92,2025-10-11 00:48:06.309731,67.9,10854.0,0.29,99.71,0,Cellular Bonded
7174,189,1,2025-11-16 13:18:47.262400,87.0,8281.0,0.03,99.97,0,WiFi
7175,55,99,2026-03-17 08:33:04.647928,17.2,4584.0,0.1,99.9,0,WiFi
7176,18,13,2026-04-17 02:46:29.710769,47.9,6348.0,0.14,99.86,0,Cellular Bonded
7177,286,109,2025-10-16 03:58:51.884104,126.4,2904.0,1.19,98.81,0,Cellular Bonded
7178,35,115,2025-09-29 20:23:39.997439,92.5,10722.0,0.05,99.95,0,WiFi
7179,135,58,2025-09-20 22:24:33.926120,74.3,7002.0,0.5,99.5,0,WiFi
7180,184,92,2026-05-05 00:06:14.481350,86.7,3873.0,0.57,99.43,0,Satellite Hybrid
7181,260,27,2026-01-05 12:58:37.393082,89.3,10463.0,0.13,99.87,0,Cellular Bonded
7182,71,55,2026-05-02 23:34:15.501952,117.4,9664.0,0.06,99.94,0,Cellular Bonded
7183,83,89,2026-08-08 20:10:20.989843,65.8,7255.0,0.31,99.69,0,Cellular Bonded
7184,96,71,2025-09-16 13:39:01.199807,36.8,3516.0,0.58,99.42,0,Cellular Bonded
7185,229,54,2026-07-16 09:45:00.103535,89.1,5311.0,0.81,99.19,0,Cellular Bonded
7186,280,25,2026-07-04 00:22:36.953766,60.7,5440.0,0.51,99.49,0,Cellular Bonded
7187,135,58,2025-10-17 18:29:45.368357,46.9,8132.0,0.25,99.75,0,Cellular Bonded
7188,95,9,2026-01-21 01:31:33.040056,178.0,12473.0,0.56,99.44,0,Cellular Bonded
7189,60,82,2026-04-27 18:52:35.279748,89.1,13815.0,1.86,98.14,0,WiFi
7190,119,42,2026-02-16 23:52:07.411288,91.7,11350.0,0.3,99.7,0,Cellular Bonded
7191,154,112,2026-02-28 21:04:38.317845,40.5,9403.0,0.01,99.99,0,WiFi
7192,201,6,2026-07-07 21:38:05.591009,85.9,11459.0,0.15,94.85,1,Satellite Hybrid
7193,31,26,2026-03-20 04:20:36.154080,1.0,7487.0,1.16,98.84,0,Cellular Bonded
7194,7,43,2026-05-13 03:41:00.341836,95.0,9585.0,1.21,98.79,0,Cellular Bonded
7195,137,17,2026-05-19 22:00:49.090306,97.9,8171.0,0.65,99.35,0,WiFi
7196,5,61,2026-07-21 15:39:27.623841,63.6,11698.0,0.02,99.98,0,Cellular Bonded
7197,71,55,2026-07-01 14:39:28.451622,17.1,12126.0,0.37,99.63,0,Satellite Hybrid
7198,125,35,2025-09-27 03:04:03.777098,4.2,7122.0,0.51,99.49,0,Wired IP
7199,110,85,2026-03-15 06:21:00.370714,47.7,8767.0,0.31,99.69,0,WiFi
7200,244,28,2026-06-05 08:53:05.824080,10.4,13137.0,0.13,99.87,0,Cellular Bonded
7201,110,85,2026-06-11 11:08:27.863482,36.0,6463.0,0.36,99.64,0,Cellular Bonded
7202,199,38,2025-11-24 10:36:25.647942,29.2,10736.0,0.25,99.75,0,WiFi
7203,278,69,2025-11-02 17:22:01.018093,61.0,8764.0,0.14,99.86,0,Cellular Bonded
7204,37,7,2026-05-18 09:27:46.452330,119.1,8395.0,0.25,99.75,0,Cellular Bonded
7205,66,62,2026-04-30 09:42:42.476099,52.4,9481.0,0.06,99.94,0,Wired IP
7206,75,99,2025-08-20 13:58:11.982713,29.0,7056.0,0.15,99.85,0,Cellular Bonded
7207,35,115,2025-10-18 17:03:22.131617,55.2,6281.0,0.44,99.56,0,Wired IP
7208,38,68,2026-02-13 17:41:23.179255,115.7,2963.0,0.4,99.6,0,Cellular Bonded
7209,127,93,2025-09-22 14:24:06.959832,116.7,5234.0,0.53,99.47,0,Cellular Bonded
7210,212,85,2026-05-27 16:27:32.320120,157.2,12265.0,0.32,99.68,0,WiFi
7211,186,61,2026-01-17 18:23:52.854213,70.3,12754.0,0.06,99.94,0,Cellular Bonded
7212,135,58,2026-01-17 09:39:39.135091,76.3,7098.0,2.74,97.26,0,WiFi
7213,222,105,2025-12-01 11:51:33.977351,34.3,10127.0,0.0,100.0,0,Cellular Bonded
7214,165,70,2026-01-22 13:15:14.706820,55.0,8461.0,0.14,99.86,0,Satellite Hybrid
7215,15,43,2025-10-21 15:09:59.962712,114.6,13752.0,1.58,98.42,0,Cellular Bonded
7216,192,92,2025-10-25 06:45:54.821473,116.2,500.0,0.14,99.86,0,Cellular Bonded
7217,116,39,2025-10-06 06:35:59.167962,112.7,10993.0,0.04,99.96,0,WiFi
7218,66,62,2026-02-11 19:40:37.882995,79.9,1391.0,0.06,99.94,0,Cellular Bonded
7219,261,118,2026-02-17 17:06:03.338167,70.5,7964.0,0.02,99.98,0,Cellular Bonded
7220,81,84,2025-09-27 11:30:53.434679,106.7,7605.0,0.32,99.68,0,WiFi
7221,267,84,2026-03-13 05:59:36.413460,44.0,7782.0,0.42,99.58,0,Satellite Hybrid
7222,39,58,2025-11-03 20:04:07.551151,1.0,5012.0,0.56,99.44,0,Cellular Bonded
7223,16,44,2025-10-30 14:09:24.028936,115.3,10511.0,0.41,99.59,0,Satellite Hybrid
7224,288,119,2026-05-18 23:42:13.337041,87.4,10723.0,0.72,99.28,0,Satellite Hybrid
7225,75,99,2026-06-09 14:54:12.678219,45.6,5832.0,0.16,99.84,0,Cellular Bonded
7226,21,46,2025-10-27 06:49:02.232533,97.6,12123.0,0.36,99.64,0,Cellular Bonded
7227,202,58,2026-08-12 01:16:56.608814,56.1,8049.0,0.04,99.96,0,WiFi
7228,175,19,2026-07-02 09:54:39.193752,45.0,7239.0,0.16,99.84,0,Cellular Bonded
7229,275,6,2026-01-26 02:56:37.627979,61.9,6984.0,0.01,99.99,0,Cellular Bonded
7230,158,116,2026-07-17 12:13:40.437600,39.1,10563.0,0.34,99.66,0,Cellular Bonded
7231,241,102,2025-09-27 02:22:44.011114,71.0,8708.0,0.18,99.82,0,Cellular Bonded
7232,198,33,2026-04-07 13:29:29.781601,80.7,6648.0,0.24,99.76,0,Cellular Bonded
7233,287,5,2025-09-16 08:55:56.737738,57.4,9823.0,0.31,99.69,0,Wired IP
7234,294,96,2025-09-18 12:35:53.167830,82.5,10639.0,0.88,99.12,0,Wired IP
7235,173,74,2025-10-02 18:03:08.179564,57.5,9354.0,0.2,99.8,0,Cellular Bonded
7236,251,58,2025-09-10 16:43:21.316497,133.6,10561.0,0.11,99.89,0,WiFi
7237,273,46,2025-08-29 01:37:49.055279,4.1,5604.0,1.25,98.75,0,Satellite Hybrid
7238,33,90,2025-11-11 22:37:16.544503,128.4,4988.0,0.51,99.49,0,Cellular Bonded
7239,138,102,2026-02-11 08:29:24.941950,1.4,8548.0,0.25,99.75,0,Cellular Bonded
7240,148,5,2026-05-22 20:43:34.835401,143.6,9373.0,0.38,99.62,0,WiFi
7241,117,109,2025-08-21 17:00:31.242342,86.2,3920.0,0.32,99.68,0,Satellite Hybrid
7242,166,31,2025-11-23 08:50:41.112303,35.1,11829.0,0.45,99.55,0,WiFi
7243,290,33,2026-08-01 22:18:40.504798,73.5,7748.0,0.29,99.71,0,WiFi
7244,157,86,2026-04-18 02:35:01.722553,83.9,12143.0,0.16,99.84,0,WiFi
7245,172,91,2026-06-02 07:56:03.744697,41.6,5944.0,1.24,98.76,0,Cellular Bonded
7246,211,118,2025-09-02 12:26:59.949930,82.8,6795.0,0.12,99.88,0,Cellular Bonded
7247,218,20,2025-11-03 06:53:00.203970,79.8,7347.0,0.13,99.87,0,WiFi
7248,97,28,2026-06-03 06:31:55.633386,5.8,6369.0,0.06,99.94,0,Wired IP
7249,72,13,2026-01-02 08:54:54.073125,24.3,8139.0,0.09,99.91,0,Cellular Bonded
7250,152,83,2026-02-24 02:04:13.873567,12.3,8457.0,0.13,99.87,0,WiFi
7251,186,61,2026-08-04 10:16:21.152982,61.5,6395.0,0.02,99.98,0,Cellular Bonded
7252,284,30,2025-11-23 06:41:55.478567,58.9,12406.0,0.26,99.74,0,Satellite Hybrid
7253,237,74,2026-02-11 14:54:05.578611,44.5,9080.0,0.08,99.92,0,Cellular Bonded
7254,89,100,2026-05-21 12:59:40.299748,69.8,9703.0,0.04,99.96,0,Cellular Bonded
7255,150,37,2026-03-26 20:35:48.937220,82.7,8605.0,0.02,99.98,0,Cellular Bonded
7256,106,99,2025-12-19 02:13:29.264366,45.7,8310.0,0.22,99.78,0,Cellular Bonded
7257,173,74,2026-04-24 03:28:12.439039,62.7,10258.0,0.06,99.94,0,Cellular Bonded
7258,255,92,2025-12-21 11:24:35.169982,35.4,8821.0,0.11,99.89,0,Wired IP
7259,201,6,2025-12-11 07:23:06.304036,25.5,8595.0,0.08,99.92,0,Cellular Bonded
7260,139,7,2025-11-13 16:49:18.971045,102.8,11129.0,0.34,99.66,0,Wired IP
7261,236,12,2025-12-28 02:16:25.672225,45.0,6844.0,0.78,99.22,0,Cellular Bonded
7262,75,99,2026-01-10 16:42:48.636045,87.9,3072.0,0.19,99.81,0,Cellular Bonded
7263,37,7,2026-03-29 04:59:44.421097,46.4,9078.0,0.59,99.41,0,Cellular Bonded
7264,193,62,2026-08-09 06:19:50.048989,128.9,6544.0,0.13,99.87,0,Cellular Bonded
7265,202,58,2026-07-02 22:43:06.260355,23.6,9386.0,1.21,93.79,1,Cellular Bonded
7266,97,28,2026-06-08 13:25:22.661989,95.3,9567.0,0.19,99.81,0,Cellular Bonded
7267,131,111,2025-08-19 08:44:47.592355,49.8,12291.0,0.12,99.88,0,Cellular Bonded
7268,233,87,2026-07-02 00:30:04.673476,76.8,8276.0,0.05,99.95,0,WiFi
7269,282,10,2026-01-11 21:56:55.985992,81.1,6804.0,0.19,99.81,0,WiFi
7270,142,40,2026-06-19 04:48:47.886657,72.6,9676.0,1.01,98.99,0,Cellular Bonded
7271,216,99,2026-07-21 21:56:06.445160,57.0,5717.0,1.05,98.95,0,Cellular Bonded
7272,27,81,2025-08-27 14:42:25.705863,134.4,7104.0,0.01,99.99,0,WiFi
7273,251,58,2025-10-02 02:23:45.919722,12.8,6192.0,0.34,99.66,0,Cellular Bonded
7274,244,28,2026-02-27 22:32:39.687055,79.9,9974.0,0.22,99.78,0,WiFi
7275,161,89,2026-07-31 09:56:15.192326,80.7,12567.0,0.19,99.81,0,Wired IP
7276,93,19,2026-05-19 13:03:19.659464,79.5,12657.0,0.04,99.96,0,Satellite Hybrid
7277,28,90,2025-11-16 23:09:00.962333,89.5,5741.0,0.13,99.87,0,Cellular Bonded
7278,36,105,2026-01-30 04:57:29.324246,64.3,5886.0,0.09,99.91,0,Wired IP
7279,281,66,2026-04-25 17:21:37.318770,97.8,8102.0,0.09,99.91,0,Cellular Bonded
7280,66,62,2026-07-01 18:28:11.563337,123.4,10206.0,0.19,99.81,0,Cellular Bonded
7281,217,19,2026-02-22 04:51:46.497949,7.8,6752.0,0.17,99.83,0,Cellular Bonded
7282,291,118,2026-04-16 05:57:23.895765,82.2,5879.0,0.11,99.89,0,Cellular Bonded
7283,58,112,2025-08-19 09:08:09.415725,115.4,9523.0,1.52,98.48,0,WiFi
7284,142,40,2026-04-08 03:51:22.438707,47.0,6594.0,0.57,99.43,0,Cellular Bonded
7285,124,5,2026-07-28 02:00:01.832133,54.7,3343.0,0.99,99.01,0,WiFi
7286,293,18,2025-12-13 20:21:33.589226,79.8,7905.0,0.63,99.37,0,Cellular Bonded
7287,283,56,2026-04-06 14:13:10.289762,70.5,5549.0,0.17,99.83,0,WiFi
7288,122,14,2026-07-03 01:50:47.722897,54.7,8983.0,0.58,99.42,0,Cellular Bonded
7289,284,30,2026-08-07 04:19:39.105352,117.4,6767.0,0.33,99.67,0,Satellite Hybrid
7290,113,23,2026-05-13 20:09:01.732349,70.2,6343.0,0.14,99.86,0,Cellular Bonded
7291,197,56,2026-04-22 17:02:04.100870,86.7,4702.0,0.06,99.94,0,Cellular Bonded
7292,9,12,2025-11-11 11:55:11.823610,84.5,6802.0,0.01,99.99,0,WiFi
7293,47,89,2026-02-11 02:43:25.398469,70.1,6460.0,0.59,99.41,0,Cellular Bonded
7294,139,7,2026-05-15 01:51:51.054897,40.0,5745.0,0.48,99.52,0,Cellular Bonded
7295,64,24,2026-06-04 01:34:37.413358,20.2,8014.0,0.25,99.75,0,Satellite Hybrid
7296,209,21,2025-12-23 09:27:42.541625,33.7,10716.0,0.45,99.55,0,Cellular Bonded
7297,236,12,2026-07-27 01:00:21.243845,49.8,10257.0,0.76,99.24,0,WiFi
7298,89,100,2026-07-27 21:58:10.691715,47.3,7020.0,0.61,99.39,0,Cellular Bonded
7299,144,9,2026-02-08 01:00:25.260346,65.2,12872.0,0.09,99.91,0,Wired IP
7300,123,95,2026-04-15 13:24:13.164048,56.4,6257.0,0.15,99.85,0,Wired IP
7301,223,49,2026-04-30 14:00:40.052219,40.4,7852.0,0.52,99.48,0,Cellular Bonded
7302,198,33,2025-09-23 21:48:37.815235,93.6,6431.0,0.07,99.93,0,Cellular Bonded
7303,119,42,2026-01-05 17:27:08.095160,110.4,3563.0,0.62,99.38,0,Cellular Bonded
7304,42,109,2026-03-27 21:08:50.645055,39.8,6330.0,0.19,99.81,0,Cellular Bonded
7305,228,117,2026-05-05 03:01:01.545913,66.2,6625.0,0.67,99.33,0,Cellular Bonded
7306,197,56,2026-07-01 18:31:09.929207,64.2,5115.0,0.01,99.99,0,Cellular Bonded
7307,195,113,2026-07-04 02:22:22.899145,5.8,7849.0,0.01,94.99,1,Cellular Bonded
7308,140,46,2026-05-31 17:51:57.734636,9.9,11015.0,0.27,99.73,0,Cellular Bonded
7309,252,60,2026-05-06 20:24:03.083030,1.0,3262.0,0.0,100.0,0,WiFi
7310,269,92,2025-08-29 19:50:42.612279,56.6,15997.0,0.68,99.32,0,Cellular Bonded
7311,11,65,2026-02-16 00:01:24.410572,45.3,10542.0,0.07,99.93,0,Cellular Bonded
7312,199,38,2025-09-19 00:42:46.785136,55.0,3547.0,0.05,99.95,0,Wired IP
7313,106,99,2026-06-18 01:56:34.861051,29.5,8954.0,0.67,99.33,0,Wired IP
7314,40,117,2026-08-16 22:18:28.498146,38.8,6912.0,0.16,99.84,0,WiFi
7315,194,63,2026-08-13 14:42:48.401067,85.5,6510.0,0.5,99.5,0,WiFi
7316,207,61,2026-02-04 15:21:53.108941,1.0,5538.0,0.04,99.96,0,Cellular Bonded
7317,161,89,2026-07-11 11:07:17.844500,99.3,8548.0,0.72,99.28,0,Cellular Bonded
7318,141,13,2026-08-01 20:53:14.988191,27.2,11544.0,0.18,99.82,0,Satellite Hybrid
7319,149,29,2026-02-10 05:58:52.618935,40.8,10086.0,0.49,99.51,0,Satellite Hybrid
7320,195,113,2026-03-03 14:29:30.701236,163.9,9045.0,0.01,99.99,0,Cellular Bonded
7321,241,102,2025-11-15 01:45:14.806510,116.1,14677.0,0.03,99.97,0,Cellular Bonded
7322,289,120,2025-10-19 10:52:43.507928,75.2,11983.0,0.29,99.71,0,WiFi
7323,34,34,2026-07-28 21:54:24.920611,58.4,4814.0,0.06,99.94,0,Cellular Bonded
7324,12,33,2026-04-30 17:35:48.180630,26.1,8591.0,0.03,99.97,0,Cellular Bonded
7325,177,67,2025-09-25 17:44:15.240614,13.9,8888.0,0.13,99.87,0,WiFi
7326,11,65,2026-08-15 20:31:19.405621,41.4,4384.0,1.06,98.94,0,WiFi
7327,229,54,2025-08-28 21:43:58.101071,88.7,4281.0,0.44,99.56,0,Wired IP
7328,46,36,2026-07-23 08:41:03.273042,151.4,12180.0,0.88,99.12,0,Cellular Bonded
7329,179,13,2025-12-15 10:10:56.459643,17.5,12563.0,0.96,99.04,0,Wired IP
7330,188,39,2026-01-05 05:27:39.166819,43.6,5983.0,0.13,99.87,0,Cellular Bonded
7331,134,74,2025-11-28 13:55:32.972442,151.4,962.0,0.34,99.66,0,WiFi
7332,87,19,2026-05-07 18:23:06.733788,71.7,6503.0,0.98,99.02,0,Cellular Bonded
7333,300,63,2026-04-18 07:55:53.498771,103.5,5921.0,0.12,99.88,0,WiFi
7334,272,13,2026-07-31 13:48:33.743161,58.0,11281.0,0.14,99.86,0,Satellite Hybrid
7335,19,12,2026-04-20 00:49:58.312105,70.4,9048.0,0.2,99.8,0,Cellular Bonded
7336,187,105,2026-04-18 03:56:01.624076,10.8,3566.0,0.36,99.64,0,Cellular Bonded
7337,118,53,2026-07-21 01:46:36.362919,44.1,6448.0,0.21,99.79,0,Cellular Bonded
7338,82,112,2026-04-06 12:12:44.282382,26.8,10204.0,0.02,99.98,0,Cellular Bonded
7339,284,30,2026-02-13 19:45:11.382379,82.2,9960.0,2.2,97.8,0,Cellular Bonded
7340,41,114,2026-06-04 15:25:12.479732,83.5,10056.0,0.41,99.59,0,Cellular Bonded
7341,131,111,2025-12-17 17:22:45.203371,106.9,7065.0,0.5,99.5,0,WiFi
7342,151,38,2025-11-07 22:28:45.327433,62.9,9343.0,0.61,99.39,0,Cellular Bonded
7343,224,14,2026-03-16 11:47:25.261744,46.9,8785.0,0.02,99.98,0,Cellular Bonded
7344,96,71,2026-07-21 11:30:46.608025,1.0,10215.0,0.5,99.5,0,Cellular Bonded
7345,160,71,2025-09-10 20:16:01.900545,113.7,11006.0,0.01,99.99,0,Wired IP
7346,35,115,2025-12-21 12:42:33.385056,94.3,9886.0,0.97,99.03,0,Satellite Hybrid
7347,48,21,2026-07-16 11:39:35.015001,47.1,1895.0,0.6,99.4,0,WiFi
7348,294,96,2026-05-16 10:49:59.858552,12.1,9284.0,0.68,99.32,0,Satellite Hybrid
7349,91,61,2026-05-09 21:39:50.403659,60.8,4195.0,2.35,97.65,0,Cellular Bonded
7350,241,102,2026-04-13 22:41:09.010980,45.6,6781.0,0.78,99.22,0,Cellular Bonded
7351,86,59,2026-05-31 19:47:34.489221,55.5,8990.0,0.38,99.62,0,Cellular Bonded
7352,101,83,2026-08-05 22:58:55.189818,34.6,7496.0,0.35,99.65,0,Cellular Bonded
7353,40,117,2026-01-24 17:55:50.749576,52.8,8847.0,0.13,99.87,0,Cellular Bonded
7354,52,73,2025-11-11 10:14:41.255534,26.4,8397.0,0.08,99.92,0,WiFi
7355,92,105,2025-11-20 19:38:01.190808,70.6,7388.0,0.04,99.96,0,Satellite Hybrid
7356,237,74,2025-12-02 10:57:19.602507,83.6,7303.0,0.39,99.61,0,Cellular Bonded
7357,189,1,2025-09-27 21:32:23.162924,1.0,9351.0,0.77,99.23,0,WiFi
7358,79,113,2025-12-20 10:31:55.825087,88.4,8483.0,0.35,99.65,0,Cellular Bonded
7359,96,71,2026-03-22 09:58:00.215035,58.1,7543.0,1.82,98.18,0,WiFi
7360,5,61,2025-10-25 22:09:08.612537,22.3,5938.0,0.02,99.98,0,Cellular Bonded
7361,88,49,2026-07-28 02:36:48.668797,73.9,8922.0,1.14,98.86,0,Cellular Bonded
7362,263,17,2026-03-15 08:20:29.735885,49.0,14213.0,0.85,99.15,0,Wired IP
7363,257,41,2025-10-03 18:01:16.576472,71.1,9685.0,0.03,99.97,0,Satellite Hybrid
7364,30,93,2025-12-10 15:09:50.592518,44.7,5133.0,0.36,99.64,0,Cellular Bonded
7365,86,59,2026-01-04 00:35:45.876525,40.6,7839.0,0.39,99.61,0,WiFi
7366,80,62,2026-05-14 05:49:48.386848,71.0,7473.0,0.42,99.58,0,Cellular Bonded
7367,124,5,2025-12-09 16:37:07.663537,71.9,15480.0,0.02,99.98,0,WiFi
7368,189,1,2026-03-21 15:12:43.581432,13.0,8117.0,0.46,99.54,0,WiFi
7369,143,42,2025-10-26 13:03:26.802259,90.3,6474.0,0.24,99.76,0,Cellular Bonded
7370,233,87,2026-01-06 22:14:57.820359,106.7,12250.0,0.07,99.93,0,Wired IP
7371,57,99,2026-01-19 21:43:39.031794,73.4,8550.0,0.2,99.8,0,WiFi
7372,83,89,2026-05-26 18:52:59.083735,60.3,9155.0,0.09,99.91,0,Cellular Bonded
7373,22,2,2026-06-05 08:44:47.259817,121.1,7940.0,0.51,99.49,0,WiFi
7374,194,63,2026-07-25 03:48:10.655446,10.0,6369.0,0.01,99.99,0,Satellite Hybrid
7375,148,5,2025-10-03 08:17:44.571443,74.8,8464.0,0.26,99.74,0,Wired IP
7376,251,58,2026-04-17 12:44:45.133131,67.8,4407.0,0.1,99.9,0,Cellular Bonded
7377,203,44,2026-03-21 21:29:12.128010,47.2,7072.0,0.48,99.52,0,Satellite Hybrid
7378,207,61,2025-09-26 03:31:01.022444,11.0,7499.0,0.13,99.87,0,Cellular Bonded
7379,239,16,2025-08-21 14:13:19.983391,43.9,5369.0,0.13,99.87,0,Cellular Bonded
7380,267,84,2026-06-25 09:13:53.590990,74.3,7593.0,0.74,99.26,0,Cellular Bonded
7381,296,49,2025-12-11 13:32:20.274886,7.7,5468.0,0.06,99.94,0,Satellite Hybrid
7382,208,47,2026-06-12 03:57:41.683275,1.0,12006.0,0.77,99.23,0,Satellite Hybrid
7383,269,92,2025-12-04 14:10:52.374725,36.0,4544.0,0.07,99.93,0,Satellite Hybrid
7384,86,59,2025-11-06 03:31:59.588701,105.8,8596.0,0.77,99.23,0,WiFi
7385,256,101,2026-04-23 11:00:27.375334,146.4,9637.0,0.6,99.4,0,Cellular Bonded
7386,19,12,2025-10-11 01:18:34.592188,30.2,6690.0,0.29,99.71,0,WiFi
7387,189,1,2025-11-29 16:30:54.544877,95.5,5776.0,0.21,99.79,0,Wired IP
7388,60,82,2026-05-17 22:41:02.834110,74.1,8151.0,0.11,99.89,0,Wired IP
7389,212,85,2026-06-24 04:53:37.477400,116.4,4237.0,0.08,99.92,0,WiFi
7390,154,112,2026-06-16 09:37:04.439269,26.8,13346.0,0.17,99.83,0,Cellular Bonded
7391,162,45,2025-08-30 18:36:25.834979,103.2,6767.0,0.89,99.11,0,Wired IP
7392,9,12,2025-12-13 02:27:00.203676,116.0,2372.0,0.34,99.66,0,WiFi
7393,76,105,2026-02-17 15:02:07.646168,56.7,3668.0,0.74,99.26,0,Wired IP
7394,72,13,2026-04-26 14:31:08.312931,11.7,6272.0,1.33,98.67,0,Cellular Bonded
7395,155,109,2025-11-26 01:25:43.438535,93.5,5845.0,0.29,99.71,0,Cellular Bonded
7396,73,23,2026-06-23 16:07:06.453778,104.9,13493.0,0.14,94.86,1,Cellular Bonded
7397,117,109,2026-03-15 18:16:02.159439,1.0,4131.0,0.14,99.86,0,Cellular Bonded
7398,130,18,2026-04-05 14:33:46.552462,43.6,9479.0,0.08,99.92,0,WiFi
7399,239,16,2025-11-04 23:30:19.348417,65.6,4606.0,0.1,99.9,0,Cellular Bonded
7400,191,77,2025-12-02 15:29:56.035524,35.4,12639.0,0.02,99.98,0,Satellite Hybrid
7401,238,96,2026-08-06 01:09:07.698555,84.1,7013.0,0.32,99.68,0,WiFi
7402,27,81,2025-09-08 16:58:36.041337,18.6,11298.0,0.57,99.43,0,WiFi
7403,75,99,2026-06-09 23:56:27.269067,98.1,9822.0,0.18,99.82,0,Wired IP
7404,52,73,2025-10-12 23:32:24.371518,101.3,7570.0,0.78,99.22,0,Cellular Bonded
7405,28,90,2026-05-06 21:16:58.396768,118.1,9245.0,1.09,98.91,0,Cellular Bonded
7406,198,33,2026-06-23 19:37:43.839716,72.5,9581.0,0.71,99.29,0,Cellular Bonded
7407,222,105,2026-07-25 08:15:04.570422,103.0,8182.0,0.28,99.72,0,Cellular Bonded
7408,151,38,2025-11-08 09:33:59.033926,81.7,14068.0,0.24,99.76,0,Cellular Bonded
7409,263,17,2026-05-13 19:23:03.387763,3.1,6180.0,0.2,99.8,0,Satellite Hybrid
7410,21,46,2026-07-21 05:28:15.544592,9.3,9450.0,0.04,99.96,0,WiFi
7411,246,8,2026-05-28 12:33:58.613746,1.0,11166.0,0.06,99.94,0,Cellular Bonded
7412,170,54,2026-06-26 23:55:36.159279,77.9,11140.0,0.04,99.96,0,Cellular Bonded
7413,260,27,2026-05-10 18:24:16.197642,66.4,8957.0,0.13,99.87,0,Wired IP
7414,52,73,2025-12-05 10:08:26.343364,114.2,5805.0,0.06,99.94,0,Cellular Bonded
7415,288,119,2026-06-11 18:00:39.218926,3.4,8908.0,0.02,99.98,0,Wired IP
7416,13,40,2026-07-17 07:00:53.467814,68.7,7523.0,0.16,99.84,0,Wired IP
7417,267,84,2025-10-15 08:24:26.719749,121.4,9176.0,0.05,99.95,0,WiFi
7418,230,118,2025-08-26 02:39:33.274487,1.0,10007.0,0.26,99.74,0,Cellular Bonded
7419,236,12,2026-01-08 10:31:12.569579,100.2,5832.0,0.1,99.9,0,Cellular Bonded
7420,168,61,2026-01-19 10:40:47.052434,28.1,6012.0,0.39,99.61,0,Cellular Bonded
7421,27,81,2026-02-07 01:20:59.298883,74.3,11614.0,0.71,99.29,0,Cellular Bonded
7422,300,63,2025-12-23 09:13:37.369953,39.6,12190.0,0.03,99.97,0,WiFi
7423,225,15,2026-01-08 02:26:06.120349,33.3,10265.0,0.99,99.01,0,WiFi
7424,222,105,2025-09-13 10:57:44.315590,22.8,6044.0,0.23,99.77,0,Cellular Bonded
7425,19,12,2026-05-10 12:47:23.743007,45.8,4639.0,0.01,99.99,0,Cellular Bonded
7426,281,66,2025-11-29 07:30:08.573477,36.0,5857.0,0.03,99.97,0,Satellite Hybrid
7427,290,33,2026-07-21 04:38:48.672927,130.8,7541.0,1.74,98.26,0,Cellular Bonded
7428,79,113,2026-05-01 04:06:25.069304,101.7,5136.0,0.11,99.89,0,Cellular Bonded
7429,194,63,2026-03-06 06:48:57.286541,58.5,5617.0,0.23,99.77,0,Wired IP
7430,226,31,2025-09-22 18:20:05.191517,144.1,7054.0,0.27,99.73,0,Cellular Bonded
7431,137,17,2025-12-14 07:10:45.250128,72.9,6434.0,0.11,99.89,0,Cellular Bonded
7432,101,83,2026-06-03 02:04:19.793623,84.3,9479.0,0.27,99.73,0,Satellite Hybrid
7433,197,56,2026-06-30 07:26:48.287135,71.1,7396.0,0.29,99.71,0,Satellite Hybrid
7434,113,23,2025-09-06 23:53:38.554526,65.1,13257.0,0.3,99.7,0,Cellular Bonded
7435,156,65,2026-07-25 09:29:59.618004,131.6,7947.0,0.22,94.78,1,Cellular Bonded
7436,69,12,2025-12-07 05:42:07.786641,85.5,8317.0,0.12,99.88,0,WiFi
7437,292,65,2026-04-14 04:56:38.771983,148.9,6368.0,0.89,99.11,0,WiFi
7438,78,17,2026-03-16 22:10:29.706985,52.4,4777.0,0.75,99.25,0,WiFi
7439,291,118,2026-01-26 13:02:51.792002,51.8,7276.0,0.72,99.28,0,Cellular Bonded
7440,108,25,2026-02-10 08:22:28.339471,112.0,9204.0,0.1,94.9,1,Cellular Bonded
7441,34,34,2026-07-11 18:12:49.374327,55.3,6874.0,0.15,99.85,0,Cellular Bonded
7442,20,95,2025-11-02 19:28:35.404031,89.1,6395.0,0.02,99.98,0,Cellular Bonded
7443,248,36,2026-06-07 20:40:26.728583,66.4,8003.0,1.19,98.81,0,Cellular Bonded
7444,113,23,2025-10-28 15:50:53.416981,83.4,6349.0,0.0,100.0,0,Satellite Hybrid
7445,85,13,2026-04-12 23:11:31.073076,1.0,6459.0,0.71,99.29,0,Cellular Bonded
7446,253,50,2025-12-28 11:10:02.935544,28.0,2748.0,0.05,99.95,0,Cellular Bonded
7447,236,12,2026-06-26 18:20:29.730178,42.9,6289.0,1.35,98.65,0,Cellular Bonded
7448,176,39,2025-09-24 10:52:58.465440,140.0,8233.0,0.46,99.54,0,Cellular Bonded
7449,191,77,2026-05-31 23:26:58.105732,14.2,4992.0,0.02,99.98,0,Wired IP
7450,133,9,2026-06-27 14:23:58.159415,89.1,11289.0,0.2,99.8,0,Satellite Hybrid
7451,281,66,2026-01-02 16:42:43.852814,1.0,7707.0,0.14,99.86,0,Wired IP
7452,170,54,2026-08-11 23:07:19.593823,17.9,4817.0,0.49,99.51,0,WiFi
7453,168,61,2026-04-23 06:18:53.057030,90.2,7875.0,0.82,99.18,0,Wired IP
7454,267,84,2025-10-18 15:30:58.337958,30.3,3230.0,0.22,99.78,0,Cellular Bonded
7455,126,87,2025-09-07 19:14:24.136185,53.0,9164.0,0.65,99.35,0,Cellular Bonded
7456,12,33,2025-12-26 00:58:40.312091,72.2,3890.0,0.09,99.91,0,Cellular Bonded
7457,140,46,2026-02-07 05:19:42.521763,85.0,10119.0,0.09,99.91,0,Wired IP
7458,261,118,2026-07-29 05:22:58.103660,83.9,6783.0,1.99,98.01,0,Wired IP
7459,208,47,2025-09-30 01:47:34.667872,120.2,10092.0,0.3,99.7,0,Cellular Bonded
7460,154,112,2026-02-22 09:25:44.147382,29.6,3613.0,0.39,99.61,0,Cellular Bonded
7461,132,76,2025-12-19 19:10:57.596618,62.9,7277.0,0.39,99.61,0,Cellular Bonded
7462,76,105,2026-01-23 14:24:51.203519,54.3,10458.0,0.01,99.99,0,Cellular Bonded
7463,113,23,2025-10-11 11:19:23.053622,49.1,6548.0,0.18,99.82,0,WiFi
7464,128,107,2026-05-08 23:57:26.100921,94.9,7146.0,0.14,99.86,0,Cellular Bonded
7465,79,113,2025-11-15 16:09:57.366673,1.0,5375.0,0.03,99.97,0,WiFi
7466,278,69,2025-09-30 14:32:46.539750,27.2,11704.0,0.47,99.53,0,Cellular Bonded
7467,212,85,2026-01-10 00:42:40.125493,70.9,7342.0,1.34,98.66,0,Satellite Hybrid
7468,215,36,2025-12-06 17:34:24.623229,26.8,5679.0,1.06,98.94,0,Cellular Bonded
7469,154,112,2026-03-23 20:36:58.505759,91.5,11114.0,0.36,99.64,0,Cellular Bonded
7470,84,86,2025-10-20 04:52:25.241833,64.5,6668.0,1.77,98.23,0,Cellular Bonded
7471,34,34,2026-05-17 06:23:29.006195,145.1,9080.0,0.26,99.74,0,Cellular Bonded
7472,30,93,2026-05-28 10:54:39.927330,106.9,9340.0,0.16,99.84,0,Wired IP
7473,222,105,2026-08-15 01:16:11.107237,149.4,7508.0,0.05,99.95,0,Cellular Bonded
7474,243,24,2026-04-20 02:00:44.187716,63.4,7564.0,0.02,99.98,0,Wired IP
7475,171,39,2025-09-19 22:48:05.880534,107.9,9587.0,0.25,99.75,0,Wired IP
7476,61,113,2026-02-03 11:56:57.683998,51.4,10210.0,0.19,99.81,0,Cellular Bonded
7477,250,8,2026-06-12 21:53:49.063654,46.9,2534.0,0.56,99.44,0,Cellular Bonded
7478,252,60,2026-01-04 17:17:34.136535,51.5,7326.0,0.3,99.7,0,Cellular Bonded
7479,203,44,2026-04-06 01:34:14.057605,51.6,12542.0,0.3,99.7,0,Cellular Bonded
7480,208,47,2026-01-27 17:23:07.438451,87.2,5763.0,0.09,99.91,0,WiFi
7481,121,39,2025-08-22 11:22:12.937138,84.2,4845.0,0.41,99.59,0,Cellular Bonded
7482,85,13,2025-09-29 19:29:31.136835,28.8,6961.0,0.37,99.63,0,Satellite Hybrid
7483,168,61,2025-10-01 19:00:38.902030,134.9,7077.0,0.81,99.19,0,WiFi
7484,43,75,2026-04-09 09:05:00.265903,33.9,5206.0,0.19,99.81,0,Cellular Bonded
7485,43,75,2026-07-15 20:51:55.103963,13.9,6308.0,2.18,97.82,0,WiFi
7486,5,61,2025-11-08 08:22:07.798498,24.8,9280.0,0.57,99.43,0,Cellular Bonded
7487,220,18,2026-03-20 11:05:44.238363,80.8,6571.0,0.87,99.13,0,Cellular Bonded
7488,48,21,2026-08-13 15:50:59.928216,50.8,6512.0,0.42,99.58,0,Cellular Bonded
7489,78,17,2026-02-09 06:35:16.618759,1.0,7211.0,0.33,99.67,0,Cellular Bonded
7490,2,35,2026-04-28 11:25:34.993454,47.1,8209.0,0.15,99.85,0,Cellular Bonded
7491,17,29,2025-09-21 18:05:56.693069,11.1,5479.0,0.43,99.57,0,Cellular Bonded
7492,188,39,2026-03-22 15:54:40.327027,59.1,11409.0,0.24,99.76,0,Cellular Bonded
7493,183,20,2026-01-05 09:34:44.681677,1.0,7584.0,0.11,99.89,0,Cellular Bonded
7494,45,120,2026-08-18 06:16:50.214817,37.7,9087.0,0.07,99.93,0,Satellite Hybrid
7495,159,17,2026-05-01 18:22:21.200447,56.0,4198.0,0.32,99.68,0,Cellular Bonded
7496,20,95,2025-12-05 03:40:16.659092,19.5,6465.0,0.25,99.75,0,Wired IP
7497,43,75,2025-10-02 22:54:48.109042,121.2,4858.0,0.4,99.6,0,WiFi
7498,1,50,2025-12-14 23:02:23.937357,95.4,7021.0,0.31,99.69,0,Cellular Bonded
7499,99,95,2026-05-05 19:00:58.042955,26.7,5528.0,0.83,99.17,0,Satellite Hybrid
7500,201,6,2026-06-28 23:30:48.757966,1.0,11267.0,0.02,99.98,0,Cellular Bonded
7501,252,60,2026-03-02 10:50:05.646524,15.3,7234.0,0.04,99.96,0,Cellular Bonded
7502,150,37,2026-01-13 04:48:22.943417,55.5,8336.0,0.24,99.76,0,WiFi
7503,270,112,2026-05-01 00:53:37.624916,28.5,5328.0,0.86,99.14,0,WiFi
7504,146,27,2026-01-08 23:45:27.802078,39.0,10291.0,2.3,97.7,0,Cellular Bonded
7505,237,74,2026-06-12 15:28:52.374199,151.7,11299.0,0.6,99.4,0,Cellular Bonded
7506,134,74,2026-05-31 05:42:40.276698,102.0,8158.0,0.03,99.97,0,Wired IP
7507,264,73,2026-02-27 17:47:55.457505,100.9,9902.0,0.03,99.97,0,Cellular Bonded
7508,115,57,2025-09-10 13:49:28.863684,114.9,9447.0,0.11,99.89,0,WiFi
7509,17,29,2026-06-19 19:54:23.449301,64.9,6125.0,0.16,99.84,0,Satellite Hybrid
7510,174,90,2026-03-02 23:43:11.315759,1.0,4460.0,0.16,99.84,0,Cellular Bonded
7511,243,24,2026-06-13 03:26:16.224955,1.0,9662.0,0.41,99.59,0,Cellular Bonded
7512,184,92,2026-04-13 03:14:43.338894,12.1,2658.0,0.14,99.86,0,Cellular Bonded
7513,157,86,2026-05-20 07:10:38.217623,13.3,7726.0,0.66,99.34,0,Cellular Bonded
7514,206,45,2025-11-01 23:18:13.472290,50.5,8716.0,0.69,99.31,0,Wired IP
7515,121,39,2026-04-15 15:32:09.032378,11.8,5731.0,0.42,99.58,0,Satellite Hybrid
7516,159,17,2025-09-30 01:36:39.335495,128.5,7686.0,0.18,99.82,0,Cellular Bonded
7517,108,25,2026-06-28 21:41:58.650942,51.9,6587.0,2.01,97.99,0,WiFi
7518,77,30,2026-04-29 00:28:49.962497,69.5,9878.0,0.4,99.6,0,Cellular Bonded
7519,19,12,2025-08-20 04:21:55.150889,68.0,11395.0,0.7,99.3,0,Wired IP
7520,61,113,2026-01-28 11:54:40.684120,81.9,13390.0,0.18,99.82,0,Cellular Bonded
7521,230,118,2025-12-10 23:15:26.467471,44.6,8457.0,1.25,98.75,0,Satellite Hybrid
7522,38,68,2025-09-01 12:39:13.002335,70.6,9393.0,0.66,99.34,0,Cellular Bonded
7523,171,39,2026-03-16 03:59:01.828897,177.6,8011.0,0.2,99.8,0,Cellular Bonded
7524,297,11,2026-04-13 11:28:45.345417,46.6,5785.0,1.01,98.99,0,Satellite Hybrid
7525,247,92,2025-09-19 07:07:03.326372,13.0,3764.0,0.73,99.27,0,Cellular Bonded
7526,63,96,2025-11-19 23:11:24.999122,164.0,5656.0,0.39,99.61,0,WiFi
7527,283,56,2026-05-20 03:19:37.090451,40.9,6030.0,0.11,99.89,0,Cellular Bonded
7528,155,109,2025-09-18 02:59:22.714854,89.8,4518.0,0.18,99.82,0,WiFi
7529,108,25,2025-10-02 18:21:49.122692,6.5,8463.0,0.25,99.75,0,Satellite Hybrid
7530,18,13,2025-12-05 05:33:04.243303,70.2,8354.0,0.22,99.78,0,Satellite Hybrid
7531,201,6,2026-08-05 23:13:43.603395,102.4,4442.0,0.98,99.02,0,Satellite Hybrid
7532,34,34,2025-10-19 21:07:50.529219,105.2,4579.0,0.93,99.07,0,Cellular Bonded
7533,130,18,2026-08-09 22:04:59.192662,1.0,7506.0,0.11,99.89,0,Cellular Bonded
7534,255,92,2026-04-15 11:49:47.419848,12.8,6805.0,0.21,99.79,0,Satellite Hybrid
7535,204,45,2025-11-16 21:23:35.559359,100.7,4322.0,0.13,99.87,0,Cellular Bonded
7536,166,31,2025-09-04 02:10:57.824357,151.9,10391.0,0.59,99.41,0,WiFi
7537,168,61,2026-07-29 11:47:25.972650,32.7,8089.0,0.33,99.67,0,Cellular Bonded
7538,217,19,2026-07-14 11:03:26.337221,20.0,5849.0,0.26,99.74,0,WiFi
7539,291,118,2025-12-03 08:09:35.347854,89.2,7796.0,0.1,99.9,0,Cellular Bonded
7540,95,9,2026-03-01 04:58:18.096727,99.5,8568.0,0.45,94.55,1,WiFi
7541,85,13,2025-10-08 06:59:11.082294,88.1,10619.0,0.57,99.43,0,Wired IP
7542,213,75,2026-02-13 06:28:18.901883,52.0,3770.0,1.09,98.91,0,Cellular Bonded
7543,172,91,2025-12-10 11:20:31.752148,39.6,11618.0,0.01,99.99,0,Wired IP
7544,72,13,2026-07-16 17:03:24.294654,76.5,6995.0,0.19,99.81,0,WiFi
7545,254,28,2026-08-17 02:37:19.229857,93.3,11324.0,1.12,98.88,0,Cellular Bonded
7546,104,117,2026-03-27 12:22:18.333637,89.3,10654.0,0.15,99.85,0,Cellular Bonded
7547,214,101,2026-02-20 14:59:00.758973,117.4,10006.0,0.08,94.92,1,Cellular Bonded
7548,5,61,2026-04-26 08:39:06.712404,52.8,6531.0,0.07,99.93,0,Cellular Bonded
7549,176,39,2026-04-17 02:52:58.609571,102.7,7622.0,0.51,99.49,0,Cellular Bonded
7550,191,77,2025-09-03 13:38:53.994345,84.0,10042.0,0.41,99.59,0,Cellular Bonded
7551,54,64,2025-08-31 15:32:47.771206,136.5,7893.0,0.09,99.91,0,Cellular Bonded
7552,257,41,2025-10-08 22:51:49.552962,68.3,5442.0,0.34,99.66,0,Cellular Bonded
7553,76,105,2026-06-26 17:50:59.631536,163.1,5860.0,2.3,97.7,0,Satellite Hybrid
7554,259,64,2025-11-04 19:11:38.078649,35.5,9513.0,0.3,99.7,0,Cellular Bonded
7555,201,6,2025-10-06 05:30:46.490077,163.2,5291.0,0.88,99.12,0,WiFi
7556,101,83,2026-03-07 18:23:26.240832,107.0,5843.0,0.32,99.68,0,WiFi
7557,21,46,2026-03-22 06:18:37.267870,31.8,7548.0,0.39,99.61,0,Satellite Hybrid
7558,281,66,2025-11-27 11:58:29.066325,50.9,13290.0,0.19,99.81,0,WiFi
7559,234,57,2026-05-11 09:22:35.279384,89.1,10180.0,0.03,99.97,0,Cellular Bonded
7560,171,39,2026-01-19 06:58:42.898043,59.7,7032.0,0.42,94.58,1,Cellular Bonded
7561,33,90,2026-03-06 22:55:25.059805,83.3,12522.0,0.32,99.68,0,Cellular Bonded
7562,214,101,2025-11-21 09:28:49.100569,32.5,2836.0,0.05,99.95,0,WiFi
7563,293,18,2026-04-12 10:19:17.905490,75.9,8998.0,0.35,99.65,0,Satellite Hybrid
7564,162,45,2025-10-16 20:33:23.229818,2.6,7569.0,0.19,99.81,0,Wired IP
7565,115,57,2026-01-31 17:18:47.702229,70.6,5116.0,0.81,99.19,0,Cellular Bonded
7566,154,112,2026-07-29 02:33:19.912926,111.5,8936.0,0.32,99.68,0,WiFi
7567,20,95,2026-04-22 04:44:10.616937,116.2,5904.0,0.02,99.98,0,Cellular Bonded
7568,297,11,2026-07-27 10:46:14.342144,34.1,13193.0,0.7,99.3,0,Cellular Bonded
7569,136,108,2025-10-09 12:40:35.262323,43.9,8975.0,1.06,93.94,1,Cellular Bonded
7570,118,53,2025-10-31 14:52:49.920727,93.4,6346.0,1.18,98.82,0,Wired IP
7571,231,3,2026-04-05 01:20:37.615187,95.0,5144.0,0.32,99.68,0,WiFi
7572,2,35,2025-11-24 13:55:18.593892,1.0,4729.0,0.86,99.14,0,Wired IP
7573,39,58,2026-04-06 08:27:34.388170,92.4,10402.0,0.45,99.55,0,Cellular Bonded
7574,141,13,2026-04-10 21:32:44.271826,94.0,11278.0,0.14,99.86,0,WiFi
7575,280,25,2026-05-06 00:56:44.629403,119.6,2567.0,0.95,99.05,0,Cellular Bonded
7576,9,12,2026-03-11 23:46:05.996291,16.8,8137.0,0.08,99.92,0,WiFi
7577,157,86,2026-04-11 16:49:07.462397,72.6,4943.0,0.44,99.56,0,WiFi
7578,27,81,2026-02-20 22:19:02.375318,94.5,7827.0,0.26,99.74,0,Cellular Bonded
7579,298,85,2025-10-17 02:53:48.251850,134.0,10541.0,0.28,99.72,0,WiFi
7580,283,56,2026-06-14 03:26:40.629399,37.3,9467.0,0.03,99.97,0,Cellular Bonded
7581,60,82,2025-12-11 17:20:32.006736,1.0,8836.0,0.52,99.48,0,Cellular Bonded
7582,200,117,2026-06-01 19:27:59.873127,102.5,5088.0,0.32,99.68,0,WiFi
7583,169,108,2026-01-03 13:37:00.420122,69.4,4952.0,0.09,99.91,0,Satellite Hybrid
7584,103,16,2026-08-05 03:26:32.869457,26.8,3819.0,0.28,94.72,1,Satellite Hybrid
7585,220,18,2025-11-16 14:02:21.372376,40.6,7895.0,0.17,99.83,0,Cellular Bonded
7586,126,87,2025-11-24 20:16:41.918527,79.9,6984.0,0.4,99.6,0,Cellular Bonded
7587,11,65,2026-02-28 05:54:38.899347,1.0,5154.0,1.52,98.48,0,WiFi
7588,133,9,2026-04-24 22:02:12.369636,84.7,11421.0,0.28,99.72,0,Satellite Hybrid
7589,150,37,2026-01-13 17:30:58.781996,16.2,11763.0,0.61,99.39,0,Wired IP
7590,213,75,2025-12-16 11:12:35.682752,1.0,10921.0,0.48,99.52,0,Cellular Bonded
7591,219,57,2025-09-19 17:13:15.547334,67.7,8499.0,0.03,99.97,0,Cellular Bonded
7592,84,86,2026-07-16 03:35:03.946021,31.4,10369.0,0.02,99.98,0,Cellular Bonded
7593,148,5,2026-05-29 06:22:13.525642,44.5,9720.0,0.5,99.5,0,Cellular Bonded
7594,278,69,2025-10-10 15:42:36.018802,58.8,7126.0,0.15,99.85,0,Wired IP
7595,36,105,2026-06-05 13:49:15.767711,80.3,7861.0,0.21,99.79,0,Cellular Bonded
7596,80,62,2025-11-26 03:07:49.794420,76.7,6872.0,0.24,99.76,0,Satellite Hybrid
7597,2,35,2025-09-22 23:49:49.531673,12.6,8099.0,0.08,99.92,0,Wired IP
7598,34,34,2026-08-10 18:57:09.794588,75.0,10209.0,0.0,100.0,0,Cellular Bonded
7599,139,7,2025-11-07 08:37:52.650472,1.0,11769.0,1.04,98.96,0,Cellular Bonded
7600,59,36,2026-07-31 16:15:12.654841,12.6,10723.0,0.33,99.67,0,WiFi
7601,173,74,2026-05-30 23:13:11.525418,19.1,7518.0,0.29,99.71,0,Wired IP
7602,274,35,2025-10-02 07:43:51.970444,23.0,8250.0,0.7,99.3,0,Cellular Bonded
7603,63,96,2026-02-26 10:09:15.335637,22.5,3165.0,0.17,99.83,0,Cellular Bonded
7604,143,42,2026-07-03 20:02:48.811608,39.9,9678.0,0.25,99.75,0,Cellular Bonded
7605,183,20,2026-03-21 04:24:43.831654,24.8,8050.0,0.13,99.87,0,Cellular Bonded
7606,181,92,2026-06-08 18:02:54.185657,56.0,6309.0,0.28,99.72,0,Cellular Bonded
7607,97,28,2025-09-22 02:44:56.202309,26.0,5393.0,0.4,99.6,0,WiFi
7608,129,75,2025-12-23 14:25:21.872333,80.0,8151.0,1.16,98.84,0,Cellular Bonded
7609,45,120,2026-03-15 02:22:33.427288,89.2,7019.0,0.01,99.99,0,Satellite Hybrid
7610,84,86,2025-11-29 04:17:02.257655,69.5,8714.0,0.04,99.96,0,WiFi
7611,83,89,2025-11-25 04:24:53.663787,92.6,7494.0,0.13,99.87,0,Cellular Bonded
7612,274,35,2025-09-23 09:38:11.554648,30.9,10165.0,0.08,99.92,0,Cellular Bonded
7613,180,114,2025-09-04 17:55:34.924071,96.3,7945.0,0.13,94.87,1,Cellular Bonded
7614,200,117,2025-12-12 07:40:32.143164,42.7,8379.0,0.28,99.72,0,Cellular Bonded
7615,222,105,2026-05-19 16:51:01.718713,15.1,7773.0,0.04,99.96,0,WiFi
7616,263,17,2025-10-23 04:35:10.866714,94.9,6420.0,0.57,99.43,0,Cellular Bonded
7617,207,61,2026-06-08 11:48:01.264375,50.6,11367.0,0.08,99.92,0,Wired IP
7618,98,78,2026-04-22 16:00:17.064935,65.5,9378.0,0.25,99.75,0,Wired IP
7619,248,36,2026-06-02 03:54:22.808797,3.9,9569.0,0.22,99.78,0,WiFi
7620,35,115,2026-03-07 14:53:44.172002,104.7,5080.0,0.03,99.97,0,WiFi
7621,117,109,2026-07-06 05:04:26.027947,1.9,8996.0,0.43,99.57,0,Cellular Bonded
7622,254,28,2026-01-12 05:20:00.741194,25.1,3815.0,0.6,99.4,0,Cellular Bonded
7623,235,75,2026-03-22 10:55:38.097282,58.6,8089.0,0.63,99.37,0,Wired IP
7624,189,1,2025-11-20 19:20:42.992144,140.0,7896.0,0.25,99.75,0,Cellular Bonded
7625,22,2,2026-04-25 21:30:29.784978,67.7,4848.0,1.06,93.94,1,Wired IP
7626,97,28,2026-05-05 14:14:13.743732,55.5,7437.0,0.22,94.78,1,WiFi
7627,182,58,2026-04-15 06:36:16.249473,103.0,7635.0,0.51,94.49,1,Satellite Hybrid
7628,191,77,2025-10-09 07:38:57.681661,80.2,7856.0,0.16,99.84,0,Satellite Hybrid
7629,213,75,2026-03-13 10:05:57.093494,71.9,4884.0,0.32,99.68,0,Wired IP
7630,4,33,2025-11-23 20:08:20.323498,62.1,7075.0,0.15,99.85,0,Satellite Hybrid
7631,238,96,2026-07-19 12:09:08.811787,141.1,7644.0,0.24,99.76,0,Cellular Bonded
7632,50,10,2026-04-08 13:40:13.952004,58.3,8576.0,0.1,99.9,0,Satellite Hybrid
7633,288,119,2025-12-31 08:35:50.653957,15.8,11390.0,0.29,99.71,0,Cellular Bonded
7634,70,113,2026-05-29 01:36:54.228183,49.6,6660.0,0.99,99.01,0,WiFi
7635,284,30,2026-04-22 19:32:18.250753,54.0,6651.0,0.67,99.33,0,Cellular Bonded
7636,175,19,2026-01-17 21:56:19.310825,48.8,4953.0,0.05,99.95,0,Cellular Bonded
7637,17,29,2026-02-01 08:22:19.051336,21.5,11638.0,0.08,99.92,0,Cellular Bonded
7638,163,4,2026-01-25 11:25:58.865037,60.9,8160.0,0.03,99.97,0,Cellular Bonded
7639,275,6,2025-12-25 11:06:51.091898,9.5,6961.0,0.01,99.99,0,Cellular Bonded
7640,151,38,2026-02-05 07:41:03.996979,33.2,7695.0,0.5,94.5,1,Satellite Hybrid
7641,55,99,2025-11-30 22:32:15.085252,96.0,1213.0,0.43,99.57,0,Wired IP
7642,154,112,2026-07-31 23:33:19.580405,73.9,11789.0,0.59,99.41,0,Cellular Bonded
7643,71,55,2026-02-24 06:37:51.482772,20.8,5806.0,0.2,99.8,0,Cellular Bonded
7644,195,113,2026-05-07 12:10:51.341404,58.2,7635.0,1.29,98.71,0,Cellular Bonded
7645,144,9,2026-07-21 11:12:05.533946,98.5,8005.0,0.37,99.63,0,Cellular Bonded
7646,211,118,2025-11-09 17:54:54.396800,33.9,11222.0,0.09,99.91,0,WiFi
7647,272,13,2026-04-07 06:29:48.944486,75.4,5956.0,0.26,99.74,0,Wired IP
7648,256,101,2025-09-18 23:25:11.369389,84.1,7708.0,0.21,99.79,0,WiFi
7649,154,112,2025-12-07 19:36:36.509909,37.5,8598.0,0.54,99.46,0,Cellular Bonded
7650,14,74,2026-05-26 12:43:42.592780,117.6,6701.0,1.16,98.84,0,Satellite Hybrid
7651,168,61,2026-06-22 18:53:05.658574,100.3,16695.0,0.68,99.32,0,Wired IP
7652,48,21,2026-04-06 22:05:56.240779,10.7,11735.0,0.1,99.9,0,Cellular Bonded
7653,269,92,2025-09-15 05:37:41.200010,70.7,8155.0,0.17,99.83,0,Satellite Hybrid
7654,52,73,2025-11-13 20:40:27.215014,1.0,12835.0,0.4,99.6,0,Cellular Bonded
7655,49,36,2025-09-21 10:02:32.067841,120.8,10837.0,0.72,99.28,0,WiFi
7656,171,39,2026-03-16 06:02:54.675913,44.1,3214.0,0.05,99.95,0,Cellular Bonded
7657,64,24,2025-09-18 02:46:07.697378,27.2,8124.0,0.34,99.66,0,Cellular Bonded
7658,109,52,2025-11-30 14:02:59.757381,62.2,6765.0,0.13,99.87,0,Cellular Bonded
7659,41,114,2026-07-23 13:48:50.584251,23.5,5400.0,0.18,99.82,0,Cellular Bonded
7660,142,40,2026-06-09 07:37:01.077574,30.8,7632.0,0.0,100.0,0,WiFi
7661,282,10,2025-08-22 03:25:03.462347,109.0,4059.0,0.15,99.85,0,Wired IP
7662,41,114,2026-07-30 10:35:14.545432,101.6,3979.0,0.1,99.9,0,Cellular Bonded
7663,282,10,2026-04-22 09:10:53.503840,14.4,8791.0,0.05,99.95,0,Wired IP
7664,280,25,2026-07-24 14:48:14.102316,77.2,9872.0,0.79,99.21,0,Cellular Bonded
7665,283,56,2025-10-07 00:57:55.954272,27.7,10492.0,0.31,99.69,0,WiFi
7666,52,73,2026-02-15 22:58:24.339304,1.0,3177.0,0.95,99.05,0,Wired IP
7667,21,46,2026-04-25 08:02:49.886322,71.1,6569.0,0.23,99.77,0,Cellular Bonded
7668,216,99,2026-04-22 06:54:48.020734,50.7,7599.0,0.41,99.59,0,Cellular Bonded
7669,171,39,2026-02-28 14:08:20.121429,21.5,7327.0,0.23,99.77,0,Cellular Bonded
7670,27,81,2025-10-02 18:08:23.797698,12.9,6655.0,0.04,99.96,0,Cellular Bonded
7671,49,36,2025-08-23 07:30:05.709267,43.1,8536.0,0.19,99.81,0,Cellular Bonded
7672,3,33,2025-10-26 15:54:59.024197,107.3,8653.0,0.33,99.67,0,Cellular Bonded
7673,245,117,2026-06-17 17:33:41.339191,105.8,3029.0,0.66,99.34,0,Cellular Bonded
7674,185,72,2025-08-20 21:35:29.735905,107.8,9228.0,1.5,98.5,0,Cellular Bonded
7675,55,99,2026-01-20 08:56:42.622175,42.5,5294.0,0.84,99.16,0,Cellular Bonded
7676,288,119,2026-03-01 06:55:13.242979,5.9,5679.0,0.7,99.3,0,WiFi
7677,127,93,2025-12-22 04:47:03.431118,49.9,10741.0,0.36,99.64,0,Cellular Bonded
7678,87,19,2026-08-16 04:03:38.324595,1.0,7454.0,0.49,99.51,0,Cellular Bonded
7679,292,65,2026-04-16 14:14:30.772831,6.8,5585.0,0.07,99.93,0,Cellular Bonded
7680,54,64,2026-07-20 05:49:33.750039,55.1,3911.0,0.41,99.59,0,Satellite Hybrid
7681,9,12,2026-08-17 23:23:31.594804,133.6,8383.0,0.75,99.25,0,Wired IP
7682,65,23,2026-07-29 04:18:56.173746,72.0,7969.0,0.52,99.48,0,WiFi
7683,261,118,2026-04-24 22:54:10.194880,93.5,8606.0,1.18,98.82,0,Cellular Bonded
7684,209,21,2025-09-02 16:48:03.615616,93.2,7974.0,0.19,94.81,1,Cellular Bonded
7685,268,77,2026-01-29 00:20:40.390805,73.5,5824.0,0.48,99.52,0,Cellular Bonded
7686,296,49,2025-10-18 18:13:37.299730,92.2,8739.0,0.11,99.89,0,Cellular Bonded
7687,97,28,2026-07-23 19:02:19.290870,93.0,5746.0,0.36,99.64,0,Cellular Bonded
7688,122,14,2026-05-24 00:33:31.152059,60.2,11268.0,0.48,99.52,0,Cellular Bonded
7689,109,52,2026-07-14 03:51:55.779948,41.6,9955.0,0.18,99.82,0,Cellular Bonded
7690,199,38,2025-10-21 01:15:43.611395,79.0,7312.0,0.05,99.95,0,Satellite Hybrid
7691,271,29,2025-12-30 05:26:25.880795,78.1,11185.0,0.16,99.84,0,WiFi
7692,70,113,2025-10-05 21:43:21.444901,14.7,7992.0,0.15,99.85,0,Satellite Hybrid
7693,211,118,2025-12-25 04:53:41.777048,89.4,13026.0,0.13,99.87,0,Satellite Hybrid
7694,148,5,2025-09-05 19:42:44.350042,19.7,6275.0,1.16,98.84,0,Cellular Bonded
7695,64,24,2026-02-15 02:50:47.396003,93.8,7254.0,0.06,99.94,0,Satellite Hybrid
7696,131,111,2025-10-19 11:19:30.496504,36.8,10212.0,0.74,99.26,0,WiFi
7697,255,92,2026-08-07 05:28:25.318461,23.4,7905.0,1.4,93.6,1,Satellite Hybrid
7698,59,36,2025-12-19 14:33:49.268565,105.7,8113.0,0.22,99.78,0,Satellite Hybrid
7699,98,78,2026-04-23 02:58:02.066344,52.7,10581.0,0.59,99.41,0,Cellular Bonded
7700,66,62,2026-06-17 20:26:37.388001,68.9,12746.0,0.07,99.93,0,Cellular Bonded
7701,298,85,2026-06-24 19:20:44.353289,137.0,7096.0,0.37,99.63,0,Wired IP
7702,128,107,2026-06-27 08:55:38.700537,108.5,7127.0,0.02,99.98,0,Cellular Bonded
7703,21,46,2025-12-02 02:58:03.086397,1.0,7337.0,0.27,99.73,0,Cellular Bonded
7704,128,107,2026-02-10 14:21:28.682125,70.8,10978.0,0.23,99.77,0,Wired IP
7705,37,7,2025-11-22 21:11:34.820043,29.2,11606.0,0.45,99.55,0,Satellite Hybrid
7706,69,12,2025-08-19 01:17:47.857591,117.7,4431.0,0.67,99.33,0,Cellular Bonded
7707,142,40,2026-04-05 15:26:00.986448,27.0,6425.0,0.61,99.39,0,WiFi
7708,295,111,2026-01-08 22:13:26.226890,135.4,6197.0,0.39,94.61,1,Cellular Bonded
7709,108,25,2026-07-21 04:34:54.651402,55.2,3250.0,0.01,99.99,0,Cellular Bonded
7710,8,101,2026-07-23 09:36:31.633551,81.0,5312.0,0.1,99.9,0,Cellular Bonded
7711,175,19,2026-08-03 08:39:53.273619,109.5,9021.0,0.32,99.68,0,Cellular Bonded
7712,74,89,2026-02-22 10:15:03.618192,91.8,7471.0,0.37,99.63,0,WiFi
7713,64,24,2026-07-10 08:55:12.217315,45.7,7433.0,0.18,99.82,0,Cellular Bonded
7714,167,19,2026-07-25 16:50:59.830387,30.2,6243.0,0.18,99.82,0,Satellite Hybrid
7715,194,63,2026-07-10 00:49:31.349188,68.9,8536.0,0.6,99.4,0,Cellular Bonded
7716,141,13,2026-06-23 22:05:52.645330,52.5,6518.0,0.21,99.79,0,WiFi
7717,104,117,2025-09-08 05:26:54.559593,96.1,6581.0,0.21,99.79,0,Cellular Bonded
7718,75,99,2025-08-20 09:20:01.220390,159.2,4391.0,0.58,99.42,0,Cellular Bonded
7719,181,92,2026-02-02 06:51:49.820253,27.4,6495.0,1.58,98.42,0,Wired IP
7720,125,35,2025-12-05 03:33:36.189686,70.4,7438.0,0.14,99.86,0,Wired IP
7721,141,13,2025-09-26 08:34:55.002104,65.2,7673.0,0.16,99.84,0,Cellular Bonded
7722,130,18,2025-12-23 21:37:11.142113,141.9,5929.0,0.01,94.99,1,WiFi
7723,238,96,2026-05-08 22:56:01.449512,34.3,8496.0,1.88,98.12,0,WiFi
7724,31,26,2026-01-12 00:13:27.789718,23.6,10289.0,0.02,99.98,0,Wired IP
7725,269,92,2025-08-21 11:22:36.316122,75.2,7322.0,0.09,99.91,0,Cellular Bonded
7726,212,85,2026-01-22 11:58:37.021640,77.5,8340.0,0.01,99.99,0,Cellular Bonded
7727,148,5,2025-10-29 08:24:02.978129,39.2,9310.0,0.05,99.95,0,Cellular Bonded
7728,144,9,2026-02-27 09:06:56.753415,128.2,8037.0,1.31,98.69,0,Cellular Bonded
7729,8,101,2026-07-12 05:31:54.287213,55.1,5598.0,0.02,99.98,0,Cellular Bonded
7730,272,13,2026-01-15 04:00:54.496665,23.1,9128.0,0.4,99.6,0,Wired IP
7731,233,87,2026-07-17 13:26:03.674911,50.5,10304.0,0.22,99.78,0,Cellular Bonded
7732,115,57,2025-08-20 18:15:50.894148,74.0,11161.0,0.04,99.96,0,Wired IP
7733,142,40,2026-05-26 02:49:17.952345,69.8,8318.0,0.2,99.8,0,Cellular Bonded
7734,200,117,2025-11-17 13:08:33.032694,26.0,9611.0,0.2,99.8,0,Cellular Bonded
7735,246,8,2026-02-06 01:29:39.305511,2.4,5737.0,0.17,99.83,0,WiFi
7736,69,12,2026-01-01 21:01:55.981198,101.6,6547.0,0.34,94.66,1,WiFi
7737,121,39,2025-12-29 07:03:15.023857,46.6,7595.0,0.21,99.79,0,Cellular Bonded
7738,197,56,2026-07-09 22:11:33.035748,121.8,8898.0,0.27,99.73,0,Cellular Bonded
7739,283,56,2026-03-02 01:20:26.896971,71.7,9876.0,0.17,99.83,0,Cellular Bonded
7740,75,99,2025-11-24 14:38:24.420321,106.3,7392.0,1.4,98.6,0,Cellular Bonded
7741,190,3,2026-08-14 09:32:46.822503,35.9,10089.0,0.19,99.81,0,Cellular Bonded
7742,51,101,2026-04-14 19:21:41.976554,75.4,5482.0,0.77,99.23,0,Satellite Hybrid
7743,265,33,2026-01-25 14:54:30.332924,89.8,9795.0,0.12,99.88,0,Cellular Bonded
7744,207,61,2025-10-08 07:09:21.526712,88.7,8177.0,0.84,94.16,1,Cellular Bonded
7745,291,118,2026-05-17 22:57:25.496453,3.3,10229.0,0.33,99.67,0,Cellular Bonded
7746,55,99,2025-08-20 08:37:30.138482,73.3,10954.0,0.16,99.84,0,Cellular Bonded
7747,145,50,2026-07-06 18:41:53.748471,70.7,8832.0,0.18,99.82,0,Wired IP
7748,126,87,2026-05-04 03:09:54.159668,107.9,6680.0,0.61,99.39,0,WiFi
7749,285,114,2025-09-27 15:15:33.182445,35.7,8793.0,2.12,97.88,0,Cellular Bonded
7750,295,111,2025-11-30 05:43:02.573072,6.1,9410.0,0.07,99.93,0,Satellite Hybrid
7751,272,13,2025-10-06 00:53:23.938657,49.1,10712.0,0.03,99.97,0,Satellite Hybrid
7752,255,92,2026-01-18 22:34:28.915772,34.3,10508.0,0.47,99.53,0,Cellular Bonded
7753,2,35,2025-12-17 03:28:12.950134,48.5,2470.0,0.61,99.39,0,Cellular Bonded
7754,11,65,2025-08-29 18:37:32.117959,150.8,6067.0,0.39,99.61,0,Cellular Bonded
7755,284,30,2026-04-18 10:18:56.578226,113.0,4969.0,0.73,99.27,0,Cellular Bonded
7756,175,19,2026-07-30 10:24:17.064079,115.9,4992.0,0.56,94.44,1,WiFi
7757,100,52,2026-08-03 13:36:18.759517,52.8,13360.0,0.42,99.58,0,Cellular Bonded
7758,157,86,2026-08-12 01:07:15.570747,73.0,8940.0,0.16,99.84,0,Satellite Hybrid
7759,218,20,2025-09-30 14:27:23.709611,71.3,12924.0,0.55,99.45,0,Cellular Bonded
7760,140,46,2026-02-12 18:25:32.439157,96.9,6348.0,1.12,98.88,0,Wired IP
7761,206,45,2026-02-15 03:22:11.387723,33.0,9294.0,0.18,99.82,0,Cellular Bonded
7762,290,33,2026-04-24 02:23:16.778942,35.3,13185.0,0.34,99.66,0,Wired IP
7763,50,10,2025-10-03 18:09:57.654035,1.0,5936.0,0.07,99.93,0,Cellular Bonded
7764,101,83,2026-05-19 09:59:26.055805,131.4,8309.0,0.33,99.67,0,Wired IP
7765,167,19,2026-05-30 02:13:39.142669,99.4,3830.0,0.43,99.57,0,Cellular Bonded
7766,173,74,2026-01-11 05:01:11.282945,124.9,3734.0,0.01,99.99,0,Wired IP
7767,124,5,2026-05-10 06:07:52.373266,65.5,4251.0,0.16,99.84,0,Cellular Bonded
7768,253,50,2026-05-16 01:25:06.966395,60.3,7539.0,0.04,99.96,0,Cellular Bonded
7769,288,119,2026-06-15 15:06:53.937095,90.4,12286.0,0.16,94.84,1,Cellular Bonded
7770,40,117,2025-10-05 05:04:00.826058,70.2,7330.0,0.09,99.91,0,Cellular Bonded
7771,71,55,2026-08-02 19:54:20.893341,46.8,6886.0,0.05,99.95,0,Satellite Hybrid
7772,23,115,2026-06-03 14:38:54.422398,100.7,4838.0,0.2,99.8,0,WiFi
7773,212,85,2025-10-03 06:41:08.055143,122.7,6125.0,0.19,99.81,0,Cellular Bonded
7774,38,68,2025-12-21 20:32:53.973829,98.2,7088.0,1.21,98.79,0,Satellite Hybrid
7775,281,66,2025-08-23 05:17:59.624530,51.7,3242.0,0.11,99.89,0,Cellular Bonded
7776,70,113,2026-04-25 02:03:10.592418,134.1,7882.0,0.1,99.9,0,Wired IP
7777,110,85,2025-09-06 05:38:27.147119,73.7,4906.0,0.6,99.4,0,Cellular Bonded
7778,50,10,2026-06-17 03:52:47.444866,56.1,7747.0,1.15,93.85,1,Cellular Bonded
7779,6,51,2026-01-22 02:00:00.977852,39.4,8250.0,0.24,99.76,0,Cellular Bonded
7780,210,80,2026-03-24 04:46:32.567063,55.1,5237.0,0.13,99.87,0,WiFi
7781,144,9,2025-08-21 04:03:45.837022,59.9,10006.0,0.08,99.92,0,WiFi
7782,231,3,2026-02-09 12:40:25.424556,49.4,9187.0,0.5,99.5,0,Satellite Hybrid
7783,48,21,2025-11-29 06:16:10.554653,97.2,9713.0,0.43,99.57,0,Wired IP
7784,122,14,2025-09-17 09:30:27.905729,50.2,9246.0,0.98,99.02,0,Cellular Bonded
7785,48,21,2026-01-21 19:45:09.706094,93.9,9176.0,0.23,99.77,0,Cellular Bonded
7786,275,6,2026-03-31 16:36:22.092923,108.4,3733.0,0.05,99.95,0,WiFi
7787,124,5,2026-05-11 10:38:22.256743,72.6,9893.0,0.43,99.57,0,Cellular Bonded
7788,142,40,2025-10-25 10:47:49.172673,1.0,5041.0,0.89,99.11,0,Satellite Hybrid
7789,4,33,2025-11-28 20:46:04.935281,67.3,11295.0,0.15,99.85,0,Cellular Bonded
7790,251,58,2025-09-29 05:24:26.944693,95.5,7116.0,0.5,99.5,0,WiFi
7791,111,100,2025-11-22 10:30:14.900018,48.3,8749.0,0.07,99.93,0,Cellular Bonded
7792,170,54,2026-05-01 02:46:02.517693,49.3,7551.0,0.07,99.93,0,Wired IP
7793,258,100,2026-04-18 11:24:58.844471,1.0,10477.0,0.3,99.7,0,Cellular Bonded
7794,295,111,2026-01-21 21:33:58.110528,35.4,8365.0,0.93,99.07,0,Cellular Bonded
7795,219,57,2026-02-07 05:28:41.001371,85.8,10595.0,0.3,99.7,0,Wired IP
7796,183,20,2026-05-30 23:04:24.891787,102.7,6728.0,0.01,99.99,0,Cellular Bonded
7797,285,114,2025-09-24 20:40:09.640558,132.2,6514.0,0.14,99.86,0,Cellular Bonded
7798,14,74,2026-05-11 21:13:26.378632,38.3,7332.0,0.54,99.46,0,Cellular Bonded
7799,293,18,2026-03-29 07:32:54.566932,88.4,10348.0,0.02,94.98,1,Cellular Bonded
7800,141,13,2025-10-26 02:38:36.499173,152.2,7748.0,0.09,99.91,0,WiFi
7801,81,84,2026-06-26 07:13:14.249561,18.2,11740.0,0.13,99.87,0,Wired IP
7802,24,114,2026-04-04 19:33:32.316266,57.5,5412.0,0.58,99.42,0,Cellular Bonded
7803,101,83,2025-10-11 12:42:19.285376,66.8,9882.0,0.28,99.72,0,Cellular Bonded
7804,102,111,2025-10-01 05:04:39.377819,96.2,2485.0,0.15,99.85,0,Cellular Bonded
7805,236,12,2026-01-11 17:20:51.572710,116.9,8180.0,0.78,99.22,0,Cellular Bonded
7806,231,3,2025-11-26 05:00:46.117432,60.6,6375.0,1.13,98.87,0,WiFi
7807,69,12,2025-10-27 09:22:49.399624,19.8,11916.0,0.31,94.69,1,Cellular Bonded
7808,105,69,2025-10-10 14:39:15.465870,131.9,8303.0,0.33,99.67,0,Cellular Bonded
7809,154,112,2025-08-24 16:27:08.217557,45.8,9952.0,0.26,99.74,0,Wired IP
7810,222,105,2025-10-30 02:47:26.175025,1.0,9017.0,0.14,99.86,0,Satellite Hybrid
7811,33,90,2026-06-29 18:15:31.284137,132.0,7035.0,0.01,99.99,0,Wired IP
7812,82,112,2026-01-04 01:58:34.642256,137.7,9668.0,0.37,99.63,0,Wired IP
7813,4,33,2026-02-25 20:58:24.494296,65.9,8262.0,0.46,99.54,0,Satellite Hybrid
7814,18,13,2026-04-30 19:47:08.606162,26.1,6504.0,0.21,99.79,0,WiFi
7815,216,99,2026-08-11 00:33:07.533352,65.9,6282.0,0.21,99.79,0,Cellular Bonded
7816,81,84,2025-11-07 04:41:09.305606,94.4,10901.0,0.09,99.91,0,WiFi
7817,79,113,2026-01-20 18:33:19.743809,1.0,6306.0,0.26,99.74,0,Wired IP
7818,223,49,2025-09-09 15:12:15.906883,100.2,7447.0,0.56,99.44,0,Cellular Bonded
7819,86,59,2026-01-21 03:17:23.662609,37.4,9616.0,0.37,99.63,0,Cellular Bonded
7820,267,84,2025-09-06 02:16:25.006490,131.2,9373.0,1.2,98.8,0,Cellular Bonded
7821,272,13,2025-09-27 09:54:32.235505,93.4,11155.0,0.48,99.52,0,Cellular Bonded
7822,300,63,2025-12-28 22:59:52.861635,63.8,9704.0,0.05,99.95,0,WiFi
7823,232,16,2026-07-28 11:17:46.494193,49.8,6007.0,0.1,99.9,0,Cellular Bonded
7824,273,46,2026-05-04 23:53:41.699946,25.4,6892.0,0.63,99.37,0,Cellular Bonded
7825,111,100,2025-11-16 09:24:15.454036,104.8,7707.0,0.31,99.69,0,WiFi
7826,218,20,2026-07-10 23:42:42.682907,92.0,3272.0,0.52,99.48,0,Cellular Bonded
7827,228,117,2025-10-23 14:02:26.349792,91.2,12488.0,0.23,99.77,0,WiFi
7828,134,74,2025-08-18 10:25:01.880771,111.0,5544.0,0.32,99.68,0,Cellular Bonded
7829,11,65,2026-04-16 07:43:45.810588,95.6,8837.0,0.15,99.85,0,WiFi
7830,152,83,2025-12-13 15:35:37.215357,105.8,6700.0,0.02,99.98,0,Cellular Bonded
7831,275,6,2025-11-30 09:22:21.021090,160.6,10140.0,0.74,99.26,0,Cellular Bonded
7832,47,89,2025-11-28 12:11:12.603586,128.1,4889.0,0.21,99.79,0,Cellular Bonded
7833,60,82,2026-03-27 15:26:07.357840,18.5,12037.0,0.01,99.99,0,Cellular Bonded
7834,65,23,2026-01-22 12:53:07.972095,67.3,4226.0,0.08,99.92,0,Cellular Bonded
7835,118,53,2025-11-18 07:47:18.252867,94.8,9518.0,0.63,99.37,0,WiFi
7836,274,35,2026-02-13 13:51:43.141484,152.9,12536.0,1.23,98.77,0,Wired IP
7837,58,112,2025-12-18 06:21:16.072309,47.1,13324.0,0.52,99.48,0,Cellular Bonded
7838,203,44,2025-09-27 22:49:10.794917,67.8,9662.0,0.28,99.72,0,Cellular Bonded
7839,298,85,2026-04-19 10:20:40.514401,76.8,3788.0,0.03,99.97,0,Wired IP
7840,70,113,2026-04-24 13:07:13.580842,1.0,5936.0,0.3,99.7,0,Cellular Bonded
7841,93,19,2026-05-26 11:43:23.213095,59.7,10935.0,0.08,99.92,0,Cellular Bonded
7842,119,42,2025-10-04 19:20:45.165582,105.2,3243.0,0.22,99.78,0,Satellite Hybrid
7843,124,5,2025-12-27 20:38:59.892868,105.8,10110.0,0.2,99.8,0,WiFi
7844,261,118,2026-06-09 22:24:30.009851,66.7,5121.0,0.03,99.97,0,Cellular Bonded
7845,279,47,2026-05-16 10:31:10.754831,127.1,9344.0,0.04,99.96,0,Cellular Bonded
7846,124,5,2026-03-21 05:08:53.949231,46.6,7402.0,0.47,99.53,0,Cellular Bonded
7847,43,75,2026-03-26 23:35:43.533336,81.1,5412.0,0.3,99.7,0,Satellite Hybrid
7848,276,82,2025-11-13 05:02:24.407452,103.9,7460.0,0.42,99.58,0,Wired IP
7849,134,74,2025-11-26 23:16:55.578003,10.6,9134.0,0.34,99.66,0,Cellular Bonded
7850,70,113,2026-03-19 12:59:21.528965,80.7,5719.0,1.18,98.82,0,Satellite Hybrid
7851,23,115,2025-09-19 01:57:02.751206,44.5,9143.0,0.42,99.58,0,WiFi
7852,106,99,2025-09-26 01:35:09.567119,52.6,11633.0,0.21,99.79,0,Wired IP
7853,113,23,2026-04-05 01:15:35.658889,40.3,9547.0,0.09,99.91,0,Wired IP
7854,46,36,2026-03-25 22:22:31.447073,108.4,10835.0,0.13,99.87,0,Wired IP
7855,227,1,2025-09-02 05:15:44.677980,87.7,5848.0,0.5,99.5,0,Cellular Bonded
7856,280,25,2026-08-06 17:13:26.152285,24.7,6616.0,1.52,98.48,0,Cellular Bonded
7857,165,70,2026-07-06 22:46:23.012301,102.9,5809.0,0.38,99.62,0,WiFi
7858,142,40,2026-06-12 15:00:38.974710,105.7,10845.0,0.17,99.83,0,Cellular Bonded
7859,173,74,2025-10-27 15:57:07.629123,117.8,7233.0,1.11,93.89,1,Cellular Bonded
7860,6,51,2026-01-27 23:05:36.030471,71.1,10702.0,0.17,99.83,0,Wired IP
7861,13,40,2025-09-23 05:52:49.254735,61.2,8646.0,0.81,99.19,0,WiFi
7862,16,44,2026-07-28 00:57:06.464316,71.6,7789.0,0.03,99.97,0,Cellular Bonded
7863,85,13,2026-04-01 04:50:49.298329,129.2,5817.0,0.02,99.98,0,Wired IP
7864,300,63,2025-12-06 06:56:41.186666,14.6,10228.0,0.43,99.57,0,Cellular Bonded
7865,98,78,2026-02-07 08:09:22.360161,61.7,7928.0,0.32,99.68,0,Cellular Bonded
7866,51,101,2026-05-23 00:42:26.967088,1.0,3281.0,0.32,99.68,0,Cellular Bonded
7867,276,82,2026-03-01 00:11:54.013278,41.5,6554.0,0.37,99.63,0,Cellular Bonded
7868,30,93,2025-10-13 08:02:21.408279,36.5,12149.0,0.05,99.95,0,Cellular Bonded
7869,14,74,2025-10-03 21:39:08.997199,1.0,4930.0,0.19,99.81,0,Cellular Bonded
7870,181,92,2026-01-17 21:39:55.617433,33.3,6670.0,0.12,99.88,0,Cellular Bonded
7871,59,36,2026-05-05 00:02:54.586064,46.4,6037.0,0.2,99.8,0,WiFi
7872,259,64,2026-07-09 16:52:37.011609,1.0,3909.0,0.05,99.95,0,Wired IP
7873,150,37,2026-05-22 10:24:07.547492,89.1,9126.0,0.11,99.89,0,Cellular Bonded
7874,44,29,2026-06-23 02:15:55.389873,93.5,4032.0,0.07,99.93,0,WiFi
7875,76,105,2026-03-10 18:53:28.647578,85.0,6734.0,0.21,99.79,0,Satellite Hybrid
7876,296,49,2025-12-23 00:44:58.901917,88.0,7135.0,0.57,99.43,0,Cellular Bonded
7877,148,5,2025-12-29 20:20:19.165549,24.3,8585.0,0.07,99.93,0,Cellular Bonded
7878,40,117,2026-04-05 03:56:27.049651,98.0,13053.0,0.33,99.67,0,WiFi
7879,148,5,2025-09-30 02:30:43.741176,55.9,10041.0,0.31,99.69,0,Wired IP
7880,22,2,2026-01-24 10:36:08.320966,1.0,4109.0,0.58,99.42,0,Wired IP
7881,241,102,2026-02-10 11:41:38.646583,46.5,8686.0,0.25,99.75,0,Cellular Bonded
7882,223,49,2026-02-25 10:23:11.587639,51.6,3090.0,0.1,99.9,0,Cellular Bonded
7883,23,115,2026-07-31 22:02:51.862582,100.0,8837.0,0.1,99.9,0,Cellular Bonded
7884,2,35,2026-06-02 22:38:07.113224,9.3,6810.0,0.16,99.84,0,Wired IP
7885,126,87,2025-10-18 04:14:02.123378,58.1,5237.0,0.15,99.85,0,Cellular Bonded
7886,175,19,2025-11-26 07:31:37.992618,70.0,7560.0,0.77,99.23,0,WiFi
7887,265,33,2026-08-06 09:50:10.815231,126.1,8550.0,0.07,99.93,0,WiFi
7888,77,30,2025-12-01 23:23:22.905138,126.5,6824.0,0.1,99.9,0,WiFi
7889,289,120,2026-08-02 03:28:23.193591,59.2,8050.0,0.29,99.71,0,Cellular Bonded
7890,212,85,2025-09-09 10:19:49.475120,61.8,6315.0,0.15,99.85,0,Cellular Bonded
7891,138,102,2026-08-08 05:31:39.904707,22.5,6749.0,0.14,99.86,0,Cellular Bonded
7892,165,70,2025-10-26 15:58:37.052385,95.5,5727.0,0.36,99.64,0,Cellular Bonded
7893,26,87,2026-06-11 13:49:02.635955,25.8,9905.0,0.32,99.68,0,Cellular Bonded
7894,88,49,2026-02-14 22:37:26.612011,107.5,5541.0,0.14,99.86,0,Cellular Bonded
7895,193,62,2026-02-28 14:40:08.493464,65.8,7674.0,1.39,98.61,0,Cellular Bonded
7896,283,56,2026-02-21 16:22:01.608272,57.5,4336.0,0.37,99.63,0,WiFi
7897,241,102,2025-09-14 14:40:01.752645,14.0,7539.0,0.08,99.92,0,Wired IP
7898,107,12,2026-01-25 00:47:16.382548,96.4,5729.0,0.13,99.87,0,WiFi
7899,286,109,2026-02-20 03:29:21.658525,82.2,1596.0,0.17,99.83,0,Satellite Hybrid
7900,182,58,2026-03-11 13:44:58.535563,112.6,5086.0,0.29,99.71,0,WiFi
7901,9,12,2026-01-07 16:39:33.960779,105.7,7534.0,0.19,99.81,0,Cellular Bonded
7902,270,112,2026-03-27 21:32:16.356795,83.6,15251.0,0.29,99.71,0,WiFi
7903,34,34,2025-11-01 18:34:48.200642,102.8,8543.0,0.39,99.61,0,Cellular Bonded
7904,25,35,2025-08-19 13:15:58.275378,42.3,8175.0,0.21,99.79,0,Wired IP
7905,201,6,2026-03-15 00:05:50.104891,45.9,6668.0,0.45,99.55,0,Cellular Bonded
7906,271,29,2026-03-22 09:11:53.183550,45.4,9306.0,0.3,99.7,0,Cellular Bonded
7907,285,114,2025-08-21 11:21:20.363027,103.8,12415.0,1.17,98.83,0,Cellular Bonded
7908,3,33,2026-07-23 05:23:18.968823,73.2,10537.0,0.98,99.02,0,Cellular Bonded
7909,133,9,2026-02-21 10:18:15.635400,1.0,10457.0,0.03,99.97,0,Satellite Hybrid
7910,91,61,2026-02-18 03:38:57.222639,75.7,11515.0,0.13,99.87,0,Cellular Bonded
7911,243,24,2026-05-08 06:41:13.905372,1.0,5749.0,0.22,99.78,0,Cellular Bonded
7912,128,107,2025-11-20 17:21:42.033398,66.7,4476.0,0.64,99.36,0,Wired IP
7913,194,63,2026-06-25 10:13:19.231197,74.0,5802.0,0.32,99.68,0,WiFi
7914,97,28,2025-12-04 10:09:08.460826,11.3,4008.0,0.32,99.68,0,Cellular Bonded
7915,33,90,2025-11-24 06:10:05.058219,122.7,6303.0,0.32,99.68,0,Cellular Bonded
7916,125,35,2025-09-30 17:10:55.308876,46.1,8269.0,0.72,99.28,0,Wired IP
7917,34,34,2025-11-07 23:33:32.043445,58.4,7320.0,0.45,99.55,0,WiFi
7918,205,32,2026-03-01 00:16:13.795793,73.5,2612.0,0.89,99.11,0,Cellular Bonded
7919,152,83,2025-12-02 18:32:57.773804,26.0,7424.0,1.54,98.46,0,Cellular Bonded
7920,268,77,2026-04-08 17:21:58.971407,48.5,9037.0,0.06,99.94,0,Satellite Hybrid
7921,158,116,2026-07-28 02:56:57.388622,33.4,8425.0,0.67,99.33,0,Wired IP
7922,82,112,2025-11-27 15:08:08.042061,123.5,10500.0,0.02,94.98,1,Cellular Bonded
7923,215,36,2025-10-05 18:40:44.401832,42.3,5986.0,0.57,99.43,0,Cellular Bonded
7924,67,96,2026-07-03 01:23:38.731265,64.3,8453.0,0.29,99.71,0,Cellular Bonded
7925,271,29,2025-09-06 01:05:10.902693,4.2,4533.0,1.35,98.65,0,WiFi
7926,54,64,2026-08-10 23:40:12.154654,48.3,8794.0,0.22,99.78,0,Cellular Bonded
7927,129,75,2026-08-14 11:00:34.622318,39.4,7781.0,0.4,99.6,0,Cellular Bonded
7928,21,46,2025-11-02 21:16:53.816053,26.9,7988.0,0.29,99.71,0,Satellite Hybrid
7929,150,37,2025-09-29 15:36:45.589961,63.4,10039.0,0.09,99.91,0,WiFi
7930,200,117,2026-04-12 00:28:45.220956,3.0,8242.0,0.39,99.61,0,Cellular Bonded
7931,192,92,2026-04-06 04:37:52.833874,109.8,10797.0,0.26,99.74,0,Cellular Bonded
7932,22,2,2026-08-08 03:17:25.640110,64.6,6162.0,0.11,99.89,0,Cellular Bonded
7933,118,53,2025-12-14 17:11:43.887796,40.0,7357.0,0.35,99.65,0,Cellular Bonded
7934,189,1,2026-07-29 17:20:17.818485,38.1,10114.0,0.19,99.81,0,WiFi
7935,96,71,2026-07-06 22:17:28.781638,145.5,8589.0,0.3,99.7,0,Cellular Bonded
7936,12,33,2025-11-22 14:56:59.583277,1.0,11645.0,0.13,99.87,0,WiFi
7937,241,102,2025-10-06 00:17:16.184435,49.4,9711.0,0.49,99.51,0,Cellular Bonded
7938,211,118,2026-07-12 04:00:20.157683,101.6,4263.0,1.12,98.88,0,Cellular Bonded
7939,149,29,2025-12-03 21:17:17.551669,33.8,10729.0,0.65,99.35,0,WiFi
7940,272,13,2026-08-12 21:33:23.922840,52.4,5453.0,0.4,99.6,0,Satellite Hybrid
7941,12,33,2026-04-03 17:41:28.788094,106.3,10228.0,0.03,99.97,0,Cellular Bonded
7942,56,49,2025-08-22 00:54:27.699784,94.7,6433.0,0.02,99.98,0,Cellular Bonded
7943,285,114,2025-12-26 00:05:44.281899,105.1,8680.0,0.29,99.71,0,Cellular Bonded
7944,266,117,2026-05-11 21:23:56.018272,15.3,4523.0,0.24,99.76,0,Cellular Bonded
7945,142,40,2025-11-28 08:04:23.299591,17.4,11179.0,0.44,99.56,0,Cellular Bonded
7946,69,12,2025-11-19 16:24:56.404716,57.2,4763.0,1.18,98.82,0,Cellular Bonded
7947,32,74,2025-08-23 22:43:48.453218,64.6,6938.0,0.1,99.9,0,Satellite Hybrid
7948,175,19,2026-04-15 04:27:18.319339,66.9,11370.0,0.41,94.59,1,WiFi
7949,30,93,2026-07-01 02:04:37.169320,87.0,10350.0,1.49,98.51,0,Cellular Bonded
7950,150,37,2026-07-27 00:24:41.414389,59.8,6633.0,0.73,99.27,0,Cellular Bonded
7951,111,100,2026-03-19 03:39:00.426676,75.3,12252.0,0.92,99.08,0,WiFi
7952,182,58,2026-05-09 00:24:39.107696,96.1,8806.0,0.96,99.04,0,Cellular Bonded
7953,270,112,2026-04-26 10:16:24.097398,35.7,10942.0,0.27,99.73,0,WiFi
7954,162,45,2026-07-29 10:34:44.405716,38.5,13336.0,0.07,99.93,0,Wired IP
7955,63,96,2025-11-20 04:18:45.628630,36.9,7263.0,0.33,99.67,0,Cellular Bonded
7956,114,16,2026-04-03 20:05:41.211277,7.6,9219.0,0.19,99.81,0,Wired IP
7957,53,24,2026-03-26 20:20:07.136819,43.3,9102.0,0.25,99.75,0,WiFi
7958,233,87,2025-11-01 11:52:21.998561,1.0,3472.0,0.03,99.97,0,Cellular Bonded
7959,64,24,2026-01-26 15:41:09.865314,58.2,8715.0,0.34,99.66,0,Cellular Bonded
7960,102,111,2025-12-14 14:34:38.592443,80.3,10255.0,0.07,99.93,0,Cellular Bonded
7961,47,89,2025-10-31 16:14:41.744515,41.2,8188.0,0.2,99.8,0,Cellular Bonded
7962,102,111,2026-04-05 03:22:49.235303,40.2,5634.0,0.16,99.84,0,Cellular Bonded
7963,69,12,2026-06-27 12:33:53.044790,40.2,7159.0,1.23,98.77,0,WiFi
7964,166,31,2026-01-09 14:21:39.762511,53.4,10032.0,0.26,99.74,0,Wired IP
7965,21,46,2026-01-28 01:35:59.613172,144.4,6834.0,0.49,99.51,0,WiFi
7966,18,13,2026-05-11 15:34:29.458935,56.3,7675.0,0.78,99.22,0,Cellular Bonded
7967,43,75,2026-01-23 15:08:01.326826,115.0,8091.0,0.32,99.68,0,Cellular Bonded
7968,259,64,2025-10-11 09:16:18.643679,57.8,5362.0,0.01,99.99,0,Satellite Hybrid
7969,168,61,2026-02-09 02:16:55.641920,21.1,7447.0,0.3,99.7,0,WiFi
7970,49,36,2026-02-15 06:49:04.679368,66.0,9117.0,0.06,99.94,0,WiFi
7971,257,41,2026-02-01 22:25:13.244638,72.8,8210.0,0.31,99.69,0,Cellular Bonded
7972,283,56,2026-06-11 23:08:35.844846,66.8,9354.0,0.01,99.99,0,Cellular Bonded
7973,269,92,2025-10-21 12:37:10.011249,26.9,8403.0,0.67,99.33,0,Cellular Bonded
7974,6,51,2026-03-14 04:28:21.954545,45.7,10691.0,0.69,99.31,0,Cellular Bonded
7975,107,12,2026-07-28 14:25:04.378808,96.8,6077.0,0.41,99.59,0,Cellular Bonded
7976,16,44,2025-10-23 02:15:26.357387,83.4,10052.0,0.05,99.95,0,Satellite Hybrid
7977,172,91,2025-11-29 04:42:01.116720,72.2,9628.0,0.3,99.7,0,Cellular Bonded
7978,58,112,2025-12-09 11:01:23.639495,98.1,10329.0,0.09,99.91,0,WiFi
7979,269,92,2026-07-07 09:23:18.408243,62.4,4306.0,0.48,99.52,0,WiFi
7980,126,87,2026-06-12 15:47:59.078603,51.6,9492.0,0.1,99.9,0,Wired IP
7981,171,39,2026-04-26 03:42:54.745577,89.8,5257.0,1.22,98.78,0,Wired IP
7982,255,92,2025-10-25 19:27:03.271185,146.4,5902.0,0.3,99.7,0,Cellular Bonded
7983,146,27,2025-10-09 15:06:56.157214,78.5,7013.0,0.04,99.96,0,Satellite Hybrid
7984,62,103,2026-01-20 21:21:06.308021,1.0,10438.0,0.06,99.94,0,WiFi
7985,213,75,2026-01-31 08:10:13.465931,134.8,7263.0,0.01,99.99,0,Cellular Bonded
7986,110,85,2026-04-10 17:34:53.678355,88.7,5551.0,0.02,99.98,0,Cellular Bonded
7987,178,45,2026-01-12 04:02:45.529009,1.0,9536.0,0.45,99.55,0,Satellite Hybrid
7988,30,93,2026-05-09 15:20:45.316011,20.0,3806.0,0.61,99.39,0,Cellular Bonded
7989,37,7,2025-10-07 08:31:31.766691,1.0,8199.0,0.68,99.32,0,Cellular Bonded
7990,270,112,2026-05-19 04:20:00.895257,46.5,7002.0,0.54,99.46,0,Cellular Bonded
7991,295,111,2025-08-22 13:00:02.797446,1.2,10371.0,0.08,99.92,0,WiFi
7992,277,115,2025-09-23 15:27:07.152620,126.6,3280.0,0.01,99.99,0,WiFi
7993,119,42,2026-01-05 09:50:52.015311,105.0,5248.0,0.57,99.43,0,Cellular Bonded
7994,245,117,2025-09-27 09:44:19.284708,106.9,5610.0,0.11,99.89,0,WiFi
7995,14,74,2025-08-23 04:27:03.614302,30.8,3889.0,0.04,99.96,0,Cellular Bonded
7996,209,21,2026-06-17 09:50:57.570715,49.8,4800.0,0.19,99.81,0,Cellular Bonded
7997,81,84,2026-07-25 10:23:46.306577,55.5,6629.0,0.55,99.45,0,Cellular Bonded
7998,259,64,2025-10-05 11:44:14.206618,38.2,5766.0,0.01,99.99,0,Wired IP
7999,123,95,2026-05-26 08:41:29.986895,27.6,1033.0,0.07,99.93,0,Wired IP
8000,172,91,2025-11-23 22:38:58.659532,39.6,12453.0,0.84,99.16,0,Wired IP
